Title;Artist;Album
Davy;Danny Wilson;Meet Danny Wilson
Broken China;Danny Wilson;Meet Danny Wilson
Nothing Ever Goes To Plan;Danny Wilson;Meet Danny Wilson
Spencer-Tracey;Danny Wilson;Meet Danny Wilson
I Won't Be Here When You Get Home;Danny Wilson;Meet Danny Wilson
Mary's Prayer;Danny Wilson;Meet Danny Wilson
Lorraine Parade;Danny Wilson;Meet Danny Wilson
Aberdeen;Danny Wilson;Meet Danny Wilson
Five Friendly Aliens;Danny Wilson;Meet Danny Wilson
A Girl I Used To Know;Danny Wilson;Meet Danny Wilson
You Remain An Angel;Danny Wilson;Meet Danny Wilson
Ruby's Golden Wedding;Danny Wilson;Meet Danny Wilson
Steamtrains To The Milky Way;Danny Wilson;Meet Danny Wilson
The Second Summer Of Love;Danny Wilson;Bebop Moptop
I Was Wrong;Danny Wilson;Bebop Moptop
If You Really Love Me (Let Me Go);Danny Wilson;Bebop Moptop
The Ballad Of Me And Shirley Maclaine;Danny Wilson;Bebop Moptop
Never Gonna Be The Same;Danny Wilson;Bebop Moptop
NYC Shanty;Danny Wilson;Bebop Moptop
I Can't Wait;Danny Wilson;Bebop Moptop
Charlie Boy;Danny Wilson;Bebop Moptop
Imaginary Girl;Danny Wilson;Bebop Moptop
Desert Hearts;Danny Wilson;Bebop Moptop
Goodbye Shanty Town;Danny Wilson;Bebop Moptop
If Everything You Said Was True;Danny Wilson;Bebop Moptop
Loneliness;Danny Wilson;Bebop Moptop
A JAckson In Your Kitchen;Gary Clark;Ten Short Songs About Love
Any Sunday Morning;Gary Clark;Ten Short Songs About Love
We Sail On The Stormy Waters;Gary Clark;Ten Short Songs About Love
Sail On;Gary Clark;Ten Short Songs About Love
Freefloating;Gary Clark;Ten Short Songs About Love
Make A Family;Gary Clark;Ten Short Songs About Love
Baby Blue No. 2;Gary Clark;Ten Short Songs About Love
Nancy;Gary Clark;Ten Short Songs About Love
This Is Why, J.;Gary Clark;Ten Short Songs About Love
A Short Song About Love;Gary Clark;Ten Short Songs About Love
St. Jude;Gary Clark;Ten Short Songs About Love
Making People Cry;Gary Clark;Ten Short Songs About Love
Rendezvous In Rio;Michael Franks;Rendezvous In Rio
Scatsville;Michael Franks;Rendezvous In Rio
Samba Do Soho;Michael Franks;Rendezvous In Rio
The Question Is Why;Michael Franks;Rendezvous In Rio
"Hearing ""take Five""";Michael Franks;Rendezvous In Rio
The Chemistry Of Love;Michael Franks;Rendezvous In Rio
The Cool School;Michael Franks;Rendezvous In Rio
Under The Sun;Michael Franks;Rendezvous In Rio
Songbirds;Michael Franks;Rendezvous In Rio
The Critics Are Never Kind;Michael Franks;Rendezvous In Rio
Let Me Count the Ways (Album Version);Michael Franks;Skin Dive
When I Give My Love to You (with Brenda Russell) (Album Version);Michael Franks;Skin Dive
Don't Be Shy (Album Version);Michael Franks;Skin Dive
Queen of the Underground (Album Version);Michael Franks;Skin Dive
When She Is Mine (Album Version);Michael Franks;Skin Dive
Now I Know Why  (They Call It Falling   Album Version);Michael Franks;Skin Dive
Please Don't Say Goodnight (Album Version);Michael Franks;Skin Dive
Your Secret's Safe with Me (Album Version);Michael Franks;Skin Dive
Read My Lips (Album Version);Michael Franks;Skin Dive
He Tells Himself He's Happy (Album Version);Michael Franks;One Bad Habit
Baseball (Album Version);Michael Franks;One Bad Habit
Lotus Blossom (Album Version);Michael Franks;One Bad Habit
Loving You More and More (Album Version);Michael Franks;One Bad Habit
Inside You (Album Version);Michael Franks;One Bad Habit
All Dressed up with Nowhere to Go (Album Version);Michael Franks;One Bad Habit
On My Way Home to You (Album Version);Michael Franks;One Bad Habit
Still Life (Album Version);Michael Franks;One Bad Habit
One Bad Habit (Album Version);Michael Franks;One Bad Habit
Cinema (Album Version);Michael Franks;Abandoned Garden
Bird of Paradise (Album Version);Michael Franks;Abandoned Garden
This Must Be Paradise (Album Version);Michael Franks;Abandoned Garden
Hourglass (Album Version);Michael Franks;Abandoned Garden
Without Your Love (Album Version);Michael Franks;Abandoned Garden
A Fool's Errand (Album Version);Michael Franks;Abandoned Garden
In the Yellow House (Album Version);Michael Franks;Abandoned Garden
Somehow Our Love Survives (Album Version);Michael Franks;Abandoned Garden
Abandoned Garden (Album Version);Michael Franks;Abandoned Garden
Eighteen Aprils (Album Version);Michael Franks;Abandoned Garden
Like Water, Like Wind (Album Version);Michael Franks;Abandoned Garden
In Search of the Perfect Shampoo (Album Version);Michael Franks;Burchfield Nines
Burchfield Nines (Album Version);Michael Franks;Burchfield Nines
When the Cookie Jar Is Empty (Album Version);Michael Franks;Burchfield Nines
Vivaldi's Song (Album Version);Michael Franks;Burchfield Nines
Meet Me in the Deerpark (Album Version);Michael Franks;Burchfield Nines
A Robinsong (Album Version);Michael Franks;Burchfield Nines
Wrestle a Live Nude Girl (Album Version);Michael Franks;Burchfield Nines
Dear Little Nightengale;Michael Franks;Burchfield Nines
Learning What Love Means (Album Version);Michael Franks;Dragonfly Summer
I Love Lucy (Album Version);Michael Franks;Dragonfly Summer
Keeping My Eye on You (Album Version);Michael Franks;Dragonfly Summer
String of Pearls (Album Version);Michael Franks;Dragonfly Summer
Coming to Life (Album Version);Michael Franks;Dragonfly Summer
How I Remember You (Album Version);Michael Franks;Dragonfly Summer
You Were Meant for Me (Album Version);Michael Franks;Dragonfly Summer
Dragonfly Summer (Album Version);Michael Franks;Dragonfly Summer
Soul Mate (Album Version);Michael Franks;Dragonfly Summer
The Dream (Album Version);Michael Franks;Dragonfly Summer
Practice Makes Perfect (Album Version);Michael Franks;Dragonfly Summer
Monk's New Tune (Album Version);Michael Franks;Dragonfly Summer
Double Talk;Michael Franks;Barefoot On The Beach
When You Smiled At Me;Michael Franks;Barefoot On The Beach
Now Love Has No End (featuring Valerie Simpson);Michael Franks;Barefoot On The Beach
Every Time She Whispers;Michael Franks;Barefoot On The Beach
The Fountain of Youth;Michael Franks;Barefoot On The Beach
Heart Like An Open Book;Michael Franks;Barefoot On The Beach
Barefoot On The Beach;Michael Franks;Barefoot On The Beach
Like Moon Behind A Cloud;Michael Franks;Barefoot On The Beach
Mr. Smooth;Michael Franks;Barefoot On The Beach
A Walk In The Rain;Michael Franks;Barefoot On The Beach
Why Spring Ain't Here;Michael Franks;Barefoot On The Beach
Charlie Chan In Egypt;Michael Franks;Time Together
If I Could Make September Stay;Michael Franks;Time Together
Summer In New York;Michael Franks;Time Together
Mice;Michael Franks;Time Together
Feathers From An Angel's Wings;Michael Franks;Time Together
Now That The Summer's Here;Michael Franks;Time Together
One Day In St. Tropez;Michael Franks;Time Together
Time Together;Michael Franks;Time Together
My Heart Said Wow;Michael Franks;Time Together
Samba Blue;Michael Franks;Time Together
I'd Rather Be Happy Than Right;Michael Franks;Time Together
Long Slow Distance (Album Version);Michael Franks;Blue Pacific
Vincent's Ear (Album Verson);Michael Franks;Blue Pacific
Chez Nous (Album Version);Michael Franks;Blue Pacific
Speak To Me (Album Verson);Michael Franks;Blue Pacific
Crayon Sun [Safe At Home] (Album Verson);Michael Franks;Blue Pacific
Woman In The Waves (Album Verson);Michael Franks;Blue Pacific
All I Need (Album Verson);Michael Franks;Blue Pacific
On The Inside (Album Verson);Michael Franks;Blue Pacific
The Art Of Love (Album Verson);Michael Franks;Blue Pacific
Blue Pacific (Album Version);Michael Franks;Blue Pacific
Amazon (LP Version);Michael Franks;Passion Fruit
Rainy Night in Tokyo (LP Version);Michael Franks;Passion Fruit
Alone at Night (LP Version);Michael Franks;Passion Fruit
Never Satisfied (LP Version);Michael Franks;Passion Fruit
Tell Me All About It (LP Version);Michael Franks;Passion Fruit
Sunday Morning Here with You (LP Version);Michael Franks;Passion Fruit
How the Garden Grows (LP Version);Michael Franks;Passion Fruit
Now That Your Joystick's Broke (LPVersion);Michael Franks;Passion Fruit
When Sly Calls (Don't Touch That Phone) (LP Version);Michael Franks;Passion Fruit
Never Say Die (LP Version);Michael Franks;Passion Fruit
Lifeline (Album Version);Michael Franks;Tiger In The Rain
Living on the Inside (Album Version);Michael Franks;Tiger In The Rain
Tiger in the Rain (Album Version);Michael Franks;Tiger In The Rain
Satisfaction Guaranteed (Album Version);Michael Franks;Tiger In The Rain
Sanpaku (Album Version);Michael Franks;Tiger In The Rain
Underneath the Apple Tree (Album Version);Michael Franks;Tiger In The Rain
Jardin Botanico;Michael Franks;Tiger In The Rain
When It's Over (Album Version);Michael Franks;Tiger In The Rain
Hideaway (Album Version);Michael Franks;Tiger In The Rain
Jealousy (Album Version);Michael Franks;Objects Of Desire
No-Deposit Love (Album Version);Michael Franks;Objects Of Desire
No One but You (Album Version);Michael Franks;Objects Of Desire
Wonderland (Album Version);Michael Franks;Objects Of Desire
Laughing Gas (Album Version);Michael Franks;Objects Of Desire
Flirtation (Album Version);Michael Franks;Objects Of Desire
Ladies' Nite (Album Version);Michael Franks;Objects Of Desire
Tahitian Moon (Album Version);Michael Franks;Objects Of Desire
Love Duet (Album Version);Michael Franks;Objects Of Desire
I Bought You A Plastic Star (For Your Aluminum Tree);Michael Franks;Watching The Snow
Said The Snowflake;Michael Franks;Watching The Snow
My Present;Michael Franks;Watching The Snow
Christmas In Kyoto;Michael Franks;Watching The Snow
Island Christmas;Michael Franks;Watching The Snow
Watching The Snow;Michael Franks;Watching The Snow
The Way We Celebrate New Year's;Michael Franks;Watching The Snow
The Kiss;Michael Franks;Watching The Snow
When The Snowman Sings;Michael Franks;Watching The Snow
My Present (Prerise);Michael Franks;Watching The Snow
The Idea Of A Tree;Michael Franks;The Music in My Head
To Spend The Day With You;Michael Franks;The Music in My Head
Bebop Headshop;Michael Franks;The Music in My Head
As Long As We're Both Together;Michael Franks;The Music in My Head
Bluebird Blue;Michael Franks;The Music in My Head
Candleglow;Michael Franks;The Music in My Head
Waterfall;Michael Franks;The Music in My Head
Suddenly Sci-Fi;Michael Franks;The Music in My Head
Where You Hid The Truth;Michael Franks;The Music in My Head
The Music In My Head;Michael Franks;The Music in My Head
St. Elmo's Fire;Michael Franks;The Art Of Tea
Mr. Blue (LP Version);Michael Franks;The Art Of Tea
Popsicle Toes (Album Version);Michael Franks;The Art Of Tea
I Don't Know Why I'm so Happy I'm Sad;Michael Franks;The Art Of Tea
Eggplant (Album Version);Michael Franks;The Art Of Tea
Monkey See-Monkey Do (LP Version);Michael Franks;The Art Of Tea
Nightmoves (LP Version);Michael Franks;The Art Of Tea
Sometimes I Just Forget to Smile (LP Version);Michael Franks;The Art Of Tea
Jive (LP Version);Michael Franks;The Art Of Tea
I Surrender (Album Version);Michael Franks;The Camera Never Lies
Face to Face  (For P.Y.   Album Version);Michael Franks;The Camera Never Lies
Now You're in My Dreams (Album Version);Michael Franks;The Camera Never Lies
The Camera Never Lies (Album Version);Michael Franks;The Camera Never Lies
When I Think of Us (Album Version);Michael Franks;The Camera Never Lies
Innuendo (Album Version);Michael Franks;The Camera Never Lies
Doctor Sax (Album Version);Michael Franks;The Camera Never Lies
Island Life (Album Version);Michael Franks;The Camera Never Lies
Lip Service (Album Version);Michael Franks;The Camera Never Lies
B'wana-He No Home (Album Version);Michael Franks;Sleeping Gypsy
In the Eye of the Storm (Album Version);Michael Franks;Sleeping Gypsy
I Really Hope It's You (Album Version);Michael Franks;Sleeping Gypsy
Don't Be Blue (Album Version);Michael Franks;Sleeping Gypsy
Antonio's Song  (The Rainbow   Album Version);Michael Franks;Sleeping Gypsy
Chain Reaction (Album Version);Michael Franks;Sleeping Gypsy
Down in Brazil (Album Version);Michael Franks;Sleeping Gypsy
The Lady Wants to Know (Album Version);Michael Franks;Sleeping Gypsy
I Must Have Been a Fool;Al Jarreau;Heart's Horizon
Heart's Horizon (Album Version);Al Jarreau;Heart's Horizon
All of My Love;Al Jarreau;Heart's Horizon
One Way;Al Jarreau;Heart's Horizon
All or Nothing at All;Al Jarreau;Heart's Horizon
Way to Your Heart;Al Jarreau;Heart's Horizon
Killer Love;Al Jarreau;Heart's Horizon
10k Hi;Al Jarreau;Heart's Horizon
Pleasure over Pain;Al Jarreau;Heart's Horizon
More Love;Al Jarreau;Heart's Horizon
Yo' Jeans;Al Jarreau;Heart's Horizon
So Good;Al Jarreau;Heart's Horizon
Lock All the Gates;Al Jarreau;We Got By
You Don't See Me;Al Jarreau;We Got By
Aladdin's Lamp;Al Jarreau;We Got By
Raggedy Ann;Al Jarreau;We Got By
Susan's Song;Al Jarreau;We Got By
Spirit;Al Jarreau;We Got By
Letter Perfect;Al Jarreau;We Got By
Sweet Potato Pie;Al Jarreau;We Got By
We Got By;Al Jarreau;We Got By
Fallin';Al Jarreau;High Crime
Love Speaks Louder Than Words;Al Jarreau;High Crime
Let's Pretend;Al Jarreau;High Crime
High Crime;Al Jarreau;High Crime
Imagination;Al Jarreau;High Crime
After All;Al Jarreau;High Crime
Raging Waters;Al Jarreau;High Crime
Tell Me;Al Jarreau;High Crime
Sticky Wicket;Al Jarreau;High Crime
Murphy's Law;Al Jarreau;High Crime
Your Sweet Love;Al Jarreau;This Time
(A Rhyme) This Time;Al Jarreau;This Time
Distracted;Al Jarreau;This Time
Alonzo;Al Jarreau;This Time
Never Givin' Up;Al Jarreau;This Time
Gimme What You Got;Al Jarreau;This Time
Love Is Real;Al Jarreau;This Time
Spain (I Can Recall);Al Jarreau;This Time
(If I Could Only) Change Your Mind;Al Jarreau;This Time
What You Do to Me;Al Jarreau;Heaven and Earth
Blue Angel;Al Jarreau;Heaven and Earth
It's Not Hard to Love You;Al Jarreau;Heaven and Earth
Whenever I Hear Your Name;Al Jarreau;Heaven and Earth
"Blue In Green (Tapestry) Part I - ""The Dedication""";Al Jarreau;Heaven and Earth
If I Break;Al Jarreau;Heaven and Earth
Love of My Life;Al Jarreau;Heaven and Earth
Heaven and Earth;Al Jarreau;Heaven and Earth
"Blue In Green (Tapestry) Part II - ""The Dance""";Al Jarreau;Heaven and Earth
Superfine Love;Al Jarreau;Heaven and Earth
Drop Me off in Harlem;Al Jarreau;Ellington
In a Mellow Tone;Al Jarreau;Ellington
Lush Life;Al Jarreau;Ellington
Satin Doll;Al Jarreau;Ellington
I Let a Song Go out of My Heart;Al Jarreau;Ellington
I Got It Bad (And That Ain't Good);Al Jarreau;Ellington
"Take the ""A"" Train";Al Jarreau;Ellington
I'm Beginning to See the Light;Al Jarreau;Ellington
Sophisticated Lady;Al Jarreau;Ellington
I Ain't Got Nothing but the Blues;Al Jarreau;Ellington
Come Sunday;Al Jarreau;Ellington
I Do (LP Version);Al Jarreau;All Fly Home
Wait a Little While (LP Version);Al Jarreau;All Fly Home
I'm Home (LP Version);Al Jarreau;All Fly Home
(Sittin' On) The Dock of the Bay (LP Version);Al Jarreau;All Fly Home
Fly (LP Version);Al Jarreau;All Fly Home
Brite N' Sunny Babe (LP Version);Al Jarreau;All Fly Home
All (LP Version);Al Jarreau;All Fly Home
She's Leaving Home (LP Version);Al Jarreau;All Fly Home
Thinkin' About It Too (LP Version);Al Jarreau;All Fly Home
Teach Me Tonight  (Live in London 1984);Al Jarreau;Live in London
Roof Garden  (Live in London 1984);Al Jarreau;Live in London
Raging Waters  (Live in London 1984);Al Jarreau;Live in London
I Will Be Here for You (Nitakungodea Milele)  (Live in London 1984);Al Jarreau;Live in London
High Crime  (Live in London 1984);Al Jarreau;Live in London
We're in This Love Together  (Live in London 1984);Al Jarreau;Live in London
Let's Pretend  (Live in London 1984);Al Jarreau;Live in London
Black and Blues  (Live in London 1984);Al Jarreau;Live in London
Save Me (Album Version);Al Jarreau;Jarreau
Not Like This (Album Version);Al Jarreau;Jarreau
Mornin' (Album Version);Al Jarreau;Jarreau
Love Is Waiting (Album Version);Al Jarreau;Jarreau
Black and Blues (Album Version);Al Jarreau;Jarreau
I Keep Callin' (Album Version);Al Jarreau;Jarreau
I Will Be Here for You (Nitakungodea Milele) (Album Version);Al Jarreau;Jarreau
Boogie Down (Album Version);Al Jarreau;Jarreau
Step by Step (Album Version);Al Jarreau;Jarreau
Trouble in Paradise (Album Version);Al Jarreau;Jarreau
Oh Come All Ye Faithful;Al Jarreau;Christmas
Christmas in Kilarney;Al Jarreau;Christmas
Carol of the Bells;Al Jarreau;Christmas
Some Children See Him;Al Jarreau;Christmas
Winter Wonderland;Al Jarreau;Christmas
By My Christmas Tree;Al Jarreau;Christmas
Hark the Herald Angels Sing;Al Jarreau;Christmas
White Christmas;Al Jarreau;Christmas
Up on the Housetop;Al Jarreau;Christmas
Gloria in Excelsis;Al Jarreau;Christmas
The Little Christmas Tree;Al Jarreau;Christmas
Have Yourself a Merry Little Christmas;Al Jarreau;Christmas
The Christmas Song;Al Jarreau;Christmas
Christmas Time Is Here;Al Jarreau;Christmas
I'll Be Home for Christmas;Al Jarreau;Christmas
Fire and Rain;Al Jarreau;Glow
Milwaukee;Al Jarreau;Glow
Your Song;Al Jarreau;Glow
Somebody's Watching You;Al Jarreau;Glow
Hold on Me;Al Jarreau;Glow
Have You Seen the Child;Al Jarreau;Glow
Agua De Beber;Al Jarreau;Glow
Glow;Al Jarreau;Glow
Rainbow in Your Eyes;Al Jarreau;Glow
Churchyheart (Backyard Ritual);Marcus Miller;My Old Friend: Celebrating George Duke
Every Reason To Smile / Wings Of Love;Jeffrey Osborne;My Old Friend: Celebrating George Duke
You Touch My Brain;Dr. John;My Old Friend: Celebrating George Duke
Sweet Baby;Lalah Hathaway;My Old Friend: Celebrating George Duke
No Rhyme, No Reason;Kelly Price;My Old Friend: Celebrating George Duke
My Old Friend;Gerald Albright;My Old Friend: Celebrating George Duke
Someday;Dianne Reeves;My Old Friend: Celebrating George Duke
Brazilian Love Affair / Up From The Sea It Arose and Ate Rio In One Swift Bite;Dianne Reeves;My Old Friend: Celebrating George Duke
Bring Me Joy;George Duke;My Old Friend: Celebrating George Duke
SomeBossa (Summer Breezin’);Gerald Albright;My Old Friend: Celebrating George Duke
Through It All (Album Version);Al Jarreau;Tomorrow Today
Something That You Said (Album Version);Al Jarreau;Tomorrow Today
Puddit  (Put It Where You Want It) (Album Version);Al Jarreau;Tomorrow Today
It's How You Say It (Album Version);Al Jarreau;Tomorrow Today
God's Gift to the World (Album Version);Al Jarreau;Tomorrow Today
In My Music (Album Version);Al Jarreau;Tomorrow Today
Let Me Love You (Album Version);Al Jarreau;Tomorrow Today
Last Night (Album Version);Al Jarreau;Tomorrow Today
Flame (Album Version);Al Jarreau;Tomorrow Today
Just To Be Loved (Album Version);Al Jarreau;Tomorrow Today
Tomorrow Today (Album Version);Al Jarreau;Tomorrow Today
Roof Garden;Al Jarreau;Breakin' Away
Easy;Al Jarreau;Breakin' Away
Breakin' Away;Al Jarreau;Breakin' Away
Teach Me Tonight;Al Jarreau;Breakin' Away
My Old Friend;Al Jarreau;Breakin' Away
(Round, Round, Round) Blue Rondo a La Turk;Al Jarreau;Breakin' Away
Closer to Your Love;Al Jarreau;Breakin' Away
Our Love;Al Jarreau;Breakin' Away
We're in This Love Together;Al Jarreau;Breakin' Away
(We Got) Telepathy;Al Jarreau;L Is for Lover
No Ordinary Romance;Al Jarreau;L Is for Lover
Give a Little More Lovin';Al Jarreau;L Is for Lover
Says;Al Jarreau;L Is for Lover
Tell Me What I Gotta Do;Al Jarreau;L Is for Lover
L Is for Lover;Al Jarreau;L Is for Lover
Across the Midnight Sky;Al Jarreau;L Is for Lover
Pleasure;Al Jarreau;L Is for Lover
Golden Girl;Al Jarreau;L Is for Lover
Real Tight;Al Jarreau;L Is for Lover
Take Five (Live at the Childe Harold);Al Jarreau;Wow (Live at the Childe Harold)
Intro to Take Five (Live at the Childe Harold);Al Jarreau;Wow (Live at the Childe Harold)
Lock All the Gates (Live at the Childe Harold);Al Jarreau;Wow (Live at the Childe Harold)
Aladdin's Lamp (Live at the Childe Harold);Al Jarreau;Wow (Live at the Childe Harold)
Rainbow in Your Eyes (Live at the Childe Harold);Al Jarreau;Wow (Live at the Childe Harold)
Fire and Rain (Live at the Childe Harold);Al Jarreau;Wow (Live at the Childe Harold)
Gimme That Wine (Live at the Childe Harold);Al Jarreau;Wow (Live at the Childe Harold)
Shiny Stockings (Live at the Childe Harold);Al Jarreau;Wow (Live at the Childe Harold)
Letter Perfect (Live at the Childe Harold);Al Jarreau;Wow (Live at the Childe Harold)
We Got By (Live at the Childe Harold);Al Jarreau;Wow (Live at the Childe Harold)
You Don't See Me (Live at the Childe Harold);Al Jarreau;Wow (Live at the Childe Harold)
Trains, Boats, Planes;It's Immaterial;Life's Hard And Then You Die
Driving Away From Home (Wicked Weather For Walking);It's Immaterial;Life's Hard And Then You Die
Kissing With Lord Herbert;It's Immaterial;Life's Hard And Then You Die
Washing The Air (Rub A Dub Mix);It's Immaterial;Life's Hard And Then You Die
Ed's Funky Diner (Friday Night, Saturday Morning);It's Immaterial;Life's Hard And Then You Die
Festival Time;It's Immaterial;Life's Hard And Then You Die
We'll Turn Things Upside Down (The Enthusiast's Song);It's Immaterial;Life's Hard And Then You Die
Hereby Hangs A Tale;It's Immaterial;Life's Hard And Then You Die
Ed's Funky Diner;It's Immaterial;Life's Hard And Then You Die
Washing The Air (Single Version);It's Immaterial;Life's Hard And Then You Die
Driving Away From Home (4 Track Demo);It's Immaterial;Life's Hard And Then You Die
Only The Lonely;It's Immaterial;Life's Hard And Then You Die
A Crooked Tune;It's Immaterial;Life's Hard And Then You Die
Driving Away From Home (Jim's Tune) (Single Version);It's Immaterial;Life's Hard And Then You Die
Space;It's Immaterial;Life's Hard And Then You Die
Space (Version);It's Immaterial;Life's Hard And Then You Die
Happy Talk;It's Immaterial;Life's Hard And Then You Die
Driving Away From Home (Dead Man's Curve);It's Immaterial;Life's Hard And Then You Die
Ed's Funky Diner (The Keinholz Caper);It's Immaterial;Life's Hard And Then You Die
The Better Idea;It's Immaterial;Life's Hard And Then You Die
Driving Away From Home (Jim's Tune);It's Immaterial;Life's Hard And Then You Die
We'll Turn Things Upside Down (When The Revolution Comes);It's Immaterial;Life's Hard And Then You Die
Space, He Called From The Kitchen . . .;It's Immaterial;Life's Hard And Then You Die
Jazz Bo's Holiday Transatlantique;It's Immaterial;Life's Hard And Then You Die
Hang On Sleepy Town;It's Immaterial;Life's Hard And Then You Die
Rope;It's Immaterial;Life's Hard And Then You Die
The Sweet Life;It's Immaterial;Life's Hard And Then You Die
Rope (Extended Mix);It's Immaterial;Life's Hard And Then You Die
Space (Remix);It's Immaterial;Life's Hard And Then You Die
Lullaby;It's Immaterial;Life's Hard And Then You Die
I Can't Sleep;It's Immaterial;House for Sale
Summer Rain;It's Immaterial;House for Sale
Tell Me Why;It's Immaterial;House for Sale
Kind Words;It's Immaterial;House for Sale
How Can I Tell You;It's Immaterial;House for Sale
Just North of Here;It's Immaterial;House for Sale
Downriver;It's Immaterial;House for Sale
Up on the Roof;It's Immaterial;House for Sale
In My Dreams;It's Immaterial;House for Sale
The Gift of Rain;It's Immaterial;House for Sale
Missing;It's Immaterial;Song
Life On The Hill;It's Immaterial;Song
Homecoming;It's Immaterial;Song
Endless Holiday;It's Immaterial;Song
New Brighton;It's Immaterial;Song
Your Voice;It's Immaterial;Song
Heaven Knows;It's Immaterial;Song
In The Neighbourhood;It's Immaterial;Song
Summer Winds;It's Immaterial;Song
An Ordinary Life;It's Immaterial;Song
The Letter;Laurie Anderson;Amelia
The Badlands;Laurie Anderson;Amelia
This Modern World;Laurie Anderson;Amelia
The Word for Woman Here;Laurie Anderson;Amelia
The Wrong Way (feat. ANOHNI);Laurie Anderson;Amelia
Aloft (feat. ANOHNI);Laurie Anderson;Amelia
Radio (feat. ANOHNI);Laurie Anderson;Amelia
I See Something Shining (feat. ANOHNI);Laurie Anderson;Amelia
Broken Chronometers;Laurie Anderson;Amelia
Take-off;Laurie Anderson;Amelia
Waves of Sand;Laurie Anderson;Amelia
Road to Mandalay;Laurie Anderson;Amelia
India And On Down to Australia (feat. ANOHNI);Laurie Anderson;Amelia
Lucky Dime;Laurie Anderson;Amelia
Howland Island;Laurie Anderson;Amelia
Nothing But Silt;Laurie Anderson;Amelia
Crossing the Equator (feat. ANOHNI);Laurie Anderson;Amelia
Brazil;Laurie Anderson;Amelia
To Circle the World;Laurie Anderson;Amelia
San Juan;Laurie Anderson;Amelia
Fly Into the Sun;Laurie Anderson;Amelia
Flying at Night;Laurie Anderson;Amelia
Amazing Grace;Daniel Lanois;Acadie
Ice;Daniel Lanois;Acadie
Still Water;Daniel Lanois;Acadie
White Mustang II;Daniel Lanois;Acadie
Jolie Louise;Daniel Lanois;Acadie
St. Ann's Gold;Daniel Lanois;Acadie
Silium's Hill;Daniel Lanois;Acadie
The Maker;Daniel Lanois;Acadie
Under a Stormy Sky;Daniel Lanois;Acadie
Where the Hawkwind Kills;Daniel Lanois;Acadie
Fisherman's Daughter;Daniel Lanois;Acadie
O Marie;Daniel Lanois;Acadie
Canadian National;Daniel Lanois;Belladonna Nocturne
Snow Lake;Daniel Lanois;Belladonna Nocturne
Silver Orchestra 2;Daniel Lanois;Belladonna Nocturne
Inside The Walls of Puebla;Daniel Lanois;Belladonna Nocturne
Early Days;Daniel Lanois;Belladonna Nocturne
Marionette;Daniel Lanois;Belladonna Nocturne
Temple Drums;Daniel Lanois;Belladonna Nocturne
At The Foot of The Skyway Bridge;Daniel Lanois;Belladonna Nocturne
Advent;Daniel Lanois;Belladonna Nocturne
Steel Mill;Daniel Lanois;Belladonna Nocturne
Warp Sustain;Daniel Lanois;Belladonna Nocturne
Cap Nègre;Daniel Lanois;Belladonna Nocturne
The Crossing;Daniel Lanois;Belladonna Nocturne
The Black Sea;Daniel Lanois;Belladonna Nocturne
Rocky World (Album Version);Daniel Lanois;For The Beauty Of Wynona
The Collection of Marie Claire (Album Version);Daniel Lanois;For The Beauty Of Wynona
Waiting (Album Version);Daniel Lanois;For The Beauty Of Wynona
Sleeping in the Devil's Bed (Album Version);Daniel Lanois;For The Beauty Of Wynona
The Messenger (Album Version);Daniel Lanois;For The Beauty Of Wynona
Beatrice (Album Version);Daniel Lanois;For The Beauty Of Wynona
The Unbreakable Chain (Album Version);Daniel Lanois;For The Beauty Of Wynona
Death of a Train (Album Version);Daniel Lanois;For The Beauty Of Wynona
Lotta Love to Give (Album Version);Daniel Lanois;For The Beauty Of Wynona
Indian Red (Album Version);Daniel Lanois;For The Beauty Of Wynona
Still Learning How to Crawl (Album Version);Daniel Lanois;For The Beauty Of Wynona
Brother L.A. (Album Version);Daniel Lanois;For The Beauty Of Wynona
For the Beauty of Wynona (Album Version);Daniel Lanois;For The Beauty Of Wynona
Practical Arrangement;Sting;The Last Ship (Version Deluxe)
I Love Her But She Loves Someone Else;Sting;The Last Ship (Version Deluxe)
August Winds;Sting;The Last Ship (Version Deluxe)
Show Some Respect;Sting;The Last Ship (Version Deluxe)
The Last Ship (Reprise);Sting;The Last Ship (Version Deluxe)
Ballad Of The Great Eastern;Sting;The Last Ship (Version Deluxe)
Shipyard;Sting;The Last Ship (Version Deluxe)
The Last Ship;Sting;The Last Ship (Version Deluxe)
What Have We Got?;Sting;The Last Ship (Version Deluxe)
Hadaway;Sting;The Last Ship (Version Deluxe)
Language Of Birds;Sting;The Last Ship (Version Deluxe)
So To Speak;Sting;The Last Ship (Version Deluxe)
It's Not The Same Moon;Sting;The Last Ship (Version Deluxe)
And Yet;Sting;The Last Ship (Version Deluxe)
Sky Hooks And Tartan Paint;Sting;The Last Ship (Version Deluxe)
The Night The Pugilist Learned How To Dance;Sting;The Last Ship (Version Deluxe)
Dead Man's Boots;Sting;The Last Ship (Version Deluxe)
Brand New Day (Album Version);Sting;Brand New Day
Big Lie Small World (Album Version);Sting;Brand New Day
Prelude To The End Of The Game (Album Version);Sting;Brand New Day
Tomorrow We'll See (Album Version);Sting;Brand New Day
After The Rain Has Fallen (Album Version);Sting;Brand New Day
A Thousand Years (Album Version);Sting;Brand New Day
Ghost Story (Album Version);Sting;Brand New Day
Fill Her Up (Album Version);Sting;Brand New Day
Perfect Love...Gone Wrong (Album Version);Sting;Brand New Day
Desert Rose (Album Version);Sting;Brand New Day
Let Your Soul Be Your Pilot;Sting;Mercury Falling
I Hung My Head;Sting;Mercury Falling
All Four Seasons;Sting;Mercury Falling
Twenty Five To Midnight;Sting;Mercury Falling
I'm So Happy I Can't Stop Crying;Sting;Mercury Falling
Lithium Sunset;Sting;Mercury Falling
The Hounds Of Winter;Sting;Mercury Falling
Valparaiso;Sting;Mercury Falling
La Belle Dame Sans Regrets;Sting;Mercury Falling
You Still Touch Me;Sting;Mercury Falling
I Was Brought To My Senses;Sting;Mercury Falling
The Lazarus Heart;Sting;...Nothing Like The Sun
Fragile (dj MONK's Radio Edit Version);Sting;...Nothing Like The Sun
The Secret Marriage;Sting;...Nothing Like The Sun
We'll Be Together (Alternate Version);Sting;...Nothing Like The Sun
Up From The Skies;Sting;...Nothing Like The Sun
Be Still My Beating Heart;Sting;...Nothing Like The Sun
"Fragile (from ""...all this time"") (Bedroom Rockers Remix Version)";Sting;...Nothing Like The Sun
We'll Be Together;Sting;...Nothing Like The Sun
Englishman In New York;Sting;...Nothing Like The Sun
Little Wing;Sting;...Nothing Like The Sun
Conversation With A Dog;Sting;...Nothing Like The Sun
If You There;Sting;...Nothing Like The Sun
Englishman In New York (The Ben Liebrand Mix / Edit);Sting;...Nothing Like The Sun
Sister Moon;Sting;...Nothing Like The Sun
History Will Teach Us Nothing;Sting;...Nothing Like The Sun
Fragile (dj MONK's Hard Rain Dub Version);Sting;...Nothing Like The Sun
Ghost In The Strand;Sting;...Nothing Like The Sun
Fragile;Sting;...Nothing Like The Sun
Fragile (dj MONK's Extended Vocal Remix Version);Sting;...Nothing Like The Sun
Rock Steady;Sting;...Nothing Like The Sun
We'll Be Together (Extended Mix);Sting;...Nothing Like The Sun
Englishman In New York (Ben Liebrand Mix);Sting;...Nothing Like The Sun
Someone To Watch Over Me;Sting;...Nothing Like The Sun
They Dance Alone (Gueca Solo);Sting;...Nothing Like The Sun
We'll Be Together (Instrumental);Sting;...Nothing Like The Sun
Straight To My Heart;Sting;...Nothing Like The Sun
History Will Teach Us Nothing;Sting;...Nothing Like The Sun
The Lazarus Heart;Sting;...Nothing Like The Sun
We'll Be Together;Sting;...Nothing Like The Sun
The Secret Marriage;Sting;...Nothing Like The Sun
Englishman In New York;Sting;...Nothing Like The Sun
Fragile;Sting;...Nothing Like The Sun
Rock Steady;Sting;...Nothing Like The Sun
Straight To My Heart;Sting;...Nothing Like The Sun
Be Still My Beating Heart;Sting;...Nothing Like The Sun
They Dance Alone (Gueca Solo);Sting;...Nothing Like The Sun
Sister Moon;Sting;...Nothing Like The Sun
Little Wing;Sting;...Nothing Like The Sun
Children's Crusade;Sting;The Dream Of The Blue Turtles
The Dream Of The Blue Turtles;Sting;The Dream Of The Blue Turtles
Love Is The Seventh Wave;Sting;The Dream Of The Blue Turtles
Consider Me Gone;Sting;The Dream Of The Blue Turtles
Shadows In The Rain;Sting;The Dream Of The Blue Turtles
If You Love Somebody Set Them Free (Edit);Sting;The Dream Of The Blue Turtles
We Work The Black Seam;Sting;The Dream Of The Blue Turtles
Russians;Sting;The Dream Of The Blue Turtles
Fortress Around Your Heart (Album Version);Sting;The Dream Of The Blue Turtles
Moon Over Bourbon Street;Sting;The Dream Of The Blue Turtles
Driven To Tears (Live In Paris, 1985);Sting;Bring On The Night
Consider Me Gone (Live In Paris, 1985);Sting;Bring On The Night
Bring On The Night / When The World Is Running Down You Make The Best Of What's (Still Around) (Live In Paris, 1985);Sting;Bring On The Night
Low Life (Live In Rome, 1985);Sting;Bring On The Night
The Dream Of The Blue Turtles / Demolition Man (Live In Paris, 1985);Sting;Bring On The Night
We Work The Black Seam (Live In Paris, 1985);Sting;Bring On The Night
Moon Over Bourbon Street (Live In Amhem, 1985);Sting;Bring On The Night
Children's Crusade (Live Arnhem);Sting;Bring On The Night
One World (Not Three) / Love Is The Seventh Wave (Live In Paris, 1985);Sting;Bring On The Night
Down So Long (Live In Arnhem);Sting;Bring On The Night
Another Day (Live In Rome, 1985);Sting;Bring On The Night
Tea In The Sahara (Live Arnhem);Sting;Bring On The Night
I Burn For You (Live In Arnhem);Sting;Bring On The Night
The Wild Wild Sea;Sting;The Soul Cages
The Soul Cages (Album Version);Sting;The Soul Cages
Why Should I Cry For You? (Radio Mix);Sting;The Soul Cages
When The Angels Fall;Sting;The Soul Cages
Saint Agnes And The Burning Train;Sting;The Soul Cages
All This Time (Album Version);Sting;The Soul Cages
Jeremiah Blues (Part 1);Sting;The Soul Cages
Island Of Souls;Sting;The Soul Cages
Mad About You;Sting;The Soul Cages
It's Probably Me;Sting;Ten Summoner's Tales
She's Too Good For Me;Sting;Ten Summoner's Tales
If I Ever Lose My Faith In You;Sting;Ten Summoner's Tales
Everybody Laughed But You;Sting;Ten Summoner's Tales
Love Is Stronger Than Justice (The Munificent Seven);Sting;Ten Summoner's Tales
Fields Of Gold;Sting;Ten Summoner's Tales
Heavy Cloud No Rain;Sting;Ten Summoner's Tales
Saint Augustine In Hell;Sting;Ten Summoner's Tales
Something The Boy Said;Sting;Ten Summoner's Tales
Shape Of My Heart;Sting;Ten Summoner's Tales
Seven Days;Sting;Ten Summoner's Tales
Epilogue (Nothing 'Bout Me);Sting;Ten Summoner's Tales
U Turn (LP Version);Joe Sample;Spellbound
Luna En New York (LP Version);Joe Sample;Spellbound
Somehow Our Love Survives (LP Version);Joe Sample;Spellbound
Bones Jive (LP Version);Joe Sample;Spellbound
Sermonized (LP Version);Joe Sample;Spellbound
Seven Years of Good Luck (LP Version);Joe Sample;Spellbound
Looking Glass (LP Version);Joe Sample;Spellbound
Leading Me Back to You (LP Version);Joe Sample;Spellbound
Spellbound (LP Version);Joe Sample;Spellbound
All God's Children (LP Version);Joe Sample;Spellbound
Postcard;Roddy Frame;Seven Dials
From a Train;Roddy Frame;Seven Dials
In Orbit;Roddy Frame;Seven Dials
English Garden;Roddy Frame;Seven Dials
The Other Side;Roddy Frame;Seven Dials
Rear View Mirror;Roddy Frame;Seven Dials
Into The Sun;Roddy Frame;Seven Dials
Forty Days of Rain;Roddy Frame;Seven Dials
On The Waves;Roddy Frame;Seven Dials
White Pony;Roddy Frame;Seven Dials
A Change Is Sure to Come;Courtney Pine;Black Notes from the Deep
Rules (feat. Omar);Courtney Pine;Black Notes from the Deep
How Many More;Courtney Pine;Black Notes from the Deep
A Word to the Wise;Courtney Pine;Black Notes from the Deep
Butterfly (feat. Omar);Courtney Pine;Black Notes from the Deep
The Morning After the Night Before;Courtney Pine;Black Notes from the Deep
Darker Than the Blue (feat. Omar);Courtney Pine;Black Notes from the Deep
Rivers of Blood;Courtney Pine;Black Notes from the Deep
You Know Who You Are;Courtney Pine;Black Notes from the Deep
In Another Time (feat. Omar);Courtney Pine;Black Notes from the Deep
Lido Shuffle (Album Version);Boz Scaggs;Hits!
JoJo (Album Version);Boz Scaggs;Hits!
Hard Times (Album Version);Boz Scaggs;Hits!
Dinah Flo;Boz Scaggs;Hits!
Harbor Lights (Album Version);Boz Scaggs;Hits!
It's Over (Album Version);Boz Scaggs;Hits!
What Can I Say (Album Version);Boz Scaggs;Hits!
Heart Of Mine (Album Version);Boz Scaggs;Hits!
We're All Alone (Album Version);Boz Scaggs;Hits!
Slow Dancer;Boz Scaggs;Hits!
Breakdown Dead Ahead (Album Version);Boz Scaggs;Hits!
Look What You've Done to Me (Album Version);Boz Scaggs;Hits!
Miss Sun (Album Version);Boz Scaggs;Hits!
Lowdown;Boz Scaggs;Hits!
You Make It so Hard (To Say No) (Album Version);Boz Scaggs;Hits!
One Day at a Time;Pockets;Come Go With Us
Doin' the Do;Pockets;Come Go With Us
Nothing Is Stronger;Pockets;Come Go With Us
Wizzard Wuzzit;Pockets;Come Go With Us
In the Pocket;Pockets;Come Go With Us
Elusive Lady;Pockets;Come Go With Us
Come Go With Me;Pockets;Come Go With Us
Pasado;Pockets;Come Go With Us
Africa A Africa E;Pino Daniele;Medina
Senza 'e te;Pino Daniele;Medina
Sara non piangere;Pino Daniele;Medina
Gente di frontiera;Pino Daniele;Medina
Tempo di cambiare;Pino Daniele;Medina
Ahi Disperata Vita;Pino Daniele;Medina
Galby;Pino Daniele;Medina
Mareluna;Pino Daniele;Medina
Lacrima Di Sale;Pino Daniele;Medina
Evviva 'o rre;Pino Daniele;Medina
Lettera Dal Cuore;Pino Daniele;Medina
Acqua passata;Pino Daniele;Medina
Via Medina;Pino Daniele;Medina
A testa in giù  (Live Version);Pino Daniele;Nero a metà live - Il Concerto - Milano, 22 dicembre 2014
'Na tazzulella 'e caffè  (Live);Pino Daniele;Nero a metà live - Il Concerto - Milano, 22 dicembre 2014
Quando  (Live);Pino Daniele;Nero a metà live - Il Concerto - Milano, 22 dicembre 2014
I Got the Blues  (Live);Pino Daniele;Nero a metà live - Il Concerto - Milano, 22 dicembre 2014
I Say sto cca  (Live);Pino Daniele;Nero a metà live - Il Concerto - Milano, 22 dicembre 2014
Resta resta cu mme  (Live);Pino Daniele;Nero a metà live - Il Concerto - Milano, 22 dicembre 2014
Sulo pe' parlà  (Live Version);Pino Daniele;Nero a metà live - Il Concerto - Milano, 22 dicembre 2014
Alleria  (Live);Pino Daniele;Nero a metà live - Il Concerto - Milano, 22 dicembre 2014
Voglio di più  (Live);Pino Daniele;Nero a metà live - Il Concerto - Milano, 22 dicembre 2014
Appocundria  (Live);Pino Daniele;Nero a metà live - Il Concerto - Milano, 22 dicembre 2014
A me me piace 'o blues  (Live Version);Pino Daniele;Nero a metà live - Il Concerto - Milano, 22 dicembre 2014
Chi tene o mare  (Live);Pino Daniele;Nero a metà live - Il Concerto - Milano, 22 dicembre 2014
Yes I Know My Way  (Live Version);Pino Daniele;Nero a metà live - Il Concerto - Milano, 22 dicembre 2014
Musica musica  (Live);Pino Daniele;Nero a metà live - Il Concerto - Milano, 22 dicembre 2014
E so cuntento 'e sta  (Live);Pino Daniele;Nero a metà live - Il Concerto - Milano, 22 dicembre 2014
Quanno chiove  (Live Version);Pino Daniele;Nero a metà live - Il Concerto - Milano, 22 dicembre 2014
Abusivo  (Provino Originale);Pino Daniele;Nero a metà live - Il Concerto - Milano, 22 dicembre 2014
Tutta n'ata storia  (Live);Pino Daniele;Nero a metà live - Il Concerto - Milano, 22 dicembre 2014
'O scarrafone  (Live);Pino Daniele;Nero a metà live - Il Concerto - Milano, 22 dicembre 2014
Abusivo;Pino Daniele;Nero a metà live - Il Concerto - Milano, 22 dicembre 2014
Puozz passà nu guaio  (Live);Pino Daniele;Nero a metà live - Il Concerto - Milano, 22 dicembre 2014
Nun me scuccià  (Live);Pino Daniele;Nero a metà live - Il Concerto - Milano, 22 dicembre 2014
Sotto 'o sole  (Live);Pino Daniele;Nero a metà live - Il Concerto - Milano, 22 dicembre 2014
Soleado up and down  (2017 Remaster);Pino Daniele;Che Dio ti benedica 
Questa primavera  (2017 Remaster);Pino Daniele;Che Dio ti benedica 
Pace e serenità  (2017 Remaster);Pino Daniele;Che Dio ti benedica 
Occhi blu non mi mollare  (2017 Remaster);Pino Daniele;Che Dio ti benedica 
Allora sì  (2017 Remaster);Pino Daniele;Che Dio ti benedica 
Sono un cantante di blues  (2017 Remaster);Pino Daniele;Che Dio ti benedica 
Che Dio ti benedica  (2017 Remaster);Pino Daniele;Che Dio ti benedica 
Mal di te  (2017 Remaster);Pino Daniele;Che Dio ti benedica 
Un angelo vero  (2017 Remaster);Pino Daniele;Che Dio ti benedica 
Nuda  (2017 Remaster);Pino Daniele;Che Dio ti benedica 
T'aggia vede' morta  (2017 Remaster);Pino Daniele;Che Dio ti benedica 
Sicily  (2017 Remaster);Pino Daniele;Che Dio ti benedica 
Two Pisces in alto mare  (2017 Remaster);Pino Daniele;Che Dio ti benedica 
Fatte 'na pizza  (2017 Remaster);Pino Daniele;Che Dio ti benedica 
The Lady of My Heart;Pino Daniele;La Grande Madre
Wonderful Tonight;Pino Daniele;La Grande Madre
Searching For the Water of Life;Pino Daniele;La Grande Madre
'O Fra;Pino Daniele;La Grande Madre
Due Scarpe;Pino Daniele;La Grande Madre
Niente È Come Prima;Pino Daniele;La Grande Madre
Piedi Nudi;Pino Daniele;La Grande Madre
La Grande Madre;Pino Daniele;La Grande Madre
Melodramma;Pino Daniele;La Grande Madre
I Still Love You;Pino Daniele;La Grande Madre
Il Primo Giorno Di Primavera;Pino Daniele;La Grande Madre
Coffee Time;Pino Daniele;La Grande Madre
Quando (Instrumental)  (2021 Remaster);Pino Daniele;Quando / 'O ssaje comme fa 'o core 
'O ssaje comme fa 'o core  (2021 Remaster);Pino Daniele;Quando / 'O ssaje comme fa 'o core 
Quando  (2021 Remaster);Pino Daniele;Quando / 'O ssaje comme fa 'o core 
"Terra mia   (Live; Remastered)";Pino Daniele;Sciò  
"Have You Seen My Shoes   (Live; Remastered)";Pino Daniele;Sciò  
"Tutta n'ata storia   (Live; Remastered)";Pino Daniele;Sciò  
"Viento 'e terra   (Live; Remastered)";Pino Daniele;Sciò  
"Mo basta (Parte I)   (Live; Remastered)";Pino Daniele;Sciò  
"Lazzari felici   (Live; Remastered)";Pino Daniele;Sciò  
"Suite: Appocundria / Putesse essere allero / Je sto vicino a te   (Live; Remastered)";Pino Daniele;Sciò  
"Quanno chiove   (Live; Remastered)";Pino Daniele;Sciò  
"Io vivo come te   (Live; Remastered)";Pino Daniele;Sciò  
"Ce sta chi ce penza   (Live; Remastered)";Pino Daniele;Sciò  
"Tarumbò   (Live; Remastered)";Pino Daniele;Sciò  
"Chillo è nu buono guaglione   (Live; Remastered)";Pino Daniele;Sciò  
"Mo basta (Parte II)   (Live; Remastered)";Pino Daniele;Sciò  
Yes I Know My Way   (Live (Remastered));Pino Daniele;Sciò  
"Napule è   (Live; Remastered)";Pino Daniele;Sciò  
"Musica musica   (Live; Remastered)";Pino Daniele;Sciò  
"Chi tene 'o mare   (Live; Remastered)";Pino Daniele;Sciò  
Femmena  (2021 Remaster);Pino Daniele;Un uomo in blues 
Che soddisfazione  (2021 Remaster);Pino Daniele;Un uomo in blues 
'O scarrafone  (2021 Remaster);Pino Daniele;Un uomo in blues 
Un uomo in blues  (2021 Remaster);Pino Daniele;Un uomo in blues 
Gente distratta  (2021 Remaster);Pino Daniele;Un uomo in blues 
Invece no  (2021 Remaster);Pino Daniele;Un uomo in blues 
Solo  (2021 Remaster);Pino Daniele;Un uomo in blues 
For Your Love  (2021 Remaster);Pino Daniele;Un uomo in blues 
Domani  (2021 Remaster);Pino Daniele;Un uomo in blues 
Leave a Message  (2021 Remaster);Pino Daniele;Un uomo in blues 
Cammina Cammina (Remastered 2008);Pino Daniele;Terra Mia (2008 Remastered Edition)
Chi Po Dicere (Remastered 2008);Pino Daniele;Terra Mia (2008 Remastered Edition)
Napule È (Remastered 2008);Pino Daniele;Terra Mia (2008 Remastered Edition)
Suonno D'Ajere (Remastered 2008);Pino Daniele;Terra Mia (2008 Remastered Edition)
Terra Mia (Remastered 2008);Pino Daniele;Terra Mia (2008 Remastered Edition)
Ce Sta Chi Ce Penza (Remastered 2008);Pino Daniele;Terra Mia (2008 Remastered Edition)
'Na Tazzulella 'E Cafè (Remastered 2008);Pino Daniele;Terra Mia (2008 Remastered Edition)
Che Calore (Remastered 2008);Pino Daniele;Terra Mia (2008 Remastered Edition)
Saglie, Saglie (Remastered 2008);Pino Daniele;Terra Mia (2008 Remastered Edition)
'O Padrone (Remastered 2008);Pino Daniele;Terra Mia (2008 Remastered Edition)
Fortunato (Remastered 2008);Pino Daniele;Terra Mia (2008 Remastered Edition)
Maronna Mia (Remastered 2008);Pino Daniele;Terra Mia (2008 Remastered Edition)
Libertà (Remastered 2008);Pino Daniele;Terra Mia (2008 Remastered Edition)
Cuore di pietra;Pino Daniele;Electric Jam (1a parte)
Io vivo fra le nuvole;Pino Daniele;Electric Jam (1a parte)
Sesso E Chitarra Elettrica;Pino Daniele;Electric Jam (1a parte)
Anime che girano;Pino Daniele;Electric Jam (1a parte)
Il sole dentro di me;Pino Daniele;Electric Jam (1a parte)
Dimentica;Pino Daniele;Electric Jam (1a parte)
Amici come prima  (2017 Remaster);Pino Daniele;Dimmi cosa succede sulla terra 
Che male c'è  (2017 Remaster);Pino Daniele;Dimmi cosa succede sulla terra 
Stare bene a metà  (2017 Remaster);Pino Daniele;Dimmi cosa succede sulla terra 
La mia emozione più forte  (2017 Remaster);Pino Daniele;Dimmi cosa succede sulla terra 
Scirocco d'Africa  (2017 Remaster);Pino Daniele;Dimmi cosa succede sulla terra 
Se domani pioverà  (2017 Remaster);Pino Daniele;Dimmi cosa succede sulla terra 
Questo immenso  (2017 Remaster);Pino Daniele;Dimmi cosa succede sulla terra 
The Desert in My Head  (2017 Remaster);Pino Daniele;Dimmi cosa succede sulla terra 
Non ho paura del mostro  (2017 Remaster);Pino Daniele;Dimmi cosa succede sulla terra 
Il pianeta delle parole  (2017 Remaster);Pino Daniele;Dimmi cosa succede sulla terra 
Canto do mar  (2017 Remaster);Pino Daniele;Dimmi cosa succede sulla terra 
Dubbi non ho  (2017 Remaster);Pino Daniele;Dimmi cosa succede sulla terra 
Continueremo a navigare  (2017 Remaster);Pino Daniele;Dimmi cosa succede sulla terra 
Anima  (2021 Remaster);Pino Daniele;Non calpestare i fiori nel deserto 
Fumo nero  (2021 Remaster);Pino Daniele;Non calpestare i fiori nel deserto 
Un deserto di parole  (2021 Remaster);Pino Daniele;Non calpestare i fiori nel deserto 
'O cammello 'nnammurato  (2021 Remaster);Pino Daniele;Non calpestare i fiori nel deserto 
E se amore sarà  (2021 Remaster);Pino Daniele;Non calpestare i fiori nel deserto 
Io per lei  (2021 Remaster);Pino Daniele;Non calpestare i fiori nel deserto 
Resta... resta cu'mme  (2021 Remaster);Pino Daniele;Non calpestare i fiori nel deserto 
Se mi vuoi  (2021 Remaster);Irene Grandi;Non calpestare i fiori nel deserto 
Oasi   (Instrumental (2021 Remaster));Pino Daniele;Non calpestare i fiori nel deserto 
Stress  (2021 Remaster);Pino Daniele;Non calpestare i fiori nel deserto 
Un angolo di cielo  (2021 Remaster);Pino Daniele;Non calpestare i fiori nel deserto 
Bambina  (2021 Remaster);Pino Daniele;Non calpestare i fiori nel deserto 
Notte che fai  (2021 Remaster);Pino Daniele;Non calpestare i fiori nel deserto 
Lazzari felici (Studio Session) (Sessione in presa diretta);Pino Daniele;Musicante 
Disperazione;Pino Daniele;Musicante 
Acchiappa acchiappa;Pino Daniele;Musicante 
Lazzari felici;Pino Daniele;Musicante 
Acchiappa acchiappa (Studio Session) (Sessione in presa diretta);Pino Daniele;Musicante 
Oi né (Studio Session) (Sessione in presa diretta);Pino Daniele;Musicante 
Oi né;Pino Daniele;Musicante 
Stella nera (Studio Session) (Sessione in presa diretta);Pino Daniele;Musicante 
Keep on Movin' (Studio Session) (Sessione in presa diretta);Pino Daniele;Musicante 
Io ci sarò;Pino Daniele;Musicante 
Just in Mi (Studio Session) (Sessione in presa diretta);Pino Daniele;Musicante 
Stella nera;Pino Daniele;Musicante 
Disperazione (Studio Session) (Sessione in presa diretta);Pino Daniele;Musicante 
Santa Teresa;Pino Daniele;Musicante 
Just in Mi;Pino Daniele;Musicante 
Lassa che vene;Pino Daniele;Musicante 
Santa Teresa (Studio Session) (Sessione in presa diretta);Pino Daniele;Musicante 
Keep on Movin';Pino Daniele;Musicante 
Io ci sarò (Studio Session) (Sessione in presa diretta);Pino Daniele;Musicante 
Lassa che vene (Studio Session) (Sessione in presa diretta);Pino Daniele;Musicante 
Bella 'mbriana  (Live 26 Marzo 1983);Pino Daniele;Concerto 
Je sò pazzo  (Live 26 Marzo 1983);Pino Daniele;Concerto 
Medley (Appocundria, putess essere allero, je sto vicino a te)  (Live 26 Marzo 1983);Pino Daniele;Concerto 
Medley (Chillo è nu buono guaglione, sotto 'o sole)  (Live 26 Marzo 1983);Pino Daniele;Concerto 
Viento 'E Terra  (Live 26 Marzo 1983);Pino Daniele;Concerto 
Mo Basta  (Live 26 Marzo 1983);Pino Daniele;Concerto 
A me me piace 'o blues  (Live 26 Marzo 1983);Pino Daniele;Concerto 
Yes I Know My Way  (Live 26 Marzo 1983);Pino Daniele;Concerto 
Napule è  (Live 26 Marzo 1983);Pino Daniele;Concerto 
Ce sta chi ce penza  (Live 26 Marzo 1983);Pino Daniele;Concerto 
Tarumbò  (Live 26 Marzo 1983);Pino Daniele;Concerto 
Musica musica  (Live 26 Marzo 1983);Pino Daniele;Concerto 
Baccalà  (2017 Remaster);Pino Daniele;Bonne soirée 
Scrack  (2017 Remaster);Pino Daniele;Bonne soirée 
Guardami in face  (2017 Remaster);Pino Daniele;Bonne soirée 
Occhi grigi  (2017 Remaster);Pino Daniele;Bonne soirée 
Boys in the night  (2017 Remaster);Pino Daniele;Bonne soirée 
Bonne soirée  (2017 Remaster);Pino Daniele;Bonne soirée 
Watch Out  (2017 Remaster);Pino Daniele;Bonne soirée 
'Nu poco 'e sentimento  (2017 Remaster);Pino Daniele;Bonne soirée 
Mama, e!  (2017 Remaster);Pino Daniele;Bonne soirée 
Vita mia  (2017 Remaster);Pino Daniele;Bonne soirée 
Aria  (2017 Remaster);Pino Daniele;Bonne soirée 
Donna Cuncetta  (2021 Remaster);Pino Daniele;Sotto 'o sole 
Sotto 'o sole  (2021 Remaster);Pino Daniele;Sotto 'o sole 
Saglie saglie  (2021 Remaster);Pino Daniele;Sotto 'o sole 
Quando  (2021 Remaster);Pino Daniele;Sotto 'o sole 
Voglio di più  (2021 Remaster);Pino Daniele;Sotto 'o sole 
Viento  (2021 Remaster);Pino Daniele;Sotto 'o sole 
Cammina cammina  (2021 Remaster);Pino Daniele;Sotto 'o sole 
Maronna mia  (2021 Remaster);Pino Daniele;Sotto 'o sole 
'O ssaje comme fa 'o core  (2021 Remaster);Pino Daniele;Sotto 'o sole 
Chi tene 'o mare  (2021 Remaster);Pino Daniele;Sotto 'o sole 
L'Africano;Pino Daniele;Il mio nome e' Pino Daniele e vivo qui
Passo Napoletano;Pino Daniele;Il mio nome e' Pino Daniele e vivo qui
Mardi Gras;Pino Daniele;Il mio nome e' Pino Daniele e vivo qui
Back Home;Pino Daniele;Il mio nome e' Pino Daniele e vivo qui
Blues Del Peccatore;Pino Daniele;Il mio nome e' Pino Daniele e vivo qui
Ischia Sole Nascente;Pino Daniele;Il mio nome e' Pino Daniele e vivo qui
Vento di passione;Pino Daniele & Giorgia;Il mio nome e' Pino Daniele e vivo qui
Rhum and Coca;Pino Daniele;Il mio nome e' Pino Daniele e vivo qui
Il Giorno E La Notte;Pino Daniele & Giorgia;Il mio nome e' Pino Daniele e vivo qui
Salvami;Pino Daniele;Il mio nome e' Pino Daniele e vivo qui
Stessi Sguardi;Pino Daniele;Passi D'Autore
Bella da vivere;Pino Daniele;Passi D'Autore
Sofia sulle note;Pino Daniele;Passi D'Autore
Pigro;Pino Daniele;Passi D'Autore
Tango Della Buena Suerte;Pino Daniele;Passi D'Autore
Arriverà l'aurora;Pino Daniele;Passi D'Autore
La Nostra Estate Insieme;Pino Daniele;Passi D'Autore
Ali di cera;Pino Daniele;Passi D'Autore
Isola grande;Pino Daniele;Passi D'Autore
La mia casa sei tu;Pino Daniele;Passi D'Autore
Concerto Per Noi Due;Pino Daniele;Passi D'Autore
Dejà vu;Pino Daniele;Passi D'Autore
Dammi Una Seconda Vita;Pino Daniele;Passi D'Autore
Nuages Sulle Note;Pino Daniele;Passi D'Autore
Je So' Pazzo (Remastered 2008);Pino Daniele;Pino Daniele (2008 Remastered Edition)
Chillo È Nu Buono Guaglione (Remastered 2008);Pino Daniele;Pino Daniele (2008 Remastered Edition)
Il Mare (Remastered 2008);Pino Daniele;Pino Daniele (2008 Remastered Edition)
Basta 'Na Jurnata E Sole (Remastered 2008);Pino Daniele;Pino Daniele (2008 Remastered Edition)
Ninnanàninnanoè (Remastered 2008);Pino Daniele;Pino Daniele (2008 Remastered Edition)
Viento (Remastered 2008);Pino Daniele;Pino Daniele (2008 Remastered Edition)
...E Cerca 'E Me Capi' (Remastered 2008);Pino Daniele;Pino Daniele (2008 Remastered Edition)
Ue Man! (Remastered 2008);Pino Daniele;Pino Daniele (2008 Remastered Edition)
Je Sto Vicino A Te (Remastered 2008);Pino Daniele;Pino Daniele (2008 Remastered Edition)
Chi Tene 'O Mare (Remastered 2008);Pino Daniele;Pino Daniele (2008 Remastered Edition)
Putesse Essere Allero (Remastered 2008);Pino Daniele;Pino Daniele (2008 Remastered Edition)
Donna Cuncetta (Remastered 2008);Pino Daniele;Pino Daniele (2008 Remastered Edition)
Jesce juorno  (2021 Remaster);Pino Daniele;Schizzechea with Love 
Cumbà  (2021 Remaster);Pino Daniele;Schizzechea with Love 
Me sò 'mbriacato 'e te Forever  (2021 Remaster);Pino Daniele;Schizzechea with Love 
Cry  (2021 Remaster);Pino Daniele;Schizzechea with Love 
Al Capone  (2021 Remaster);Pino Daniele;Schizzechea with Love 
Tra la pazzia e il blues  (2021 Remaster);Pino Daniele;Schizzechea with Love 
Canzone nova  (2021 Remaster);Pino Daniele;Schizzechea with Love 
Gesù Gesù  (2021 Remaster);Pino Daniele;Schizzechea with Love 
Tell Me Now  (2021 Remaster);Pino Daniele;Schizzechea with Love 
Schizzechea  (2021 Remaster);Pino Daniele;Schizzechea with Love 
Bella m'briana  (2021 Remaster);Pino Daniele;Bella 'mbriana 
Tutta n'ata storia  (2021 Remaster);Pino Daniele;Bella 'mbriana 
I Got the Blues  (2021 Remaster);Pino Daniele;Bella 'mbriana 
Io vivo come te  (2021 Remaster);Pino Daniele;Bella 'mbriana 
Tarumbò  (2021 Remaster);Pino Daniele;Bella 'mbriana 
Toledo   (Instrumental (2021 Remaster));Pino Daniele;Bella 'mbriana 
Annarè  (2021 Remaster);Pino Daniele;Bella 'mbriana 
Ma che mania  (2021 Remaster);Pino Daniele;Bella 'mbriana 
Mo basta  (2021 Remaster);Pino Daniele;Bella 'mbriana 
Maggio se ne va  (2021 Remaster);Pino Daniele;Bella 'mbriana 
E po' che fà  (2021 Remaster);Pino Daniele;Bella 'mbriana 
Quaccosa  (2017 Remaster);Pino Daniele;Ferryboat 
'A rrobba mia  (2017 Remaster);Pino Daniele;Ferryboat 
Dance of Baia  (2017 Remaster);Pino Daniele;Ferryboat 
One  (2017 Remaster);Pino Daniele;Ferryboat 
Che ore so'  (2017 Remaster);Pino Daniele;Ferryboat 
Sarà  (2017 Remaster);Pino Daniele;Ferryboat 
Ferryboat  (2017 Remaster);Pino Daniele;Ferryboat 
'O tiempo vola  (2017 Remaster);Pino Daniele;Ferryboat 
Amico mio  (2017 Remaster);Pino Daniele;Ferryboat 
Bona jurnata  (2017 Remaster);Pino Daniele;Ferryboat 
Tiéne 'mmàno [Demo];Pino Daniele;Vai mo' 
Notte che se ne va  (2021 Remaster);Pino Daniele;Vai mo' 
Sulo pe' parlà  (2021 Remaster);Pino Daniele;Vai mo' 
Che te ne fotte  (2021 Remaster);Pino Daniele;Vai mo' 
Un giorno che non va  (2021 Remaster);Pino Daniele;Vai mo' 
Puorteme a casa mia  (2021 Remaster);Pino Daniele;Vai mo' 
Nun ce sta piacere  (2021 Remaster);Pino Daniele;Vai mo' 
Yes I Know My Way  (2021 Remaster);Pino Daniele;Vai mo' 
È sempe sera  (2021 Remaster);Pino Daniele;Vai mo' 
Have you seen my shoes  (2021 Remaster);Pino Daniele;Vai mo' 
Viento 'e terra  (2021 Remaster);Pino Daniele;Vai mo' 
Ma che ho  (2021 Remaster);Pino Daniele;Vai mo' 
'Na tazzulella 'e cafè   (Live (2021 Remaster));Pino Daniele;E sona mo'  
Che soddisfazione   (Live (2021 Remaster));Pino Daniele;E sona mo'  
Napule è   (Live (2021 Remaster));Pino Daniele;E sona mo'  
Ue man!   (Live (2021 Remaster));Pino Daniele;E sona mo'  
Je so' pazzo   (Live (2021 Remaster));Pino Daniele;E sona mo'  
Quanno chiove   (Live (2021 Remaster));Pino Daniele;E sona mo'  
A me me piace o' blues   (Live (2021 Remaster));Pino Daniele;E sona mo'  
Je sto vicino a te   (Live (2021 Remaster));Pino Daniele;E sona mo'  
Fatte 'na pizza   (Live (2021 Remaster));Pino Daniele;E sona mo'  
Quando   (Live (2021 Remaster));Pino Daniele;E sona mo'  
Sotto 'o sole   (Live (2021 Remaster));Pino Daniele;E sona mo'  
'O scarrafone   (Live (2021 Remaster));Pino Daniele;E sona mo'  
Sicily   (Live (2021 Remaster));Pino Daniele;E sona mo'  
Femmena   (Live (2021 Remaster));Pino Daniele;E sona mo'  
Ammore scumbinato  (2021 Remaster);Pino Daniele;Mascalzone latino 
Faccia gialla  (2021 Remaster);Pino Daniele;Mascalzone latino 
Anna verrà  (2021 Remaster);Pino Daniele;Mascalzone latino 
Aria strana  (2021 Remaster);Pino Daniele;Mascalzone latino 
'O 'mericano  (2021 Remaster);Pino Daniele;Mascalzone latino 
Carte e cartuscelle  (2021 Remaster);Pino Daniele;Mascalzone latino 
'A speranza è semp' sola  (2021 Remaster);Pino Daniele;Mascalzone latino 
N'ata stagione  (2021 Remaster);Pino Daniele;Mascalzone latino 
Giungla  (2021 Remaster);Pino Daniele;Mascalzone latino 
Sambaccussì  (2021 Remaster);Pino Daniele;Mascalzone latino 
Marì;Pino Daniele;Iguana Cafe' (Latin Blues E Melodie)
Serenata A Fronn''E Limone;Pino Daniele;Iguana Cafe' (Latin Blues E Melodie)
Narcisista in azione;Pino Daniele;Iguana Cafe' (Latin Blues E Melodie)
Occhi che sanno parlare;Pino Daniele;Iguana Cafe' (Latin Blues E Melodie)
Voci Sospese;Pino Daniele;Iguana Cafe' (Latin Blues E Melodie)
Patricia;Pino Daniele;Iguana Cafe' (Latin Blues E Melodie)
Melody;Pino Daniele;Iguana Cafe' (Latin Blues E Melodie)
Pensando amor;Pino Daniele;Iguana Cafe' (Latin Blues E Melodie)
It's Now or Never;Pino Daniele;Iguana Cafe' (Latin Blues E Melodie)
Maria;Pino Daniele;Iguana Cafe' (Latin Blues E Melodie)
Ma Che Tempo Fa;Pino Daniele;Iguana Cafe' (Latin Blues E Melodie)
Promesse Da Marinaio;Pino Daniele;Iguana Cafe' (Latin Blues E Melodie)
Indifferentemente Un Ricordo;Pino Daniele;Iguana Cafe' (Latin Blues E Melodie)
Soldato dell'universo  (2017 Remaster);Pino Daniele;Come un gelato all'equatore 
Da soli no  (2017 Remaster);Pino Daniele;Come un gelato all'equatore 
Stella cometa  (2017 Remaster);Pino Daniele;Come un gelato all'equatore 
Alibi perfetto  (2017 Remaster);Pino Daniele;Come un gelato all'equatore 
Sì forever  (2017 Remaster);Pino Daniele;Come un gelato all'equatore 
I buoni e i cattivi  (2017 Remaster);Pino Daniele;Come un gelato all'equatore 
Come un gelato all'equatore  (2017 Remaster);Pino Daniele;Come un gelato all'equatore 
Viaggio senza ritorno  (2017 Remaster);Pino Daniele;Come un gelato all'equatore 
Ladro d'amore  (2017 Remaster);Pino Daniele;Come un gelato all'equatore 
Cosa penserai di me  (2017 Remaster);Pino Daniele;Come un gelato all'equatore 
Neve al sole  (2017 Remaster);Pino Daniele;Come un gelato all'equatore 
Samba in My Mind  (2017 Remaster);Pino Daniele;Come un gelato all'equatore 
Quanno Chiove (Remastered 2020);Pino Daniele;Nero A Metà
Alleria (Remastered 2020);Pino Daniele;Nero A Metà
I Say I 'Sto Cca (Live);Pino Daniele;Nero A Metà
Musica Musica (Remastered 2020);Pino Daniele;Nero A Metà
A Testa In Giù (Remastered 2020);Pino Daniele;Nero A Metà
Quanno Chiove (Live);Pino Daniele;Nero A Metà
A Me Me Piace 'O Blues (Remastered 2020);Pino Daniele;Nero A Metà
Nun Me Scoccià' (Remastered 2020);Pino Daniele;Nero A Metà
E So' Cuntento 'E Stà' (Remastered 2020);Pino Daniele;Nero A Metà
A Me Me Piace 'O Blues (Live);Pino Daniele;Nero A Metà
Voglio Di Più (Remastered 2020);Pino Daniele;Nero A Metà
Appocundria (Remastered 2020);Pino Daniele;Nero A Metà
Napule È (Live);Pino Daniele;Nero A Metà
Puozze Passà' Nu Guaio (Remastered 2020);Pino Daniele;Nero A Metà
I Say I' Sto Ccà (Remastered 2020);Pino Daniele;Nero A Metà
Alleria (Live);Pino Daniele;Nero A Metà
Sotto 'O Sole (Remastered 2020);Pino Daniele;Nero A Metà
Napule è (Live)  (2017 Remaster);Pino Daniele;Sciò (Live) [40th Anniversary Album] 
Terra mia (Live)  (2017 Remaster);Pino Daniele;Sciò (Live) [40th Anniversary Album] 
Tarumbò (Live)  (2017 Remaster);Pino Daniele;Sciò (Live) [40th Anniversary Album] 
Io ci sarò  [Bonus Track] (Live);Pino Daniele;Sciò (Live) [40th Anniversary Album] 
Disperazione  [Bonus Track] (Live);Pino Daniele;Sciò (Live) [40th Anniversary Album] 
Io vivo come te (Live)  (2017 Remaster);Pino Daniele;Sciò (Live) [40th Anniversary Album] 
Ma che ho  [Bonus Track] (Live);Pino Daniele;Sciò (Live) [40th Anniversary Album] 
Chi tene 'o mare (Live)  (2017 Remaster);Pino Daniele;Sciò (Live) [40th Anniversary Album] 
Lazzari felici (Live)  (2017 Remaster);Pino Daniele;Sciò (Live) [40th Anniversary Album] 
Mo basta (Parte II) [Live]  (2017 Remaster);Pino Daniele;Sciò (Live) [40th Anniversary Album] 
Viento 'e terra (Live)  (2017 Remaster);Pino Daniele;Sciò (Live) [40th Anniversary Album] 
Mo basta (Parte I) [Live]  (2017 Remaster);Pino Daniele;Sciò (Live) [40th Anniversary Album] 
Have You Seen My Shoes (Live)  (2017 Remaster);Pino Daniele;Sciò (Live) [40th Anniversary Album] 
Che te ne fotte  [Bonus Track] (Live);Pino Daniele;Sciò (Live) [40th Anniversary Album] 
Musica musica (Live)  (2017 Remaster);Pino Daniele;Sciò (Live) [40th Anniversary Album] 
Tutta n'ata storia (Live)  (2017 Remaster);Pino Daniele;Sciò (Live) [40th Anniversary Album] 
Quanno chiove (Live)  (2017 Remaster);Pino Daniele;Sciò (Live) [40th Anniversary Album] 
Chillo è nu buono guaglione (Live)  (2017 Remaster);Pino Daniele;Sciò (Live) [40th Anniversary Album] 
Suite: Appocundria / Putesse essere allero / Je sto vicino a te (Live)  (2017 Remaster);Pino Daniele;Sciò (Live) [40th Anniversary Album] 
Ce sta chi ce penza (Live)  (2017 Remaster);Pino Daniele;Sciò (Live) [40th Anniversary Album] 
Yes I Know My Way (Live)  (2017 Remaster);Pino Daniele;Sciò (Live) [40th Anniversary Album] 
Crash (LP Version);David Byrne;David Byrne
Nothing at All (LP Version);David Byrne;David Byrne
Buck Naked (LP Version);David Byrne;David Byrne
You & Eye (LP Version);David Byrne;David Byrne
My Love Is You (LP Version);David Byrne;David Byrne
Sad Song (LP Version);David Byrne;David Byrne
Angels (LP Version);David Byrne;David Byrne
Strange Ritual (LP Version);David Byrne;David Byrne
A Long Time Ago (LP Version);David Byrne;David Byrne
Lilies of the Valley (LP Version);David Byrne;David Byrne
A Self-Made Man (LP Version);David Byrne;David Byrne
Back in the Box (LP Version);David Byrne;David Byrne
Glad;David Byrne;Grown Backwards 
Civilization;David Byrne;Grown Backwards 
Un di felice, eterea;David Byrne;Grown Backwards 
Ausencia;David Byrne;Grown Backwards 
Au fond du temple saint;David Byrne;Grown Backwards 
Strange Enough;David Byrne;Grown Backwards 
50212;David Byrne;Grown Backwards 
Dialog Box;David Byrne;Grown Backwards 
The Bumps;David Byrne;Grown Backwards 
Glass, Concrete & Stone;David Byrne;Grown Backwards 
Dreamworld;David Byrne;Grown Backwards 
Show and Tell;David Byrne;Grown Backwards 
The Man Who Loved Beer;David Byrne;Grown Backwards 
Pirates;David Byrne;Grown Backwards 
Astronaut;David Byrne;Grown Backwards 
She Only Sleeps;David Byrne;Grown Backwards 
Lazy;David Byrne;Grown Backwards 
Tiny Apocalypse;David Byrne;Grown Backwards 
Why;David Byrne;Grown Backwards 
Empire;David Byrne;Grown Backwards 
The Other Side of This Life;David Byrne;Grown Backwards 
Dura Europus (LP Version);David Byrne;The Forest
Kish (LP Version);David Byrne;The Forest
Tula (LP Version);David Byrne;The Forest
Nineveh (LP Version);David Byrne;The Forest
Teotihuacan (LP Version);David Byrne;The Forest
Machu Picchu (LP Version);David Byrne;The Forest
Ava (LP Version);David Byrne;The Forest
Asuka (LP Version);David Byrne;The Forest
Samara (LP Version);David Byrne;The Forest
Ur (LP Version);David Byrne;The Forest
Hanging Upside Down (LP Version);David Byrne;Uh-Oh
Something Ain't Right;David Byrne;Uh-Oh
She's Mad (LP Version);David Byrne;Uh-Oh
The Cowboy Mambo (Hey Look at Me Now);David Byrne;Uh-Oh
Twistin' in the Wind (LP Version);David Byrne;Uh-Oh
A Walk in the Dark (LP Version);David Byrne;Uh-Oh
Tiny Town (LP Version);David Byrne;Uh-Oh
Monkey Man (LP Version);David Byrne;Uh-Oh
Somebody (LP Version);David Byrne;Uh-Oh
Now I'm Your Mom;David Byrne;Uh-Oh
Girls on My Mind (LP Version);David Byrne;Uh-Oh
A Million Miles Away (LP Version);David Byrne;Uh-Oh
Walk on Water;David Byrne;Look into the Eyeball
U.B. Jesus;David Byrne;Look into the Eyeball
Desconocido Soy;David Byrne;Look into the Eyeball
Neighborhood;David Byrne;Look into the Eyeball
The Accident;David Byrne;Look into the Eyeball
The Revolution;David Byrne;Look into the Eyeball
Smile;David Byrne;Look into the Eyeball
Broken Things;David Byrne;Look into the Eyeball
The Moment of Conception;David Byrne;Look into the Eyeball
Like Humans Do;David Byrne;Look into the Eyeball
Everyone's in Love with You;David Byrne;Look into the Eyeball
The Great Intoxication;David Byrne;Look into the Eyeball
The Dream Police (LP Version);David Byrne;Rei Momo
Don't Want to Be Part of Your World (LP Version);David Byrne;Rei Momo
The Call of the Wild (LP Version);David Byrne;Rei Momo
Lie to Me (LP Version);David Byrne;Rei Momo
Office Cowboy (LP Version);David Byrne;Rei Momo
Make Believe Mambo (LP Version);David Byrne;Rei Momo
Good and Evil (LP Version);David Byrne;Rei Momo
Dirty Old Town (LP Version);David Byrne;Rei Momo
Marching Through the Wilderness (LP Version);David Byrne;Rei Momo
Loco De Amor (LP Version);David Byrne;Rei Momo
The Rose Tattoo (LP Version);David Byrne;Rei Momo
Independence Day (LP Version);David Byrne;Rei Momo
Carnival Eyes (LP Version);David Byrne;Rei Momo
I Know Sometimes a Man Is Wrong (LP Version);David Byrne;Rei Momo
Women vs. Men;David Byrne;Rei Momo
Bullet;David Byrne;American Utopia
Doing the Right Thing;David Byrne;American Utopia
Here;David Byrne;American Utopia
Everybody's Coming to My House;David Byrne;American Utopia
Dog's Mind;David Byrne;American Utopia
Gasoline and Dirty Sheets;David Byrne;American Utopia
It's Not Dark Up Here;David Byrne;American Utopia
Every Day Is a Miracle;David Byrne;American Utopia
I Dance Like This;David Byrne;American Utopia
This Is That;David Byrne;American Utopia
What Is The Reason For It?;David Byrne;Who Is The Sky?
My Apartment Is My Friend;David Byrne;Who Is The Sky?
Don't Be Like That;David Byrne;Who Is The Sky?
I'm an Outsider;David Byrne;Who Is The Sky?
The Truth;David Byrne;Who Is The Sky?
She Explains Things To Me;David Byrne;Who Is The Sky?
Moisturizing Thing;David Byrne;Who Is The Sky?
The Avant Garde;David Byrne;Who Is The Sky?
I Met The Buddha at a Downtown Party;David Byrne;Who Is The Sky?
When We Are Singing;David Byrne;Who Is The Sky?
A Door Called No;David Byrne;Who Is The Sky?
Everybody Laughs;David Byrne;Who Is The Sky?
The 39 Steps  (1999 Remaster);Bryan Ferry;Mamouna 
The Only Face  (1999 Remaster);Bryan Ferry;Mamouna 
Your Painted Smile   (Instrumental First Draft '89);Bryan Ferry;Mamouna 
Gemini Moon  (Horoscope Version);Bryan Ferry;Mamouna 
Mamouna  (Instrumental Edit '89 / '94);Bryan Ferry;Mamouna 
Don't Want to Know  (1999 Remaster);Bryan Ferry;Mamouna 
Wildcat Days  (1999 Remaster);Bryan Ferry;Mamouna 
Your Painted Smile  (1999 Remaster);Bryan Ferry;Mamouna 
N.Y.C. / Desdemona  (Instrumental '91);Bryan Ferry;Mamouna 
Which Way to Turn  (1999 Remaster);Bryan Ferry;Mamouna 
The Only Face  (Piano and Vocal '93);Bryan Ferry;Mamouna 
Your Painted Smile  (Piano and Vocal '93);Bryan Ferry;Mamouna 
Raga;Bryan Ferry;Mamouna 
Loop De Li  (Horoscope Version);Bryan Ferry;Mamouna 
Your Painted Smile (With Guide Vocals)  (Later Version ‘89);Bryan Ferry;Mamouna 
N.Y.C.  (1999 Remaster);Bryan Ferry;Mamouna 
Where Do We Go From Here (The 39 Steps);Bryan Ferry;Mamouna 
Gemini Moon  (1999 Remaster);Bryan Ferry;Mamouna 
Horoscope  (Instrumental '90);Bryan Ferry;Mamouna 
Mother of Pearl  (Horoscope Version);Bryan Ferry;Mamouna 
Robot  (Instrumental First Draft '89);Bryan Ferry;Mamouna 
The Only Face  (Instrumental First Draft '89);Bryan Ferry;Mamouna 
Loop De Li  (Instrumental First Draft '89);Bryan Ferry;Mamouna 
Mamouna  (1999 Remaster);Bryan Ferry;Mamouna 
Chain Reaction  (1999 Remaster);Bryan Ferry;Mamouna 
S&M (Midnight Train);Bryan Ferry;Mamouna 
The Only Face  (Horoscope Version);Bryan Ferry;Mamouna 
Desdemona (N.Y.C.);Bryan Ferry;Mamouna 
The Right Stuff  (1999 Digital Remaster);Bryan Ferry;Bête Noire
Bete Noire  (1999 Digital Remaster);Bryan Ferry;Bête Noire
The Name Of The Game  (1999 Digital Remaster);Bryan Ferry;Bête Noire
New Town  (1999 Digital Remaster);Bryan Ferry;Bête Noire
Limbo  (1999 Digital Remaster);Bryan Ferry;Bête Noire
Kiss And Tell  (1999 Digital Remaster);Bryan Ferry;Bête Noire
Day For Night  (1999 Digital Remaster);Bryan Ferry;Bête Noire
Seven Deadly Sins  (1999 Digital Remaster);Bryan Ferry;Bête Noire
Zamba  (1999 Digital Remaster);Bryan Ferry;Bête Noire
"Limbo  (Latin Mix - 12"" Version)";Bryan Ferry;Bête Noire
Kiss and Tell  (Dub Mix);Bryan Ferry;Bête Noire
The Right Stuff  (Brooklyn Mix);Bryan Ferry;Bête Noire
"Limbo  (Brooklyn Mix - 12"" Version)";Bryan Ferry;Bête Noire
Limbo  (Brooklyn Mix);Bryan Ferry;Bête Noire
Kiss and Tell  (Dance Mix);Bryan Ferry;Bête Noire
"The Right Stuff  (12"" Dance Mix)";Bryan Ferry;Bête Noire
Limbo  (Latin Mix);Bryan Ferry;Bête Noire
Kiss And Tell  (Edit);Bryan Ferry;Bête Noire
Bete Noire  (Instrumental);Bryan Ferry;Bête Noire
The Right Stuff  (Dub Mix);Bryan Ferry;Bête Noire
The Right Stuff  (Johnson Somerset Remix);Bryan Ferry;Bête Noire
Kiss and Tell  (2023 Edit);Bryan Ferry;Retrospective: Selected Recordings 1973-2023
Love Letters;Bryan Ferry;Retrospective: Selected Recordings 1973-2023
The 'In' Crowd;Bryan Ferry;Retrospective: Selected Recordings 1973-2023
As Time Goes By;Bryan Ferry;Retrospective: Selected Recordings 1973-2023
Johnny & Mary  (2023 Edit);Bryan Ferry;Retrospective: Selected Recordings 1973-2023
These Foolish Things  (2023 Edit);Bryan Ferry;Retrospective: Selected Recordings 1973-2023
Don't Stop The Dance;Bryan Ferry;Retrospective: Selected Recordings 1973-2023
Let's Stick Together;Bryan Ferry;Retrospective: Selected Recordings 1973-2023
"Slave To Love   (7"" Version; 2009 Remaster)";Bryan Ferry;Retrospective: Selected Recordings 1973-2023
Windswept;Bryan Ferry;Retrospective: Selected Recordings 1973-2023
You Can Dance  (2023 Edit);Bryan Ferry;Retrospective: Selected Recordings 1973-2023
Sign Of The Times;Bryan Ferry;Retrospective: Selected Recordings 1973-2023
Your Painted Smile;Bryan Ferry;Retrospective: Selected Recordings 1973-2023
I Put a Spell On You  (Single Mix);Bryan Ferry;Retrospective: Selected Recordings 1973-2023
Casanova;Bryan Ferry;Retrospective: Selected Recordings 1973-2023
Knockin' on Heaven's Door  (2023 Edit);Bryan Ferry;Retrospective: Selected Recordings 1973-2023
Smoke Gets In Your Eyes;Bryan Ferry;Retrospective: Selected Recordings 1973-2023
Which Way To Turn;Bryan Ferry;Retrospective: Selected Recordings 1973-2023
Make You Feel My Love;Bryan Ferry;Retrospective: Selected Recordings 1973-2023
A Hard Rain's A-Gonna Fall;Bryan Ferry;Retrospective: Selected Recordings 1973-2023
Where Or When;Bryan Ferry;Retrospective: Selected Recordings 1973-2023
Hold On (I'm Coming);Bryan Ferry;Retrospective: Selected Recordings 1973-2023
That's How Strong My Love Is;Bryan Ferry;Retrospective: Selected Recordings 1973-2023
What Goes On;Bryan Ferry;Retrospective: Selected Recordings 1973-2023
Shame, Shame, Shame;Bryan Ferry;Retrospective: Selected Recordings 1973-2023
Girl Of My Best Friend  (1999 Digital Remaster);Bryan Ferry;Retrospective: Selected Recordings 1973-2023
One Night;Bryan Ferry;Retrospective: Selected Recordings 1973-2023
Song To The Siren;Bryan Ferry;Retrospective: Selected Recordings 1973-2023
As Time Goes By;Bryan Ferry;Retrospective: Selected Recordings 1973-2023
Fooled Around and Fell In Love;Bryan Ferry;Retrospective: Selected Recordings 1973-2023
The Price of Love  (2024 Edit);Bryan Ferry;Retrospective: Selected Recordings 1973-2023
You Go to My Head;Bryan Ferry;Retrospective: Selected Recordings 1973-2023
Positively Fourth Street;Bryan Ferry;Retrospective: Selected Recordings 1973-2023
Simple Twist of Fate;Bryan Ferry;Retrospective: Selected Recordings 1973-2023
Just One Look  (1999 Digital Remaster);Bryan Ferry;Retrospective: Selected Recordings 1973-2023
Tokyo Joe;Bryan Ferry;Retrospective: Selected Recordings 1973-2023
Zamba  (1999 Digital Remaster);Bryan Ferry;Retrospective: Selected Recordings 1973-2023
Valentine;Bryan Ferry;Retrospective: Selected Recordings 1973-2023
Boys and Girls  (2024 Edit);Bryan Ferry;Retrospective: Selected Recordings 1973-2023
Chain Reaction  (1999 Digital Remaster);Bryan Ferry;Retrospective: Selected Recordings 1973-2023
I Thought;Bryan Ferry;Retrospective: Selected Recordings 1973-2023
Loop De Li;Bryan Ferry;Retrospective: Selected Recordings 1973-2023
When She Walks In The Room;Bryan Ferry;Retrospective: Selected Recordings 1973-2023
Reason or Rhyme;Bryan Ferry;Retrospective: Selected Recordings 1973-2023
Can't Let Go;Bryan Ferry;Retrospective: Selected Recordings 1973-2023
This Island Earth;Bryan Ferry;Retrospective: Selected Recordings 1973-2023
Love Me Madly Again;Bryan Ferry;Retrospective: Selected Recordings 1973-2023
Limbo  (1999 Digital Remaster);Bryan Ferry;Retrospective: Selected Recordings 1973-2023
Bete Noire  (1999 Digital Remaster);Bryan Ferry;Retrospective: Selected Recordings 1973-2023
The Only Face  (1999 Digital Remaster);Bryan Ferry;Retrospective: Selected Recordings 1973-2023
While My Heart Is Still Beating;Bryan Ferry;Retrospective: Selected Recordings 1973-2023
Sign of the Times;Bryan Ferry;Retrospective: Selected Recordings 1973-2023
Zamba;Bryan Ferry;Retrospective: Selected Recordings 1973-2023
Back to Black;The Bryan Ferry Orchestra;Retrospective: Selected Recordings 1973-2023
Limbo;Bryan Ferry;Retrospective: Selected Recordings 1973-2023
Love Is the Drug;The Bryan Ferry Orchestra;Retrospective: Selected Recordings 1973-2023
Bitter-Sweet;Bryan Ferry;Retrospective: Selected Recordings 1973-2023
Young & Beautiful;The Bryan Ferry Orchestra;Retrospective: Selected Recordings 1973-2023
This Island Earth;Bryan Ferry;Retrospective: Selected Recordings 1973-2023
Avalon;Bryan Ferry;Retrospective: Selected Recordings 1973-2023
Reason or Rhyme;Bryan Ferry;Retrospective: Selected Recordings 1973-2023
Dance Away;Bryan Ferry;Retrospective: Selected Recordings 1973-2023
Chance Meeting;Bryan Ferry;Retrospective: Selected Recordings 1973-2023
Do the Strand;Bryan Ferry;Retrospective: Selected Recordings 1973-2023
Virginia Plain;Bryan Ferry;Retrospective: Selected Recordings 1973-2023
She Belongs to Me;Bryan Ferry;Retrospective: Selected Recordings 1973-2023
Bob Dylan's Dream;Bryan Ferry;Retrospective: Selected Recordings 1973-2023
I Forgot More Than You'll Ever Know;Bryan Ferry;Retrospective: Selected Recordings 1973-2023
He'll Have to Go  (2024 Version);Bryan Ferry;Retrospective: Selected Recordings 1973-2023
Feel the Need  (2024 Version);Bryan Ferry;Retrospective: Selected Recordings 1973-2023
Is Your Love Strong Enough?;Bryan Ferry;Retrospective: Selected Recordings 1973-2023
A Fool for Love  (2024 Version);Bryan Ferry;Retrospective: Selected Recordings 1973-2023
Oh Lonesome Me;Bryan Ferry;Retrospective: Selected Recordings 1973-2023
Whatever Gets You Thru The Night;Bryan Ferry;Retrospective: Selected Recordings 1973-2023
Lowlands Low;Bryan Ferry;Retrospective: Selected Recordings 1973-2023
Mother of Pearl  (Horoscope Version);Bryan Ferry;Retrospective: Selected Recordings 1973-2023
I Don't Want to Go on Without You;Bryan Ferry;Retrospective: Selected Recordings 1973-2023
Don't Be Cruel;Bryan Ferry;Retrospective: Selected Recordings 1973-2023
Star;Bryan Ferry;Retrospective: Selected Recordings 1973-2023
Crazy Love  (2024 Version);Bryan Ferry;Retrospective: Selected Recordings 1973-2023
Sonnet 18;Bryan Ferry;Retrospective: Selected Recordings 1973-2023
Avonmore;Bryan Ferry;Avonmore
Send in the Clowns;Bryan Ferry;Avonmore
Loop De Li;Bryan Ferry;Avonmore
Soldier of Fortune;Bryan Ferry;Avonmore
Driving Me Wild;Bryan Ferry;Avonmore
Lost;Bryan Ferry;Avonmore
A Special Kind of Guy;Bryan Ferry;Avonmore
One Night Stand;Bryan Ferry;Avonmore
Johnny & Mary;Bryan Ferry;Avonmore
Midnight Train;Bryan Ferry;Avonmore
The Chosen One (Remastered 1999);Bryan Ferry;Boys And Girls
Don't Stop The Dance (Remastered 1999);Bryan Ferry;Boys And Girls
Valentine (Remastered 1999);Bryan Ferry;Boys And Girls
Stone Woman (Remastered 1999);Bryan Ferry;Boys And Girls
Sensation (Remastered 1999);Bryan Ferry;Boys And Girls
Boys And Girls (Remastered 1999);Bryan Ferry;Boys And Girls
A Waste Land (Remastered 1999);Bryan Ferry;Boys And Girls
Slave To Love (Remastered 1999);Bryan Ferry;Boys And Girls
Windswept (Remastered 1999);Bryan Ferry;Boys And Girls
Song for a Friend;Aztec Camera;Stray 
Good Morning Britain  (Laylow Posse Hypnomental);Aztec Camera;Stray 
"Good Morning Britain  (7"" Mix)";Aztec Camera;Stray 
Over My Head;Aztec Camera;Stray 
Good Morning Britain  (Laylow Posse Hypno-edit);Aztec Camera;Stray 
The Crying Scene;Aztec Camera;Stray 
Get Outta London;Aztec Camera;Stray 
Good Morning Britain  (Mendelsohn Single Mix);Aztec Camera;Stray 
How It Is;Aztec Camera;Stray 
Good Morning Britain;Aztec Camera;Stray 
Stray;Aztec Camera;Stray 
Good Morning Britain  (Morning Acid Mix);Aztec Camera;Stray 
Good Morning Britain  (Kitsch 'n' Sync Mix);Aztec Camera;Stray 
Notting Hill Blues;Aztec Camera;Stray 
The Gentle Kind;Aztec Camera;Stray 
Salvation;Aztec Camera;Stray 
Do I Love You;Aztec Camera;Stray 
True Colours;Aztec Camera;Stray 
Oblivious;Aztec Camera;High Land, Hard Rain 
Queen's Tattoos;Aztec Camera;High Land, Hard Rain 
Down the Dip;Aztec Camera;High Land, Hard Rain 
Orchid Girl;Aztec Camera;High Land, Hard Rain 
The Bugle Sounds Again;Aztec Camera;High Land, Hard Rain 
"Oblivious  (12"" Mix)";Aztec Camera;High Land, Hard Rain 
We Could Send Letters;Aztec Camera;High Land, Hard Rain 
Lost Outside the Tunnel;Aztec Camera;High Land, Hard Rain 
Haywire;Aztec Camera;High Land, Hard Rain 
Set the Killing Free;Aztec Camera;High Land, Hard Rain 
The Boy Wonders;Aztec Camera;High Land, Hard Rain 
Walk out to Winter;Aztec Camera;High Land, Hard Rain 
Walk out to Winter  (Extended Version);Aztec Camera;High Land, Hard Rain 
Back on Board;Aztec Camera;High Land, Hard Rain 
Release;Aztec Camera;High Land, Hard Rain 
Pillar to Post;Aztec Camera;High Land, Hard Rain 
"Oblivious  (12"" Extended Mix)";Aztec Camera;High Land, Hard Rain 
All I Need Is Everything;Aztec Camera;Knife 
"All I Need Is Everything  (7"" Edit)";Aztec Camera;Knife 
Jump;Aztec Camera;Knife 
Backdoor to Heaven;Aztec Camera;Knife 
Knife;Aztec Camera;Knife 
The Birth Of The True;Aztec Camera;Knife 
Backwards and Forwards;Aztec Camera;Knife 
Just Like the USA;Aztec Camera;Knife 
All I Need Is Everything  (Remix);Aztec Camera;Knife 
Head Is Happy  (Heart's Insane);Aztec Camera;Knife 
Jump  (Loaded Version);Aztec Camera;Knife 
Still on Fire;Aztec Camera;Knife 
Sunset;Aztec Camera;Frestonia
Phenomenal World;Aztec Camera;Frestonia
Method of Love;Aztec Camera;Frestonia
Crazy;Aztec Camera;Frestonia
Rainy Season;Aztec Camera;Frestonia
On the Avenue;Aztec Camera;Frestonia
Sun;Aztec Camera;Frestonia
Debutante;Aztec Camera;Frestonia
Beautiful Girl;Aztec Camera;Frestonia
Imperfectly;Aztec Camera;Frestonia
Paradise;Aztec Camera;Love 
Somewhere in My Heart  (The Alternate Mix);Aztec Camera;Love 
One and One;Aztec Camera;Love 
More Than a Law;Aztec Camera;Love 
"Somewhere in My Heart  (12"" Remix)";Aztec Camera;Love 
Everybody Is a Number One  (Boston '86 Version);Aztec Camera;Love 
The Red Flag;Aztec Camera;Love 
Bad Education;Aztec Camera;Love 
Somewhere in My Heart;Aztec Camera;Love 
Deep and Wide and Tall;Aztec Camera;Love 
Deep and Wide and Tall  (Breakdown Mix);Aztec Camera;Love 
How Men Are;Aztec Camera;Love 
Working in a Goldmine;Aztec Camera;Love 
Killermont Street;Aztec Camera;Love 
Working in a Goldmine  (Sax Version);Aztec Camera;Love 
Everybody Is a Number One;Aztec Camera;Love 
Sister Ann;Aztec Camera;Dreamland
Valium Summer;Aztec Camera;Dreamland
Black Lucia;Aztec Camera;Dreamland
Dream Sweet Dreams;Aztec Camera;Dreamland
Safe in Sorrow;Aztec Camera;Dreamland
Pianos and Clocks;Aztec Camera;Dreamland
Let Your Love Decide;Aztec Camera;Dreamland
Vertigo;Aztec Camera;Dreamland
Spanish Horses;Aztec Camera;Dreamland
Birds;Aztec Camera;Dreamland
The Belle of the Ball;Aztec Camera;Dreamland
Can You Heal Us (Holy Man);Paul Weller;Wild Wood
Instrumental (Pt. 2);Paul Weller;Wild Wood
Foot Of The Mountain;Paul Weller;Wild Wood
Holy Man (Reprise);Paul Weller;Wild Wood
Country;Paul Weller;Wild Wood
Hung Up;Paul Weller;Wild Wood
Sunflower;Paul Weller;Wild Wood
Has My Fire Really Gone Out?;Paul Weller;Wild Wood
Instrumental (Pt. 1);Paul Weller;Wild Wood
Wild Wood;Paul Weller;Wild Wood
All The Pictures On The Wall;Paul Weller;Wild Wood
5th Season;Paul Weller;Wild Wood
Moon On Your Pyjamas;Paul Weller;Wild Wood
The Weaver (Album Version);Paul Weller;Wild Wood
Shadow Of The Sun;Paul Weller;Wild Wood
Instrumental Two;Paul Weller;Wild Wood
Books;Paul Weller;True Meanings
Bowie;Paul Weller;True Meanings
Gravity;Paul Weller;True Meanings
Movin On;Anth Brown;True Meanings
Old Castles;Paul Weller;True Meanings
Come Along;Paul Weller;True Meanings
Glide;Paul Weller;True Meanings
May Love Travel with You;Paul Weller;True Meanings
The Soul Searchers;Paul Weller;True Meanings
Aspects;Paul Weller;True Meanings
Wishing Well;Paul Weller;True Meanings
What Would He Say?;Paul Weller;True Meanings
Mayfly;Paul Weller;True Meanings
White Horses;Paul Weller;True Meanings
Kosmos (Album Version);Paul Weller;Paul Weller
Bull-Rush;Paul Weller;Paul Weller
Bitterness Rising;Paul Weller;Paul Weller
Remember How We Started;Paul Weller;Paul Weller
Clues;Paul Weller;Paul Weller
Uh Huh Oh Yeh! (Always There To Fool You!);Paul Weller;Paul Weller
Round & Round;Paul Weller;Paul Weller
Amongst Butterflies / Arrival Time;Paul Weller;Paul Weller
I Didn't Mean To Hurt You;Paul Weller;Paul Weller
The Strange Museum;Paul Weller;Paul Weller
Above The Clouds (Album / Single Version);Paul Weller;Paul Weller
Into Tomorrow (Album Version);Paul Weller;Paul Weller
Birds;Paul Weller;Studio 150
Early Morning Rain;Paul Weller;Studio 150
Thinking Of You;Paul Weller;Studio 150
Wishing On A Star;Paul Weller;Studio 150
Close to You;Paul Weller;Studio 150
Don't Make Promises;Paul Weller;Studio 150
One Way Road;Paul Weller;Studio 150
Black Is The Colour;Paul Weller;Studio 150
The Bottle;Paul Weller;Studio 150
Hercules;Paul Weller;Studio 150
If I Could Only Be Sure;Paul Weller;Studio 150
All Along The Watchtower;Paul Weller;Studio 150
Earth In Our Feet;Paul Weller;Supplement: 66
That's What She Said;Paul Weller;Supplement: 66
Change What You Can;Paul Weller;Supplement: 66
So Quietly;Paul Weller;Supplement: 66
I Walk On Gilded Splinters / Porcelain Gods (Pt. 2);Paul Weller;Stanley Road
Stanley Road;Paul Weller;Stanley Road
Woodcutter's Son;Paul Weller;Stanley Road
Time Passes / Steam;Paul Weller;Stanley Road
You Do Something To Me;Paul Weller;Stanley Road
Out Of The Sinking (Album Version);Paul Weller;Stanley Road
Wings Of Speed;Paul Weller;Stanley Road
Broken Stones;Paul Weller;Stanley Road
Whirlpools' End;Paul Weller;Stanley Road
Pink On White Walls;Paul Weller;Stanley Road
Porcelain Gods (Part One);Paul Weller;Stanley Road
The Changingman (Album Version);Paul Weller;Stanley Road
When you are a King;Paul Weller;Find El Dorado
Never the Same;Paul Weller;Find El Dorado
El Dorado;Paul Weller;Find El Dorado
Where There’s Smoke, There’s Fire;Paul Weller;Find El Dorado
Small Town Talk;Paul Weller;Find El Dorado
White Line Fever;Paul Weller;Find El Dorado
Clive’s Song;Paul Weller;Find El Dorado
I Started a Joke;Paul Weller;Find El Dorado
Handouts in the Rain;Paul Weller;Find El Dorado
Daltry Street;Paul Weller;Find El Dorado
Lawdy Rolla;Paul Weller;Find El Dorado
One Last Cold Kiss;Paul Weller;Find El Dorado
Journey;Paul Weller;Find El Dorado
Nobody’s Fool;Paul Weller;Find El Dorado
Pinball;Paul Weller;Find El Dorado
Dust And Rocks;Paul Weller;Heliocentric
With Time And Temperance;Paul Weller;Heliocentric
A Whale's Tale;Paul Weller;Heliocentric
There Is No Drinking, After You're Dead;Paul Weller;Heliocentric
Frightened;Paul Weller;Heliocentric
Picking Up Sticks;Paul Weller;Heliocentric
Sweet Pea, My Sweet Pea;Paul Weller;Heliocentric
Back In The Fire;Paul Weller;Heliocentric
Love-Less;Paul Weller;Heliocentric
He's The Keeper (Album Version);Paul Weller;Heliocentric
Green;Paul Weller;Sonik Kicks
Study In Blue;Paul Weller;Sonik Kicks
Paperchase;Paul Weller;Sonik Kicks
Dragonfly;Paul Weller;Sonik Kicks
By The Waters;Paul Weller;Sonik Kicks
When Your Garden's Overgrown;Paul Weller;Sonik Kicks
Sleep Of The Serene;Paul Weller;Sonik Kicks
Drifters;Paul Weller;Sonik Kicks
That Dangerous Age;Paul Weller;Sonik Kicks
Twilight;Paul Weller;Sonik Kicks
Around The Lake;Paul Weller;Sonik Kicks
The Attic;Paul Weller;Sonik Kicks
Be Happy Children;Paul Weller;Sonik Kicks
Kling I Klang;Paul Weller;Sonik Kicks
One Bright Star;Paul Weller;22 Dreams
Push It Along;Paul Weller;22 Dreams
Why Walk When You Can Run;Paul Weller;22 Dreams
111;Paul Weller;22 Dreams
Night Lights;Paul Weller;22 Dreams
Lullaby Für Kinder;Paul Weller;22 Dreams
Echoes Round The Sun;Paul Weller;22 Dreams
Have You Made Up Your Mind;Paul Weller;22 Dreams
A Dream Reprise;Paul Weller;22 Dreams
All I Wanna Do (Is Be With You);Paul Weller;22 Dreams
Light Nights;Paul Weller;22 Dreams
Cold Moments;Paul Weller;22 Dreams
The Dark Pages Of September Lead To The New Leaves Of Spring;Paul Weller;22 Dreams
God;Paul Weller;22 Dreams
Song For Alice (Dedicated To The Beautiful Legacy Of Mrs. Coltrane);Paul Weller;22 Dreams
Invisible;Paul Weller;22 Dreams
Sea Spray;Paul Weller;22 Dreams
Empty Ring;Paul Weller;22 Dreams
Black River;Paul Weller;22 Dreams
22 Dreams;Paul Weller;22 Dreams
Where'er Ye Go;Paul Weller;22 Dreams
Savages;Paul Weller;As Is Now
To The Start Of Forever;Paul Weller;As Is Now
From The Floorboards Up;Paul Weller;As Is Now
Fly Little Bird;Paul Weller;As Is Now
Blink And You'll Miss It;Paul Weller;As Is Now
Roll Along Summer;Paul Weller;As Is Now
Here's The Good News;Paul Weller;As Is Now
All On A Misty Morning;Paul Weller;As Is Now
The Pebble And The Boy;Paul Weller;As Is Now
Bring Back The Funk (Pt 1 And 2);Paul Weller;As Is Now
Paper Smile;Paul Weller;As Is Now
Come On/Let's Go;Paul Weller;As Is Now
Pan;Paul Weller;As Is Now
I Wanna Make It Alright;Paul Weller;As Is Now
Phoenix;Paul Weller;Saturns Pattern
Long Time;Paul Weller;Saturns Pattern
In the Car...;Paul Weller;Saturns Pattern
I'm Where I Should Be;Paul Weller;Saturns Pattern
White Sky;Paul Weller;Saturns Pattern
Going My Way;Paul Weller;Saturns Pattern
Pick It Up;Paul Weller;Saturns Pattern
Saturns Pattern;Paul Weller;Saturns Pattern
These City Streets;Paul Weller;Saturns Pattern
Ploughman;Paul Weller;On Sunset
Equanimity;Paul Weller;On Sunset
Old Father Tyme;Paul Weller;On Sunset
On Sunset;Paul Weller;On Sunset
Baptiste;Paul Weller;On Sunset
Rockets;Paul Weller;On Sunset
More;Paul Weller;On Sunset
4th Dimension;Paul Weller;On Sunset
Village;Paul Weller;On Sunset
On Sunset (Orchestral Mix);Paul Weller;On Sunset
Mirror Ball;Paul Weller;On Sunset
Walkin';Paul Weller;On Sunset
I’ll Think Of Something;Paul Weller;On Sunset
Baptiste (Instrumental);Paul Weller;On Sunset
Earth Beat;Paul Weller;On Sunset
Friday Street;Paul Weller;Heavy Soul
Science / Brushed;Paul Weller;Heavy Soul
Driving Nowhere;Paul Weller;Heavy Soul
I Should Have Been There To Inspire You;Paul Weller;Heavy Soul
Up In Suzes' Room;Paul Weller;Heavy Soul
Mermaids;Paul Weller;Heavy Soul
As You Lean Into The Light;Paul Weller;Heavy Soul
Peacock Suit (Single / Album  Version);Paul Weller;Heavy Soul
Heavy Soul (Part 1);Paul Weller;Heavy Soul
Heavy Soul (Part 2);Paul Weller;Heavy Soul
Brushed;Paul Weller;Heavy Soul
Golden Sands;Paul Weller;Heavy Soul
Hopper  (Instrumental);Paul Weller;A Kind Revolution 
New York;Paul Weller;A Kind Revolution 
Woo Sé Mama  (E & TC Remix);Paul Weller;A Kind Revolution 
Woo Sé Mama  (Instrumental);Paul Weller;A Kind Revolution 
One Tear  (Instrumental);Paul Weller;A Kind Revolution 
Woo Sé Mama;Paul Weller;A Kind Revolution 
"New York   (Nightwatch; Prof. Kybert Remix)";Paul Weller;A Kind Revolution 
Satellite Kid  (Instrumental);Paul Weller;A Kind Revolution 
Long Long Road;Paul Weller;A Kind Revolution 
Long Long Road  (Instrumental);Paul Weller;A Kind Revolution 
Satellite Kid;Paul Weller;A Kind Revolution 
She Moves with the Fayre  (Villagers Remix);Paul Weller;A Kind Revolution 
Alpha;Paul Weller;A Kind Revolution 
The Cranes are Back;Paul Weller;A Kind Revolution 
"One Tear   (Club Cut; Prof. Kybert Remix)";Paul Weller;A Kind Revolution 
Hopper;Paul Weller;A Kind Revolution 
Satellite Kid  (Syd Arthur Remix);Paul Weller;A Kind Revolution 
Hopper  (White Label Remix);Paul Weller;A Kind Revolution 
She Moves with the Fayre  (Instrumental);Paul Weller;A Kind Revolution 
New York  (Instrumental);Paul Weller;A Kind Revolution 
Nova;Paul Weller;A Kind Revolution 
"She Moves with the Fayre   (Breakdown Instrumental; Prof. Kybert Remix)";Paul Weller;A Kind Revolution 
Nova  (Instrumental);Paul Weller;A Kind Revolution 
The Cranes are Back  (Instrumental);Paul Weller;A Kind Revolution 
She Moves with the Fayre;Paul Weller;A Kind Revolution 
The Impossible Idea  (Instrumental);Paul Weller;A Kind Revolution 
One Tear;Paul Weller;A Kind Revolution 
The Impossible Idea;Paul Weller;A Kind Revolution 
Nova  (Toy Remix);Paul Weller;A Kind Revolution 
Shades Of Blue;Paul Weller;Fat Pop (Volume 1)
That Pleasure;Paul Weller;Fat Pop (Volume 1)
Still Glides The Stream;Paul Weller;Fat Pop (Volume 1)
Cobweb / Connections;Paul Weller;Fat Pop (Volume 1)
Moving Canvas;Paul Weller;Fat Pop (Volume 1)
Testify;Paul Weller;Fat Pop (Volume 1)
True;Paul Weller;Fat Pop (Volume 1)
In Better Times;Paul Weller;Fat Pop (Volume 1)
Fat Pop;Paul Weller;Fat Pop (Volume 1)
Cosmic Fringes;Paul Weller;Fat Pop (Volume 1)
Glad Times;Paul Weller;Fat Pop (Volume 1)
Failed;Paul Weller;Fat Pop (Volume 1)
Wake Up The Nation (Remastered 2020);Paul Weller;Wake Up The Nation
Whatever Next (Remastered 2020);Paul Weller;Wake Up The Nation
Andromeda (Remastered 2020);Paul Weller;Wake Up The Nation
Up The Dosage (Remastered 2020);Paul Weller;Wake Up The Nation
Fast Car / Slow Traffic (Remastered 2020);Paul Weller;Wake Up The Nation
Grasp & Still Connect (Remastered 2020);Paul Weller;Wake Up The Nation
Find The Torch / Burn The Plans (Remastered 2020);Paul Weller;Wake Up The Nation
Trees (Remastered 2020);Paul Weller;Wake Up The Nation
She Speaks (Remastered 2020);Paul Weller;Wake Up The Nation
In Amsterdam (Remastered 2020);Paul Weller;Wake Up The Nation
Aim High (Remastered 2020);Paul Weller;Wake Up The Nation
Two Fat Ladies (Remastered 2020);Paul Weller;Wake Up The Nation
7 & 3 Is The Striker's Name (Remastered 2020);Paul Weller;Wake Up The Nation
Moonshine (Remastered 2020);Paul Weller;Wake Up The Nation
No Tears To Cry (Remastered 2020);Paul Weller;Wake Up The Nation
Pieces Of A Dream (Remastered 2020);Paul Weller;Wake Up The Nation
Push Button, Automatic;Paul Weller;Illumination
Horseshoe Drama;Paul Weller;Illumination
Standing Out In The Universe;Paul Weller;Illumination
It’s Written In The Stars;Paul Weller;Illumination
All Good Books;Paul Weller;Illumination
Call Me No. 5;Paul Weller;Illumination
Illumination;Paul Weller;Illumination
Leafy Mysteries;Paul Weller;Illumination
Now The Night Is Here;Paul Weller;Illumination
Bag Man;Paul Weller;Illumination
Who Brings Joy;Paul Weller;Illumination
Going Places;Paul Weller;Illumination
One X One;Paul Weller;Illumination
Spring (At Last);Paul Weller;Illumination
Talisman;Paul Weller;Illumination
A Bullet For Everyone;Paul Weller;Illumination
A Glimpse Of You;Paul Weller;66
Rise Up Singing;Paul Weller;66
Sleepy Hollow;Paul Weller;66
Nothing;Paul Weller;66
In Full Flight;Paul Weller;66
Ship Of Fools;Paul Weller;66
My Best Friend's Coat;Paul Weller;66
Burn Out;Paul Weller;66
Flying Fish;Paul Weller;66
I Woke Up;Paul Weller;66
Jumble Queen;Paul Weller;66
Soul Wandering;Paul Weller;66
This Is No Time (Royal Albert Hall Live Version);Paul Weller;Live Wood
Sunflower (Paradiso Live Version);Paul Weller;Live Wood
Remember How We Started / Dominoes (Wolverhampton Civic Hall Live Version);Paul Weller;Live Wood
Shadow Of The Sun (Paradiso Live Version);Paul Weller;Live Wood
Above The Clouds (Wolverhampton Civic Hall Live Version);Paul Weller;Live Wood
5th Season (Royal Albert Hall Live Version);Paul Weller;Live Wood
Into Tomorrow (La Luna Live Version);Paul Weller;Live Wood
All The Pictures On The Wall (Royal Albert Hall Live Version);Paul Weller;Live Wood
Can You Heal Us (Holy Man) / War (Wolverhampton Civic Hall Live Version);Paul Weller;Live Wood
Has My Fire Really Gone Out? (Paradiso Live Version);Paul Weller;Live Wood
Wild Wood (Wolverhampton Civic Hall Live Version);Paul Weller;Live Wood
Foot Of The Mountain (Royal Albert Hall Live Version);Paul Weller;Live Wood
Bull-Rush / Magic Bus (Royal Albert Hall November Live Version);Paul Weller;Live Wood
Boo to You Too;Nick Mason;Nick Mason's Fictitious Sports
Can't Get My Motor to Start;Nick Mason;Nick Mason's Fictitious Sports
Siam;Nick Mason;Nick Mason's Fictitious Sports
Wervin';Nick Mason;Nick Mason's Fictitious Sports
I Was Wrong;Nick Mason;Nick Mason's Fictitious Sports
I'm a Mineralist;Nick Mason;Nick Mason's Fictitious Sports
Do Ya?;Nick Mason;Nick Mason's Fictitious Sports
Hot River;Nick Mason;Nick Mason's Fictitious Sports
Hunger;Hector Zazou;Sahara Blue
Harar et les Gallas;Hector Zazou;Sahara Blue
Black Stream;Hector Zazou;Sahara Blue
Sahara Blue (Brussels);Hector Zazou;Sahara Blue
Hapolot Kenym;Hector Zazou;Sahara Blue
Amdyaz;Hector Zazou;Sahara Blue
Ophélie;Hector Zazou;Sahara Blue
Lettre au Directeur des Messageries Maritimes;Hector Zazou;Sahara Blue
Youth;Hector Zazou;Sahara Blue
I'll Strangle You;Hector Zazou;Sahara Blue
Lines;Hector Zazou;Sahara Blue
First Evening;Hector Zazou;Sahara Blue
Much Later (Album Version);Wynton Marsalis;J Mood
J Mood (Album Version);Wynton Marsalis;J Mood
After (Album Version);Wynton Marsalis;J Mood
Skain's Domain (Album Version);Wynton Marsalis;J Mood
Insane Asylum (Album Version);Wynton Marsalis;J Mood
Presence That Lament Brings (Album Version);Wynton Marsalis;J Mood
Melodique (Album Version);Wynton Marsalis;J Mood
We're All Water (Remastered 2010);Yoko Ono;Sometime In New York City
Attica State (Remastered 2010);John Lennon;Sometime In New York City
The Luck Of The Irish (Remastered 2010);John Lennon;Sometime In New York City
Angela (Remastered 2010);John Lennon;Sometime In New York City
Woman Is The Nigger Of The World (Remastered 2010);John Lennon;Sometime In New York City
John Sinclair (Remastered 2010);John Lennon;Sometime In New York City
Born In A Prison (Remastered 2010);Yoko Ono;Sometime In New York City
Sunday Bloody Sunday (Remastered 2010);John Lennon;Sometime In New York City
New York City (Remastered 2010);John Lennon;Sometime In New York City
Sisters, O Sisters (Remastered 2010);Yoko Ono;Sometime In New York City
Scumbag (Live);John Lennon;Sometime In New York City
Well (Baby Please Don't Go) (Live);John Lennon;Sometime In New York City
Jamrag (Live);John Lennon;Sometime In New York City
Cold Turkey (Live);John Lennon;Sometime In New York City
Au (Live);John Lennon;Sometime In New York City
Don't Worry Kyoko (Live);John Lennon;Sometime In New York City
Well Well Well (Remastered 2010);John Lennon;Plastic Ono Band
Working Class Hero (Remastered 2010);John Lennon;Plastic Ono Band
My Mummy's Dead (Remastered 2010);John Lennon;Plastic Ono Band
Isolation (Remastered 2010);John Lennon;Plastic Ono Band
Look At Me (Remastered 2010);John Lennon;Plastic Ono Band
Love (Remastered 2010);John Lennon;Plastic Ono Band
God (Remastered 2010);John Lennon;Plastic Ono Band
Mother (Remastered 2010);John Lennon;Plastic Ono Band
Hold On (Remastered 2010);John Lennon;Plastic Ono Band
I Found Out (Remastered 2010);John Lennon;Plastic Ono Band
Remember (Remastered 2010);John Lennon;Plastic Ono Band
Sweet Little Sixteen (Remastered 2010);John Lennon;Rock 'N' Roll
Bring It On Home To Me / Send Me Some Lovin' (Remastered 2010);John Lennon;Rock 'N' Roll
Slippin' And Slidin' (Remastered 2010);John Lennon;Rock 'N' Roll
You Can't Catch Me (Remastered 2010);John Lennon;Rock 'N' Roll
Just Because (Remastered 2010);John Lennon;Rock 'N' Roll
Bony Moronie (Remastered 2010);John Lennon;Rock 'N' Roll
Ain't That A Shame (Remastered 2010);John Lennon;Rock 'N' Roll
Ya Ya (Remastered 2010);John Lennon;Rock 'N' Roll
Do You Want To Dance (Remastered 2010);John Lennon;Rock 'N' Roll
Peggy Sue (Remastered 2010);John Lennon;Rock 'N' Roll
Rip It Up / Ready Teddy (Remastered 2010);John Lennon;Rock 'N' Roll
Stand By Me (Remastered 2010);John Lennon;Rock 'N' Roll
Be-Bop-A-Lula (Remastered 2010);John Lennon;Rock 'N' Roll
Steel And Glass (Remastered 2010);John Lennon;Walls And Bridges
What You Got (Remastered 2010);John Lennon;Walls And Bridges
Going Down On Love (Remastered 2010);John Lennon;Walls And Bridges
Bless You (Remastered 2010);John Lennon;Walls And Bridges
Whatever Gets You Thru The Night (Remastered 2010);John Lennon;Walls And Bridges
Beef Jerky (Remastered 2010);John Lennon;Walls And Bridges
Scared (Remastered 2010);John Lennon;Walls And Bridges
Ya Ya (Remastered 2010);John Lennon;Walls And Bridges
Surprise Surprise (Sweet Bird Of Paradox) (Remastered 2010);John Lennon;Walls And Bridges
Nobody Loves You (When You're Down And Out) (Remastered 2010);John Lennon;Walls And Bridges
Old Dirt Road (Remastered 2010);John Lennon;Walls And Bridges
#9 Dream (Remastered 2010);John Lennon;Walls And Bridges
Let Me Count The Ways (Remastered 2010);Yoko Ono;Milk And Honey
(Forgive Me) My Little Flower Princess (Remastered 2010);John Lennon;Milk And Honey
Your Hands (Remastered 2010);Yoko Ono;Milk And Honey
O'Sanity (Remastered 2010);Yoko Ono;Milk And Honey
Nobody Told Me (Remastered 2010);John Lennon;Milk And Honey
You're The One (Remastered 2010);Yoko Ono;Milk And Honey
Grow Old With Me (Remastered 2010);John Lennon;Milk And Honey
Sleepless Night (Remastered 2010);Yoko Ono;Milk And Honey
I'm Stepping Out (Remastered 2010);John Lennon;Milk And Honey
Borrowed Time (Remastered 2010);John Lennon;Milk And Honey
I Don't Wanna Face It (Remastered 2010);John Lennon;Milk And Honey
Don't Be Scared (Remastered 2010);Yoko Ono;Milk And Honey
Dear Yoko (2010 Remix);John Lennon;Double Fantasy Stripped Down
Watching The Wheels (2010 Remix);John Lennon;Double Fantasy Stripped Down
Cleanup Time (2010 Remix);John Lennon;Double Fantasy Stripped Down
Yes, I'm Your Angel (2010 Remix);Yoko Ono;Double Fantasy Stripped Down
Beautiful Boys (2010 Remix);Yoko Ono;Double Fantasy Stripped Down
I'm Moving On (2010 Remix);Yoko Ono;Double Fantasy Stripped Down
I'm Losing You (2010 Remix);John Lennon;Double Fantasy Stripped Down
Woman (2010 Remix);John Lennon;Double Fantasy Stripped Down
Hard Times Are Over (2010 Remix);Yoko Ono;Double Fantasy Stripped Down
(Just Like) Starting Over (2010 Remix);John Lennon;Double Fantasy Stripped Down
Kiss Kiss Kiss (2010 Remix);Yoko Ono;Double Fantasy Stripped Down
Every Man Has A Woman Who Loves Him (2010 Remix);Yoko Ono;Double Fantasy Stripped Down
Give Me Something (2010 Remix);Yoko Ono;Double Fantasy Stripped Down
Beautiful Boy (Darling Boy) (2010 Remix);John Lennon;Double Fantasy Stripped Down
Dear Yoko (Remastered 2010);John Lennon;Double Fantasy Stripped Down
Watching The Wheels (Remastered 2010);John Lennon;Double Fantasy Stripped Down
Cleanup Time (Remastered 2010);John Lennon;Double Fantasy Stripped Down
Yes, I'm Your Angel (Remastered 2010);Yoko Ono;Double Fantasy Stripped Down
Beautiful Boys (Remastered 2010);Yoko Ono;Double Fantasy Stripped Down
I'm Moving On (Remastered 2010);Yoko Ono;Double Fantasy Stripped Down
I'm Losing You (Remastered 2010);John Lennon;Double Fantasy Stripped Down
Woman (Remastered 2010);John Lennon;Double Fantasy Stripped Down
Hard Times Are Over (Remastered 2010);Yoko Ono;Double Fantasy Stripped Down
(Just Like) Starting Over (Remastered 2010);John Lennon;Double Fantasy Stripped Down
Kiss Kiss Kiss (Remastered 2010);Yoko Ono;Double Fantasy Stripped Down
Every Man Has A Woman Who Loves Him (Remastered 2010);Yoko Ono;Double Fantasy Stripped Down
Give Me Something (Remastered 2010);Yoko Ono;Double Fantasy Stripped Down
Beautiful Boy (Darling Boy) (Remastered 2010);John Lennon;Double Fantasy Stripped Down
Meat City (Remastered 2010);John Lennon;Mind Games
Bring On The Lucie (Freda Peeple) (Remastered 2010);John Lennon;Mind Games
Only People (Remastered 2010);John Lennon;Mind Games
Nutopian International Anthem (Remastered 2010);John Lennon;Mind Games
Tight A$ (Remastered 2010);John Lennon;Mind Games
You Are Here (Remastered 2010);John Lennon;Mind Games
Out The Blue (Remastered 2010);John Lennon;Mind Games
Mind Games (Remastered 2010);John Lennon;Mind Games
Aisumasen (I'm Sorry) (Remastered 2010);John Lennon;Mind Games
I Know (I Know) (Remastered 2010);John Lennon;Mind Games
Intuition (Remastered 2010);John Lennon;Mind Games
One Day (At A Time) (Remastered 2010);John Lennon;Mind Games
Woman Is the Nigger of the World;John Lennon;Live in New York City
Come Together;John Lennon;Live in New York City
Hound Dog;John Lennon;Live in New York City
Cold Turkey;John Lennon;Live in New York City
It's So Hard;John Lennon;Live in New York City
Imagine;John Lennon;Live in New York City
Give Peace a Chance;John Lennon;Live in New York City
Well Well Welll;John Lennon;Live in New York City
Mother;John Lennon;Live in New York City
New York City;John Lennon;Live in New York City
Instant Karma (We All Shine On);John Lennon;Live in New York City
Oh My Love (Remastered 2010);John Lennon;Imagine
It's So Hard (Remastered 2010);John Lennon;Imagine
Oh Yoko! (Remastered 2010);John Lennon;Imagine
Jealous Guy (Remastered 2010);John Lennon;Imagine
Gimme Some Truth (Remastered 2010);John Lennon;Imagine
I Don't Wanna Be A Soldier Mama (Remastered 2010);John Lennon;Imagine
How? (Remastered 2010);John Lennon;Imagine
How Do You Sleep? (Remastered 2010);John Lennon;Imagine
Imagine (Remastered 2010);John Lennon;Imagine
Crippled Inside (Remastered 2010);John Lennon;Imagine
Swastika Girls II;Robert Fripp;No Pussyfooting
The Heavenly Music Corporation III;Robert Fripp;No Pussyfooting
The Heavenly Music Corporation I;Robert Fripp;No Pussyfooting
The Heavenly Music Corporation II;Robert Fripp;No Pussyfooting
Swastika Girls I;Robert Fripp;No Pussyfooting
The Heavenly Music Corporation IV;Robert Fripp;No Pussyfooting
The Heavenly Music Corporation V;Robert Fripp;No Pussyfooting
Miles Ahead (Album Version);Miles Davis;Miles Ahead 
Blues For Pablo (Album Version);Miles Davis;Miles Ahead 
Blues for Pablo (Album Version);Miles Davis;Miles Ahead 
I Don't Wanna Be Kissed ( By Anyone But You) (Album Version);Miles Davis;Miles Ahead 
The Meaning Of The Blues (Album Version);Miles Davis;Miles Ahead 
Springsville (Album Version);Miles Davis;Miles Ahead 
The Duke (Album Version);Miles Davis;Miles Ahead 
The Maids Of Cadiz (Album Version);Miles Davis;Miles Ahead 
Lament (Album Version);Miles Davis;Miles Ahead 
I Don't Wanna Be Kissed (By Anyone But You) (Album Version);Miles Davis;Miles Ahead 
My Ship (Album Version);Miles Davis;Miles Ahead 
Medley: The Meaning of the Blues/Lament (Rehearsal) (Album Version);Miles Davis;Miles Ahead 
New Rhumba (Album Version);Miles Davis;Miles Ahead 
Springsville (Album Version);Miles Davis;Miles Ahead 
Pharaoh's Dance;Miles Davis;Bitches Brew
Bitches Brew;Miles Davis;Bitches Brew
Sanctuary;Miles Davis;Bitches Brew
John McLaughlin;Miles Davis;Bitches Brew
Spanish Key;Miles Davis;Bitches Brew
Miles Runs the Voodoo Down;Miles Davis;Bitches Brew
Freaky Deaky, Part 2;Miles Davis;That's What Happened 1982-1985: The Bootleg Series, Vol. 7
Minor Ninths, Part 1;Miles Davis;That's What Happened 1982-1985: The Bootleg Series, Vol. 7
Minor Ninths, Part 2;Miles Davis;That's What Happened 1982-1985: The Bootleg Series, Vol. 7
Remake Of OBX Ballad;Miles Davis;That's What Happened 1982-1985: The Bootleg Series, Vol. 7
Celestial Blues, Part 3;Miles Davis;That's What Happened 1982-1985: The Bootleg Series, Vol. 7
Celestial Blues, Part 2;Miles Davis;That's What Happened 1982-1985: The Bootleg Series, Vol. 7
Remake Of OBX Ballad  (Full Studio Session);Miles Davis;That's What Happened 1982-1985: The Bootleg Series, Vol. 7
Santana;Miles Davis;That's What Happened 1982-1985: The Bootleg Series, Vol. 7
Freaky Deaky, Part 1;Miles Davis;That's What Happened 1982-1985: The Bootleg Series, Vol. 7
Celestial Blues, Part 1;Miles Davis;That's What Happened 1982-1985: The Bootleg Series, Vol. 7
Jean-Pierre  (Live at Theatre St-Denis, Montreal, Canada - July 7, 1983);Miles Davis;That's What Happened 1982-1985: The Bootleg Series, Vol. 7
Star People  (Live at Theatre St-Denis, Montreal, Canada - July 7, 1983);Miles Davis;That's What Happened 1982-1985: The Bootleg Series, Vol. 7
Code 3  (Live at Theatre St-Denis, Montreal, Canada - July 7, 1983);Miles Davis;That's What Happened 1982-1985: The Bootleg Series, Vol. 7
Creepin' In (Jam)  (Live at Theatre St-Denis, Montreal, Canada - July 7, 1983);Miles Davis;That's What Happened 1982-1985: The Bootleg Series, Vol. 7
It Gets Better  (Live at Theatre St-Denis, Montreal, Canada - July 7, 1983);Miles Davis;That's What Happened 1982-1985: The Bootleg Series, Vol. 7
Hopscotch  (Live at Theatre St-Denis, Montreal, Canada - July 7, 1983);Miles Davis;That's What Happened 1982-1985: The Bootleg Series, Vol. 7
Star On Cicely  (Live at Theatre St-Denis, Montreal, Canada - July 7, 1983);Miles Davis;That's What Happened 1982-1985: The Bootleg Series, Vol. 7
What It Is  (Live at Theatre St-Denis, Montreal, Canada - July 7, 1983);Miles Davis;That's What Happened 1982-1985: The Bootleg Series, Vol. 7
Speak (That's What Happened)  (Live at Theatre St-Denis, Montreal, Canada - July 7, 1983);Miles Davis;That's What Happened 1982-1985: The Bootleg Series, Vol. 7
Theme From Jack Johnson (Right Off) / Intro;Miles Davis;That's What Happened 1982-1985: The Bootleg Series, Vol. 7
Time After Time  (Alternate);Miles Davis;That's What Happened 1982-1985: The Bootleg Series, Vol. 7
Never Loved Like This  (Studio Session Demo);Miles Davis;That's What Happened 1982-1985: The Bootleg Series, Vol. 7
Hopscotch  (Fast);Miles Davis;That's What Happened 1982-1985: The Bootleg Series, Vol. 7
Katia  (Full Studio Session);Miles Davis;That's What Happened 1982-1985: The Bootleg Series, Vol. 7
Time After Time  (Full Studio Session);Miles Davis;That's What Happened 1982-1985: The Bootleg Series, Vol. 7
Hopscotch  (Slow);Miles Davis;That's What Happened 1982-1985: The Bootleg Series, Vol. 7
What's Love Got To Do With It;Miles Davis;That's What Happened 1982-1985: The Bootleg Series, Vol. 7
Human Nature  (Alternate);Miles Davis;That's What Happened 1982-1985: The Bootleg Series, Vol. 7
High Speed Chase;Miles Davis;Doo-Bop
Fantasy;Miles Davis (With Easy Mo Bee);Doo-Bop
Blow;Miles Davis (With Easy Mo Bee);Doo-Bop
Duke Booty;Miles Davis;Doo-Bop
Mystery;Miles Davis;Doo-Bop
The Doo-Bop Song;Miles Davis;Doo-Bop
Mystery  (Reprise);Miles Davis;Doo-Bop
Chocolate Chip;Miles Davis;Doo-Bop
Sonya;Miles Davis;Doo-Bop
Freddie Freeloader;Miles Davis;Kind Of Blue
Blue in Green;Miles Davis;Kind Of Blue
All Blues;Miles Davis;Kind Of Blue
So What;Miles Davis;Kind Of Blue
Flamenco Sketches;Miles Davis;Kind Of Blue
Human Nature (Album Version);Miles Davis;You're Under Arrest
Ms. Morrisine (Album Version);Miles Davis;You're Under Arrest
Time After Time (Album Version);Miles Davis;You're Under Arrest
Katia (Album Version);Miles Davis;You're Under Arrest
MD1/Something's On Your Mind/MD2 (Album Version);Miles Davis;You're Under Arrest
Katia Prelude (Album Version);Miles Davis;You're Under Arrest
One Phone Call/Street Scenes (Album Version);Miles Davis;You're Under Arrest
Jean Pierre/You're Under/ Then There Were None (Album Version);Miles Davis;You're Under Arrest
You're Under Arrest (Album Version);Miles Davis;You're Under Arrest
Catembe;Miles Davis;Amandla
Hannibal;Miles Davis;Amandla
Cobra;Miles Davis;Amandla
Big Time;Miles Davis;Amandla
Amandla;Miles Davis;Amandla
Mr. Pastorius;Miles Davis;Amandla
Jilli;Miles Davis;Amandla
Jo-Jo;Miles Davis;Amandla
"Dîner au motel (Take 2 - Bande originale du film ""Ascenseur pour l'échafaud"")";Miles Davis;Ascenseur pour l'échafaud
"Florence sur les Champs-Élysées (Bande originale du film ""Ascenseur pour l'échafaud"")";Miles Davis;Ascenseur pour l'échafaud
"Final (Take 1 - Bande originale du film ""Ascenseur pour l'échafaud"")";Miles Davis;Ascenseur pour l'échafaud
"Nuit sur les Champs-Élysées (Take 2 - Bande originale du film ""Ascenseur pour l'échafaud"")";Miles Davis;Ascenseur pour l'échafaud
"Sur l'autoroute (Bande originale du film ""Ascenseur pour l'échafaud"")";Miles Davis;Ascenseur pour l'échafaud
"Le petit bal (Take 1 - Bande originale du film ""Ascenseur pour l'échafaud"")";Miles Davis;Ascenseur pour l'échafaud
"Final (Take 2 - Bande originale du film ""Ascenseur pour l'échafaud"")";Miles Davis;Ascenseur pour l'échafaud
"Nuit sur les Champs-Élysées (Take 1 - Bande originale du film ""Ascenseur pour l'échafaud"")";Miles Davis;Ascenseur pour l'échafaud
"Assassinat (Take 1 - Bande originale du film ""Ascenseur pour l'échafaud"")";Miles Davis;Ascenseur pour l'échafaud
"Assassinat (Take 3 - Bande originale du film ""Ascenseur pour l'échafaud"")";Miles Davis;Ascenseur pour l'échafaud
"Dîner au motel (Bande originale du film ""Ascenseur pour l'échafaud"")";Miles Davis;Ascenseur pour l'échafaud
"Visite du vigile (Bande originale du film ""Ascenseur pour l'échafaud"")";Miles Davis;Ascenseur pour l'échafaud
"L'interrogatoire de Julien (Take 1 - Bande originale du film ""Ascenseur pour l'échafaud"")";Miles Davis;Ascenseur pour l'échafaud
"L'assassinat de Carala (Bande originale du film ""Ascenseur pour l'échafaud"")";Miles Davis;Ascenseur pour l'échafaud
"Générique (Bande originale du film ""Ascenseur pour l'échafaud"")";Miles Davis;Ascenseur pour l'échafaud
"Évasion de Julien (Take 2 - Bande originale du film ""Ascenseur pour l'échafaud"")";Miles Davis;Ascenseur pour l'échafaud
"Séquence voiture (Take 1 - Bande originale du film ""Ascenseur pour l'échafaud"")";Miles Davis;Ascenseur pour l'échafaud
"Au bar du Petit Bac (Bande originale du film ""Ascenseur pour l'échafaud"")";Miles Davis;Ascenseur pour l'échafaud
"Assassinat (Take 2 - Bande originale du film ""Ascenseur pour l'échafaud"")";Miles Davis;Ascenseur pour l'échafaud
"Nuit sur les Champs-Élysées (Take 4 - Bande originale du film ""Ascenseur pour l'échafaud"")";Miles Davis;Ascenseur pour l'échafaud
"Évasion de Julien (Bande originale du film ""Ascenseur pour l'échafaud"")";Miles Davis;Ascenseur pour l'échafaud
"Final (Take 3 - Bande originale du film ""Ascenseur pour l'échafaud"")";Miles Davis;Ascenseur pour l'échafaud
"Nuit sur les Champs-Élysées (Take 3 - Bande originale du film ""Ascenseur pour l'échafaud"")";Miles Davis;Ascenseur pour l'échafaud
"Julien dans l'ascenseur (Bande originale du film ""Ascenseur pour l'échafaud"")";Miles Davis;Ascenseur pour l'échafaud
"Chez le photographe du motel (Bande originale du film ""Ascenseur pour l'échafaud"")";Miles Davis;Ascenseur pour l'échafaud
"Séquence voiture (Take 2 - Bande originale du film ""Ascenseur pour l'échafaud"")";Miles Davis;Ascenseur pour l'échafaud
"Le petit bal (Take 2 - Bande originale du film ""Ascenseur pour l'échafaud"")";Miles Davis;Ascenseur pour l'échafaud
The Man With the Horn (2022 Remaster) (Album Version);Miles Davis;The Man With The Horn
Aida;Miles Davis;The Man With The Horn
Shout (2022 Remaster) (Album Version);Miles Davis;The Man With The Horn
Back Seat Betty;Miles Davis;The Man With The Horn
Fat Time (2022 Remaster) (Album Version);Miles Davis;The Man With The Horn
Ursula;Miles Davis;The Man With The Horn
In a Silent Way (Original LP Mix From 1969);Miles Davis;In A Silent Way
Shhh / Peaceful (Original LP Mix From 1969);Miles Davis;In A Silent Way
Portia;Miles Davis;Tutu
Splatch;Miles Davis;Tutu
Full Nelson;Miles Davis;Tutu
Tutu;Miles Davis;Tutu
Backyard Ritual;Miles Davis;Tutu
Don't Lose Your Mind;Miles Davis;Tutu
Perfect Way;Miles Davis;Tutu
Tomaas;Miles Davis;Tutu
That's What Happened;Miles Davis;Decoy
That's Right;Miles Davis;Decoy
Decoy;Miles Davis;Decoy
What It Is;Miles Davis;Decoy
Robot 415;Miles Davis;Decoy
Code M.D.;Miles Davis;Decoy
Freaky Deaky;Miles Davis;Decoy
Paradise (feat. Medina Johnson);Miles Davis;Rubberband
See I See;Miles Davis;Rubberband
This Is It;Miles Davis;Rubberband
Echoes in Time / The Wrinkle;Miles Davis;Rubberband
Rubberband of Life (feat. Ledisi);Miles Davis;Rubberband
So Emotional (feat. Lalah Hathaway);Miles Davis;Rubberband
Carnival Time;Miles Davis;Rubberband
I Love What We Make Together (feat. Randy Hall);Miles Davis;Rubberband
Rubberband;Miles Davis;Rubberband
Give It Up;Miles Davis;Rubberband
Maze;Miles Davis;Rubberband
Here Come De Honey Man (Remastered);Miles Davis;Porgy And Bess
I Loves You, Porgy (Remastered);Miles Davis;Porgy And Bess
It Ain't Necessarily So (Remastered);Miles Davis;Porgy And Bess
Summertime (Remastered);Miles Davis;Porgy And Bess
My Man's Gone Now (Remastered);Miles Davis;Porgy And Bess
Fishermen, Strawberry And Devil Crab (Remastered);Miles Davis;Porgy And Bess
There's A Boat That's Leaving Soon For New York (Remastered);Miles Davis;Porgy And Bess
Gone, Gone, Gone (Remastered);Miles Davis;Porgy And Bess
Bess, You Is My Woman Now (Remastered);Miles Davis;Porgy And Bess
Bess, Oh Where's My Bess (Remastered);Miles Davis;Porgy And Bess
Prayer (Oh Doctor Jesus) (Remastered);Miles Davis;Porgy And Bess
The Buzzard Song (Remastered);Miles Davis;Porgy And Bess
Gone (Remastered);Miles Davis;Porgy And Bess
Concierto De Aranjuez (Adagio) (Alternate Take, Part Two);Miles Davis;Sketches of Spain 50th Anniversary (Legacy Edition, Remastered, Doxy Collection)
Concierto De Aranjuez (Adagio) (Alternate Take, Part One);Miles Davis;Sketches of Spain 50th Anniversary (Legacy Edition, Remastered, Doxy Collection)
Concierto De Aranjuez (Adagio) (Rehearsal Take);Miles Davis;Sketches of Spain 50th Anniversary (Legacy Edition, Remastered, Doxy Collection)
Concierto De Aranjuez (Adagio) (Alternate Ending);Miles Davis;Sketches of Spain 50th Anniversary (Legacy Edition, Remastered, Doxy Collection)
Song of Our Country (Take 9);Miles Davis;Sketches of Spain 50th Anniversary (Legacy Edition, Remastered, Doxy Collection)
Teo;Miles Davis;Sketches of Spain 50th Anniversary (Legacy Edition, Remastered, Doxy Collection)
Solea;Miles Davis;Sketches of Spain 50th Anniversary (Legacy Edition, Remastered, Doxy Collection)
The Pan Piper;Miles Davis;Sketches of Spain 50th Anniversary (Legacy Edition, Remastered, Doxy Collection)
Song of Our Country (Take 14);Miles Davis;Sketches of Spain 50th Anniversary (Legacy Edition, Remastered, Doxy Collection)
Concierto De Aranjuez (Adagio) (Live);Miles Davis;Sketches of Spain 50th Anniversary (Legacy Edition, Remastered, Doxy Collection)
The Pan Piper (Take 1);Miles Davis;Sketches of Spain 50th Anniversary (Legacy Edition, Remastered, Doxy Collection)
Song of Our Country;Miles Davis;Sketches of Spain 50th Anniversary (Legacy Edition, Remastered, Doxy Collection)
Concierto De Aranjuez (Adagio);Miles Davis;Sketches of Spain 50th Anniversary (Legacy Edition, Remastered, Doxy Collection)
Saeta (Full Version Master);Miles Davis;Sketches of Spain 50th Anniversary (Legacy Edition, Remastered, Doxy Collection)
Saeta;Miles Davis;Sketches of Spain 50th Anniversary (Legacy Edition, Remastered, Doxy Collection)
Will o' the Wisp;Miles Davis;Sketches of Spain 50th Anniversary (Legacy Edition, Remastered, Doxy Collection)
The Maids of Cadiz;Miles Davis;Sketches of Spain 50th Anniversary (Legacy Edition, Remastered, Doxy Collection)
Toro Wa Ngoro;Mercy Mwenje;Ndathima
Thii Uhoro;Mercy Mwenje;Ndathima
Kihiko;Mercy Mwenje;Ndathima
Kiruugu Matuini;Mercy Mwenje;Ndathima
Ngai maririkane;Mercy Mwenje;Ndathima
Ungitara Irathimo;Mercy Mwenje;Ndathima
Ndugakue Ngoro;Mercy Mwenje;Ndathima
Tukwihoke Baba;Mercy Mwenje;Ndathima
Ndathima;Mercy Mwenje;Ndathima
Maitu;Mercy Mwenje;Ndathima
Mathagu;Mercy Mwenje;Ndathima
Nigwenda;Mercy Mwenje;Ndathima
Niathakaritie;Mercy Mwenje;Ndathima
Indo Cia Thi;Mercy Mwenje;Ndathima
Cana ya Galilee;Mercy Mwenje;Ndathima
Have You Ever Been Lonely;Paul Buchanan;Mid Air
My True Country (Piano Version);Paul Buchanan;Mid Air
Tuesday;Paul Buchanan;Mid Air
Half the World;Paul Buchanan;Mid Air
Wedding Party;Paul Buchanan;Mid Air
Mid Air;Paul Buchanan;Mid Air
Newsroom;Paul Buchanan;Mid Air
Summer's on It's Way;Paul Buchanan;Mid Air
God Is Laughing;Paul Buchanan;Mid Air
Lost;Paul Buchanan;Mid Air
I Remember You;Paul Buchanan;Mid Air
After Dark (Instrumental);Paul Buchanan;Mid Air
Fin de siècle;Paul Buchanan;Mid Air
Half the World (Live);Paul Buchanan;Mid Air
After Dark;Paul Buchanan;Mid Air
A Movie Magazine (Instrumental);Paul Buchanan;Mid Air
Buy a Motor Car (Elegance Mix);Paul Buchanan;Mid Air
Tuesday (Instrumental);Paul Buchanan;Mid Air
My True Country;Paul Buchanan;Mid Air
A Movie Magazine;Paul Buchanan;Mid Air
Two Children;Paul Buchanan;Mid Air
Cars Are in the Garden;Paul Buchanan;Mid Air
Lost, Duty;Paul Buchanan;Mid Air
Buy a Motor Car;Paul Buchanan;Mid Air
Che vita ha fatto;Lucio Battisti;Don Giovanni
Il diluvio;Lucio Battisti;Don Giovanni
Fatti un pianto;Lucio Battisti;Don Giovanni
Madre pennuta;Lucio Battisti;Don Giovanni
Don Giovanni;Lucio Battisti;Don Giovanni
Le cose che pensano;Lucio Battisti;Don Giovanni
Equivoci amici;Lucio Battisti;Don Giovanni
Il doppio del gioco;Lucio Battisti;Don Giovanni
La voce del viso;Lucio Battisti;Hegel
La moda nel respiro;Lucio Battisti;Hegel
Estetica;Lucio Battisti;Hegel
Almeno l'inizio;Lucio Battisti;Hegel
Tubinga;Lucio Battisti;Hegel
La bellezza riunita;Lucio Battisti;Hegel
Hegel;Lucio Battisti;Hegel
Stanze come questa;Lucio Battisti;Hegel
Orgoglio e dignità;Lucio Battisti;Una giornata uggiosa
Perché non sei una mela;Lucio Battisti;Una giornata uggiosa
Gelosa cara;Lucio Battisti;Una giornata uggiosa
Una vita viva;Lucio Battisti;Una giornata uggiosa
Con il nastro rosa;Lucio Battisti;Una giornata uggiosa
Arrivederci a questa sera;Lucio Battisti;Una giornata uggiosa
Amore mio di provincia;Lucio Battisti;Una giornata uggiosa
Una giornata uggiosa;Lucio Battisti;Una giornata uggiosa
Il Monolocale;Lucio Battisti;Una giornata uggiosa
Questo amore;Lucio Battisti;Una giornata uggiosa
Dalle prime battute;Lucio Battisti;L'apparenza
A portata di mano;Lucio Battisti;L'apparenza
Lo scenario;Lucio Battisti;L'apparenza
Per nome;Lucio Battisti;L'apparenza
L'apparenza;Lucio Battisti;L'apparenza
Per altri motivi;Lucio Battisti;L'apparenza
Specchi opposti;Lucio Battisti;L'apparenza
Allontanando;Lucio Battisti;L'apparenza
Alcune noncuranze;Lucio Battisti;La sposa occidentale
Tu non ti pungi più;Lucio Battisti;La sposa occidentale
Potrebbe essere sera;Lucio Battisti;La sposa occidentale
Mi riposa;Lucio Battisti;La sposa occidentale
Campati in aria;Lucio Battisti;La sposa occidentale
Timida molto audace;Lucio Battisti;La sposa occidentale
I ritorni;Lucio Battisti;La sposa occidentale
La sposa occidentale;Lucio Battisti;La sposa occidentale
La metro eccetera;Lucio Battisti;Cosa succederà alla ragazza
Ecco i negozi;Lucio Battisti;Cosa succederà alla ragazza
Però il rinoceronte;Lucio Battisti;Cosa succederà alla ragazza
I sacchi della posta;Lucio Battisti;Cosa succederà alla ragazza
Cosa farà di nuovo;Lucio Battisti;Cosa succederà alla ragazza
Tutte le pompe;Lucio Battisti;Cosa succederà alla ragazza
Cosa succederà alla ragazza;Lucio Battisti;Cosa succederà alla ragazza
Così gli dei sarebbero;Lucio Battisti;Cosa succederà alla ragazza
07. Registrazione;Artista Sconosciuto;Album Sconosciuto
10. Slow motion;Artista Sconosciuto;Album Sconosciuto
01. Scrivi il tuo nome;Artista Sconosciuto;Album Sconosciuto
03. Windsurf windsurf;Artista Sconosciuto;Album Sconosciuto
09. Hi-fi;Artista Sconosciuto;Album Sconosciuto
02. Mistero;Artista Sconosciuto;Album Sconosciuto
11. Una montagna;Artista Sconosciuto;Album Sconosciuto
12. E già;Artista Sconosciuto;Album Sconosciuto
08. La tua felicità;Artista Sconosciuto;Album Sconosciuto
04. Rilassati e ascolta;Artista Sconosciuto;Album Sconosciuto
06. Straniero;Artista Sconosciuto;Album Sconosciuto
05. Non sei più solo;Artista Sconosciuto;Album Sconosciuto
Niente meglio di noi due;Mina;Mina Fossati
Ladro;Mina;Mina Fossati
L'uomo perfetto;Mina;Mina Fossati
Meraviglioso, è tutto qui;Mina;Mina Fossati
La guerra fredda;Mina;Mina Fossati
Amore della domenica;Mina;Mina Fossati
Farfalle;Mina;Mina Fossati
Tex-Mex;Mina;Mina Fossati
Come volano le nuvole;Mina;Mina Fossati
L'infinito di stelle;Mina;Mina Fossati
Luna diamante;Mina;Mina Fossati
Vanishing Point;Haircut 100;Boxing The Compass
Sunshine;Haircut 100;Boxing The Compass
Soulbird;Haircut 100;Boxing The Compass
Thats A Start;Haircut 100;Boxing The Compass
Dynamite;Haircut 100;Boxing The Compass
A Wonderful Life;Haircut 100;Boxing The Compass
Raincloud;Haircut 100;Boxing The Compass
Someone;Haircut 100;Boxing The Compass
Come Back To Me;Haircut 100;Boxing The Compass
The Unloving Plum;Haircut 100;Boxing The Compass
Il fine;Garbo;Fine
Amore su strade;Garbo;Fine
Prima della fine;Garbo;Fine
Verso la fine;Garbo;Fine
Ultimo viaggio;Garbo;Fine
Che meraviglia;Garbo;Fine
White Christmas;Garbo;Fine
Allinearsi;Garbo;Fine
Senza rimontare;Garbo;Fine
Libero;Garbo;Fine
Mia melancholia;Garbo;Fine
Novecento;Garbo;Fine
Bidimensionale;Garbo;Fine
La fretta;Garbo;Fine
Attraverso;Garbo;Fine
The Other One;Garbo;Fine
Stella nera;Garbo;Fine
Forse (Christmas Version 2014);Garbo;Fine
Television Man  (Extended Mix);Talking Heads;Little Creatures
Give Me Back My Name  (2005 Remaster);Talking Heads;Little Creatures
Stay up Late  (2005 Remaster);Talking Heads;Little Creatures
Perfect World  (2005 Remaster);Talking Heads;Little Creatures
And She Was  (2005 Remaster);Talking Heads;Little Creatures
Road to Nowhere  (2005 Remaster);Talking Heads;Little Creatures
The Lady Don't Mind  (2005 Remaster);Talking Heads;Little Creatures
Road to Nowhere  (Early Version);Talking Heads;Little Creatures
Creatures of Love  (2005 Remaster);Talking Heads;Little Creatures
Walk It Down  (2005 Remaster);Talking Heads;Little Creatures
Television Man  (2005 Remaster);Talking Heads;Little Creatures
And She Was  (Early Version);Talking Heads;Little Creatures
Crosseyed and Painless;Talking Heads;Remain In Light
The Overload;Talking Heads;Remain In Light
Seen and Not Seen;Talking Heads;Remain In Light
Once in a Lifetime;Talking Heads;Remain In Light
Born Under Punches (The Heat Goes On);Talking Heads;Remain In Light
Houses in Motion;Talking Heads;Remain In Light
The Great Curve;Talking Heads;Remain In Light
Listening Wind;Talking Heads;Remain In Light
Take Me to the River  (2025 Remaster);Talking Heads;More Songs About Buildings And Food 
The Good Thing  (2025 Remaster);Talking Heads;More Songs About Buildings And Food 
I'm Not in Love  (2025 Remaster);Talking Heads;More Songs About Buildings And Food 
Thank You for Sending Me an Angel  (2025 Remaster);Talking Heads;More Songs About Buildings And Food 
Found a Job  (2025 Remaster);Talking Heads;More Songs About Buildings And Food 
Stay Hungry  (2025 Remaster);Talking Heads;More Songs About Buildings And Food 
With Our Love  (2025 Remaster);Talking Heads;More Songs About Buildings And Food 
Artists Only  (2025 Remaster);Talking Heads;More Songs About Buildings And Food 
The Girls Want to Be with the Girls  (2025 Remaster);Talking Heads;More Songs About Buildings And Food 
The Big Country  (2025 Remaster);Talking Heads;More Songs About Buildings And Food 
Warning Sign  (2025 Remaster);Talking Heads;More Songs About Buildings And Food 
Don't Worry About the Government (Live at Entermedia Theatre, New York, NY, 8/10/1978)  (2025 Remaster);Talking Heads;More Songs About Buildings And Food 
No Compassion (Live at Entermedia Theatre, New York, NY, 8/10/1978)  (2025 Remaster);Talking Heads;More Songs About Buildings And Food 
Thank You for Sending Me an Angel (Live at Entermedia Theatre, New York, NY, 8/10/1978)  (2025 Remaster);Talking Heads;More Songs About Buildings And Food 
Love Goes to a Building on Fire (Live at Entermedia Theatre, New York, NY, 8/10/1978)  (2025 Remaster);Talking Heads;More Songs About Buildings And Food 
The Big Country (Live at Entermedia Theatre, New York, NY, 8/10/1978)  (2025 Remaster);Talking Heads;More Songs About Buildings And Food 
With Our Love (Live at Entermedia Theatre, New York, NY, 8/10/1978)  (2025 Remaster);Talking Heads;More Songs About Buildings And Food 
Pulled Up (Live at Entermedia Theatre, New York, NY, 8/10/1978)  (2025 Remaster);Talking Heads;More Songs About Buildings And Food 
Uh-Oh, Love Comes to Town (Live at Entermedia Theatre, New York, NY, 8/10/1978)  (2025 Remaster);Talking Heads;More Songs About Buildings And Food 
New Feeling (Live at Entermedia Theatre, New York, NY, 8/10/1978)  (2025 Remaster);Talking Heads;More Songs About Buildings And Food 
Warning Sign (Live at Entermedia Theatre, New York, NY, 8/10/1978)  (2025 Remaster);Talking Heads;More Songs About Buildings And Food 
Stay Hungry (Live at Entermedia Theatre, New York, NY, 8/10/1978)  (2025 Remaster);Talking Heads;More Songs About Buildings And Food 
Psycho Killer (Live at Entermedia Theatre, New York, NY, 8/10/1978)  (2025 Remaster);Talking Heads;More Songs About Buildings And Food 
Take Me to the River (Live at Entermedia Theatre, New York, NY, 8/10/1978)  (2025 Remaster);Talking Heads;More Songs About Buildings And Food 
The Book I Read (Live at Entermedia Theatre, New York, NY, 8/10/1978)  (2025 Remaster);Talking Heads;More Songs About Buildings And Food 
The Good Thing (Live at Entermedia Theatre, New York, NY, 8/10/1978)  (2025 Remaster);Talking Heads;More Songs About Buildings And Food 
Artists Only (Live at Entermedia Theatre, New York, NY, 8/10/1978)  (2025 Remaster);Talking Heads;More Songs About Buildings And Food 
The Girls Want to Be with the Girls (Live at Entermedia Theatre, New York, NY, 8/10/1978)  (2025 Remaster);Talking Heads;More Songs About Buildings And Food 
Found a Job (Live at Entermedia Theatre, New York, NY, 8/10/1978)  (2025 Remaster);Talking Heads;More Songs About Buildings And Food 
Electricity (Live at Entermedia Theatre, New York, NY, 8/10/1978)  (2025 Remaster);Talking Heads;More Songs About Buildings And Food 
"Thank You for Sending Me an Angel (""Country Angel"" Version)  (2025 Remaster)";Talking Heads;More Songs About Buildings And Food 
With Our Love (Alternate Version)  (2025 Remaster);Talking Heads;More Songs About Buildings And Food 
Electricity (Instrumental)  (2025 Remaster);Talking Heads;More Songs About Buildings And Food 
Found a Job (Alternate Version)  (2025 Remaster);Talking Heads;More Songs About Buildings And Food 
Thank You for Sending Me an Angel (Alternate Version)  (2025 Remaster);Talking Heads;More Songs About Buildings And Food 
The Good Thing (Alternate Version)  (2025 Remaster);Talking Heads;More Songs About Buildings And Food 
Warning Sign (Alternate Version)  (2025 Remaster);Talking Heads;More Songs About Buildings And Food 
The Girls Want to Be with the Girls (Alternate Version)  (2025 Remaster);Talking Heads;More Songs About Buildings And Food 
Artists Only (Alternate Version)  (2025 Remaster);Talking Heads;More Songs About Buildings And Food 
I'm Not in Love (Alternate Version)  (2025 Remaster);Talking Heads;More Songs About Buildings And Food 
The Big Country (Alternate Version)  (2025 Remaster);Talking Heads;More Songs About Buildings And Food 
Heaven (Live)  (2023 Remaster);Talking Heads;Stop Making Sense (Deluxe Edition) 
Burning Down the House (Live)  (2023 Remaster);Talking Heads;Stop Making Sense (Deluxe Edition) 
Slippery People (Live)  (2023 Remaster);Talking Heads;Stop Making Sense (Deluxe Edition) 
Thank You for Sending Me an Angel (Live)  (2023 Remaster);Talking Heads;Stop Making Sense (Deluxe Edition) 
Crosseyed and Painless (Live)  (2023 Remaster);Talking Heads;Stop Making Sense (Deluxe Edition) 
What a Day That Was (Live)  (2023 Remaster);Talking Heads;Stop Making Sense (Deluxe Edition) 
Take Me to the River (Live)  (2023 Remaster);Talking Heads;Stop Making Sense (Deluxe Edition) 
Big Business / I Zimbra (Live)  (2023 Remaster);Talking Heads;Stop Making Sense (Deluxe Edition) 
Psycho Killer (Live)  (2023 Remaster);Talking Heads;Stop Making Sense (Deluxe Edition) 
This Must Be the Place (Naïve Melody) [Live]  (2023 Remaster);Talking Heads;Stop Making Sense (Deluxe Edition) 
Genius of Love (Live)  (2023 Remaster);Talking Heads;Stop Making Sense (Deluxe Edition) 
Making Flippy Floppy (Live)  (2023 Remaster);Talking Heads;Stop Making Sense (Deluxe Edition) 
Girlfriend is Better (Live)  (2023 Remaster);Talking Heads;Stop Making Sense (Deluxe Edition) 
Cities (Live)  (2023 Remaster);Talking Heads;Stop Making Sense (Deluxe Edition) 
Once In a Lifetime (Live)  (2023 Remaster);Talking Heads;Stop Making Sense (Deluxe Edition) 
Found a Job (Live)  (2023 Remaster);Talking Heads;Stop Making Sense (Deluxe Edition) 
Swamp (Live)  (2023 Remaster);Talking Heads;Stop Making Sense (Deluxe Edition) 
Life During Wartime (Live)  (2023 Remaster);Talking Heads;Stop Making Sense (Deluxe Edition) 
Hey Now  (2005 Remaster);Talking Heads;True Stories
Papa Legba  (2005 Remaster);Talking Heads;True Stories
Dream Operator  (2005 Remaster);Talking Heads;True Stories
Radio Head  (2005 Remaster);Talking Heads;True Stories
City of Dreams  (2005 Remaster);Talking Heads;True Stories
Love for Sale  (2005 Remaster);Talking Heads;True Stories
"Wild Wild Life   (Extended Mix; 2005 Remaster)";Talking Heads;True Stories
Papa Legba  (Pop Staples Vocal Version);Talking Heads;True Stories
People Like Us  (2005 Remaster);Talking Heads;True Stories
Radio Head  (Tito Larriva Vocal Version);Talking Heads;True Stories
Wild Wild Life  (2005 Remaster);Talking Heads;True Stories
Puzzlin' Evidence  (2005 Remaster);Talking Heads;True Stories
Girlfriend Is Better;Talking Heads;Speaking in Tongues
I Get Wild / Wild Gravity;Talking Heads;Speaking in Tongues
Making Flippy Floppy;Talking Heads;Speaking in Tongues
Moon Rocks;Talking Heads;Speaking in Tongues
Slippery People;Talking Heads;Speaking in Tongues
Burning Down the House;Talking Heads;Speaking in Tongues
This Must Be the Place (Naive Melody);Talking Heads;Speaking in Tongues
Pull up the Roots;Talking Heads;Speaking in Tongues
Swamp;Talking Heads;Speaking in Tongues
Life During Wartime (Alternate Version);Talking Heads;Fear of Music 
Life During Wartime  (2005 Remastered Album Version);Talking Heads;Fear of Music 
Dancing For Money (Unfinished Outtake);Talking Heads;Fear of Music 
Paper  (2005 Remastered Album Version);Talking Heads;Fear of Music 
Cities (Alternate Version);Talking Heads;Fear of Music 
Mind  (2005 Remastered Album Version);Talking Heads;Fear of Music 
Air  (2005 Remastered Album Version);Talking Heads;Fear of Music 
Drugs  (2005 Remastered Album Version);Talking Heads;Fear of Music 
Animals  (2005 Remastered Album Version);Talking Heads;Fear of Music 
Cities  (2005 Remastered Album Version);Talking Heads;Fear of Music 
I Zimbra  (2005 Remastered Album Version);Talking Heads;Fear of Music 
Memories Can't Wait  (2005 Remastered Album Version);Talking Heads;Fear of Music 
Mind (Alternate Version);Talking Heads;Fear of Music 
Heaven  (2005 Remastered Album Version);Talking Heads;Fear of Music 
Electric Guitar  (2005 Remastered Album Version);Talking Heads;Fear of Music 
Ruby Dear;Talking Heads;Naked
Bill;Talking Heads;Naked
Big Daddy;Talking Heads;Naked
Totally Nude;Talking Heads;Naked
(Nothing But) Flowers;Talking Heads;Naked
Cool Water;Talking Heads;Naked
Blind;Talking Heads;Naked
Mr. Jones;Talking Heads;Naked
Democratic Circus;Talking Heads;Naked
Sax and Violins  (2005 Remaster);Talking Heads;Naked
Mommy Daddy You and I;Talking Heads;Naked
Facts of Life;Talking Heads;Naked
Uh-Oh, Love Comes to Town  (2024 Remaster);Talking Heads;Talking Heads: 77 (Super Deluxe Edition) 
Psycho Killer  (2024 Remaster);Talking Heads;Talking Heads: 77 (Super Deluxe Edition) 
Who is It?  (2024 Remaster);Talking Heads;Talking Heads: 77 (Super Deluxe Edition) 
New Feeling  (2024 Remaster);Talking Heads;Talking Heads: 77 (Super Deluxe Edition) 
Don't Worry About the Government  (2024 Remaster);Talking Heads;Talking Heads: 77 (Super Deluxe Edition) 
Tentative Decisions  (2024 Remaster);Talking Heads;Talking Heads: 77 (Super Deluxe Edition) 
Pulled Up  (2024 Remaster);Talking Heads;Talking Heads: 77 (Super Deluxe Edition) 
No Compassion  (2024 Remaster);Talking Heads;Talking Heads: 77 (Super Deluxe Edition) 
The Book I Read  (2024 Remaster);Talking Heads;Talking Heads: 77 (Super Deluxe Edition) 
Happy Day  (2024 Remaster);Talking Heads;Talking Heads: 77 (Super Deluxe Edition) 
First Week/Last Week...Carefree  (2024 Remaster);Talking Heads;Talking Heads: 77 (Super Deluxe Edition) 
Don't Worry About the Government (Live at CBGB, New York, NY, 10/10/1977)  (2024 Remaster);Talking Heads;Talking Heads: 77 (Super Deluxe Edition) 
Who Is It? (Live at CBGB, New York, NY, 10/10/1977)  (2024 Remaster);Talking Heads;Talking Heads: 77 (Super Deluxe Edition) 
Stay Hungry (Live at CBGB, New York, NY, 10/10/1977)  (2024 Remaster);Talking Heads;Talking Heads: 77 (Super Deluxe Edition) 
Psycho Killer (Live at CBGB, New York, NY, 10/10/1977)  (2024 Remaster);Talking Heads;Talking Heads: 77 (Super Deluxe Edition) 
Love Goes to a Building on Fire (Live at CBGB, New York, NY, 10/10/1977)  (2024 Remaster);Talking Heads;Talking Heads: 77 (Super Deluxe Edition) 
A Clean Break (Let's Work) [Live at CBGB, New York, NY, 10/10/1977]  (2024 Remaster);Talking Heads;Talking Heads: 77 (Super Deluxe Edition) 
The Book I Read (Live at CBGB, New York, NY, 10/10/1977)  (2024 Remaster);Talking Heads;Talking Heads: 77 (Super Deluxe Edition) 
No Compassion (Live at CBGB, New York, NY, 10/10/1977)  (2024 Remaster);Talking Heads;Talking Heads: 77 (Super Deluxe Edition) 
New Feeling (Live at CBGB, New York, NY, 10/10/1977)  (2024 Remaster);Talking Heads;Talking Heads: 77 (Super Deluxe Edition) 
Pulled Up (Live at CBGB, New York, NY, 10/10/1977)  (2024 Remaster);Talking Heads;Talking Heads: 77 (Super Deluxe Edition) 
Thank You for Sending Me an Angel (Live at CBGB, New York, NY, 10/10/1977)  (2024 Remaster);Talking Heads;Talking Heads: 77 (Super Deluxe Edition) 
Take Me to the River (Live at CBGB, New York, NY, 10/10/1977)  (2024 Remaster);Talking Heads;Talking Heads: 77 (Super Deluxe Edition) 
Uh-Oh, Love Come to Town (Live at CBGB, New York, NY, 10/10/1977)  (2024 Remaster);Talking Heads;Talking Heads: 77 (Super Deluxe Edition) 
Stay Hungry (1977 Version)  (2024 Remaster);Talking Heads;Talking Heads: 77 (Super Deluxe Edition) 
Pulled Up (Alternate Pop Version)  (2024 Remaster);Talking Heads;Talking Heads: 77 (Super Deluxe Edition) 
Psycho Killer (Alternate Version)  (2024 Remaster);Talking Heads;Talking Heads: 77 (Super Deluxe Edition) 
Sugar on My Tongue  (2024 Remaster);Talking Heads;Talking Heads: 77 (Super Deluxe Edition) 
I Feel It in My Heart  (2024 Remaster);Talking Heads;Talking Heads: 77 (Super Deluxe Edition) 
I Want to Live  (2024 Remaster);Talking Heads;Talking Heads: 77 (Super Deluxe Edition) 
I Wish You Wouldn't Say That  (2024 Remaster);Talking Heads;Talking Heads: 77 (Super Deluxe Edition) 
First Week/Last Week...Carefree (Acoustic Version)  (2024 Remaster);Talking Heads;Talking Heads: 77 (Super Deluxe Edition) 
Love Goes to a Building on Fire  (2024 Remaster);Talking Heads;Talking Heads: 77 (Super Deluxe Edition) 
Uh-Oh, Love Comes to Town (Alternate Pop Version)  (2024 Remaster);Talking Heads;Talking Heads: 77 (Super Deluxe Edition) 
New Feeling (Alternate Pop Version)  (2024 Remaster);Talking Heads;Talking Heads: 77 (Super Deluxe Edition) 
Psycho Killer (Acoustic Version) [feat. Arthur Russell]  (2024 Remaster);Talking Heads;Talking Heads: 77 (Super Deluxe Edition) 
Summertime (Mono)  (2022 Remaster);John Coltrane;My Favorite Things 
My Favorite Things (Stereo)  (2022 Remaster);John Coltrane;My Favorite Things 
Everytime We Say Goodbye (Mono)  (2022 Remaster);John Coltrane;My Favorite Things 
But Not For Me (Stereo)  (2022 Remaster);John Coltrane;My Favorite Things 
Everytime We Say Goodbye (Stereo)  (2022 Remaster);John Coltrane;My Favorite Things 
But Not For Me (Mono)  (2022 Remaster);John Coltrane;My Favorite Things 
My Favorite Things (Mono)  (2022 Remaster);John Coltrane;My Favorite Things 
Summertime (Stereo)  (2022 Remaster);John Coltrane;My Favorite Things 
River Rise (feat. Michael McDonald);David Crosby;For Free
Boxes;David Crosby;For Free
The Other Side Of Midnight;David Crosby;For Free
I Won't Stay For Long;David Crosby;For Free
Rodriguez For A Night;David Crosby;For Free
Ships In The Night;David Crosby;For Free
For Free (feat. Sarah Jarosz);David Crosby;For Free
I Think I;David Crosby;For Free
Secret Dancer;David Crosby;For Free
Shot At Me;David Crosby;For Free
Traction In The Rain  (2021 Remaster);David Crosby;If I Could Only Remember My Name  
Cowboy Movie  (2021 Remaster);David Crosby;If I Could Only Remember My Name  
Orleans  (2021 Remaster);David Crosby;If I Could Only Remember My Name  
Kids And Dogs  (2021 Remaster);David Crosby;If I Could Only Remember My Name  
Laughing  (2021 Remaster);David Crosby;If I Could Only Remember My Name  
Song With No Words (Tree With No Leaves)  (2021 Remaster);David Crosby;If I Could Only Remember My Name  
I'd Swear There Was Somebody Here  (2021 Remaster);David Crosby;If I Could Only Remember My Name  
What Are Their Names  (2021 Remaster);David Crosby;If I Could Only Remember My Name  
Music Is Love  (2021 Remaster);David Crosby;If I Could Only Remember My Name  
Tamalpais High (At About 3)  (2021 Remaster);David Crosby;If I Could Only Remember My Name  
Kids And Dogs (Demo)  (2021 Remaster);David Crosby;If I Could Only Remember My Name  
Riff 1 (Demo)  (2021 Remaster);David Crosby;If I Could Only Remember My Name  
Bach Mode (Pre-Critical Mass)  (2021 Remaster);David Crosby;If I Could Only Remember My Name  
Song With No Words (Tree With No Leaves) [Demo]  (2021 Remaster);David Crosby;If I Could Only Remember My Name  
Tamalpais High (At About 3) [Demo]  (2021 Remaster);David Crosby;If I Could Only Remember My Name  
Fugue  (2021 Remaster);David Crosby;If I Could Only Remember My Name  
Cowboy Movie (Alternate Version)  (2021 Remaster);David Crosby;If I Could Only Remember My Name  
Laughing (Demo)  (2021 Remaster);David Crosby;If I Could Only Remember My Name  
The Wall Song (Demo)  (2021 Remaster);David Crosby;If I Could Only Remember My Name  
Games (Demo)  (2021 Remaster);David Crosby;If I Could Only Remember My Name  
Dancer  (2021 Remaster);David Crosby;If I Could Only Remember My Name  
Where Will I Be? (Demo)  (2021 Remaster);David Crosby;If I Could Only Remember My Name  
Coast Road  (2021 Remaster);David Crosby;If I Could Only Remember My Name  
Valentine's Day (Steven Wilson Stereo Mix / 2022);ABC;The Lexicon Of Love
Many Happy Returns (Steven Wilson Stereo Mix / 2022);ABC;The Lexicon Of Love
Tears Are Not Enough (Steven Wilson Stereo Mix / 2022);ABC;The Lexicon Of Love
Show Me (Steven Wilson Stereo Mix / 2022);ABC;The Lexicon Of Love
The Look Of Love, Pt.4 (Steven Wilson Stereo Mix / 2022);ABC;The Lexicon Of Love
All Of My Heart (Steven Wilson Stereo Mix / 2022);ABC;The Lexicon Of Love
The Look Of Love, Pt.1 (Steven Wilson Stereo Mix / 2022);ABC;The Lexicon Of Love
4 Ever 2 Gether (Steven Wilson Stereo Mix / 2022);ABC;The Lexicon Of Love
Date Stamp (Steven Wilson Stereo Mix / 2022);ABC;The Lexicon Of Love
Poison Arrow (Steven Wilson Stereo Mix / 2022);ABC;The Lexicon Of Love
Valentine's Day (Steven Wilson Instrumental Mix / 2022);ABC;The Lexicon Of Love
Many Happy Returns (Steven Wilson Instrumental Mix / 2022);ABC;The Lexicon Of Love
Tears Are Not Enough (Steven Wilson Instrumental Mix / 2022);ABC;The Lexicon Of Love
Show Me (Steven Wilson Instrumental Mix / 2022);ABC;The Lexicon Of Love
The Look Of Love, Pt.4 (Steven Wilson Instrumental Mix / 2022);ABC;The Lexicon Of Love
All Of My Heart (Steven Wilson Instrumental Mix / 2022);ABC;The Lexicon Of Love
The Look Of Love, Pt.1 (Steven Wilson Instrumental Mix / 2022);ABC;The Lexicon Of Love
4 Ever 2 Gether (Steven Wilson Instrumental Mix / 2022);ABC;The Lexicon Of Love
Date Stamp (Steven Wilson Instrumental Mix / 2022);ABC;The Lexicon Of Love
Poison Arrow (Steven Wilson Instrumental Mix / 2022);ABC;The Lexicon Of Love
Smooth Operator;Sade;Diamond Life
Sally;Sade;Diamond Life
When Am I Going to Make a Living;Sade;Diamond Life
Cherry Pie;Sade;Diamond Life
I Will Be Your Friend;Sade;Diamond Life
Hang On to Your Love  (Long Version);Sade;Diamond Life
Why Can't We Live Together;Sade;Diamond Life
Frankie's First Affair;Sade;Diamond Life
Your Love Is King;Sade;Diamond Life
Never as Good as the First Time;Sade;Promise
Is It a Crime;Sade;Promise
The Sweetest Taboo;Sade;Promise
Jezebel;Sade;Promise
Punch Drunk;Sade;Promise
You're Not the Man;Sade;Promise
Tar Baby;Sade;Promise
Fear;Sade;Promise
War of the Hearts;Sade;Promise
Maureen;Sade;Promise
Mr Wrong;Sade;Promise
Bring Me Home;Sade;Soldier of Love
The Safest Place;Sade;Soldier of Love
In Another Time;Sade;Soldier of Love
Skin;Sade;Soldier of Love
Long Hard Road;Sade;Soldier of Love
The Moon and the Sky;Sade;Soldier of Love
Morning Bird;Sade;Soldier of Love
Soldier of Love (Album Version);Sade;Soldier of Love
Be That Easy;Sade;Soldier of Love
Babyfather;Sade;Soldier of Love
Nothing Can Come Between Us;Sade;Stronger Than Pride
Keep Looking;Sade;Stronger Than Pride
Love Is Stronger Than Pride;Sade;Stronger Than Pride
Turn My Back On You;Sade;Stronger Than Pride
Paradise;Sade;Stronger Than Pride
Siempre Hay Esperanza;Sade;Stronger Than Pride
Haunt Me;Sade;Stronger Than Pride
Give It Up;Sade;Stronger Than Pride
I Never Thought I'd See the Day;Sade;Stronger Than Pride
Clean Heart;Sade;Stronger Than Pride
Kiss of Life;Sade;Love Deluxe
No Ordinary Love;Sade;Love Deluxe
Pearls;Sade;Love Deluxe
I Couldn't Love You More;Sade;Love Deluxe
Mermaid;Sade;Love Deluxe
Cherish the Day;Sade;Love Deluxe
Feel No Pain;Sade;Love Deluxe
Like a Tattoo;Sade;Love Deluxe
Bullet Proof Soul;Sade;Love Deluxe
All About Our Love;Sade;Lovers Rock
The Sweetest Gift;Sade;Lovers Rock
Slave Song;Sade;Lovers Rock
Flow;Sade;Lovers Rock
Immigrant;Sade;Lovers Rock
By Your Side;Sade;Lovers Rock
King of Sorrow;Sade;Lovers Rock
Somebody Already Broke My Heart;Sade;Lovers Rock
It's Only Love That Gets You Through;Sade;Lovers Rock
Every Word;Sade;Lovers Rock
Lovers Rock;Sade;Lovers Rock
Band On The Run (Live);Paul McCartney;Tripping The Live Fantastic
We Got Married (Live);Paul McCartney;Tripping The Live Fantastic
Showtime (Live);Paul McCartney;Tripping The Live Fantastic
The Fool On The Hill (Live);Paul McCartney;Tripping The Live Fantastic
Maybe I'm Amazed (Live);Paul McCartney;Tripping The Live Fantastic
Rough Ride (Live);Paul McCartney;Tripping The Live Fantastic
Sgt Pepper's Lonely Hearts Club Band (Live);Paul McCartney;Tripping The Live Fantastic
The Long And Winding Road (Live);Paul McCartney;Tripping The Live Fantastic
Jet (Live);Paul McCartney;Tripping The Live Fantastic
Figure Of Eight (Live);Paul McCartney;Tripping The Live Fantastic
Ebony And Ivory (Live);Paul McCartney;Tripping The Live Fantastic
Together (Live);Paul McCartney;Tripping The Live Fantastic
Got To Get You Into My Life (Live);Paul McCartney;Tripping The Live Fantastic
Put It There (Live);Paul McCartney;Tripping The Live Fantastic
Can't Buy Me Love (Live);Paul McCartney;Tripping The Live Fantastic
Crackin' Up (Live);Paul McCartney;Tripping The Live Fantastic
Birthday (Live);Paul McCartney;Tripping The Live Fantastic
Inner City Madness (Live);Paul McCartney;Tripping The Live Fantastic
Matchbox (Live);Paul McCartney;Tripping The Live Fantastic
Golden Slumbers (Medley) (Live);Paul McCartney;Tripping The Live Fantastic
Get Back (Live);Paul McCartney;Tripping The Live Fantastic
Hey Jude (Live);Paul McCartney;Tripping The Live Fantastic
If I Were Not Upon The Stage (Live);Paul McCartney;Tripping The Live Fantastic
This One (Live);Paul McCartney;Tripping The Live Fantastic
Back In The U.S.S.R (Live);Paul McCartney;Tripping The Live Fantastic
Ain't That A Shame (Live);Paul McCartney;Tripping The Live Fantastic
Twenty Flight Rock (Live);Paul McCartney;Tripping The Live Fantastic
Coming Up (Live);Paul McCartney;Tripping The Live Fantastic
Eleanor Rigby (Live);Paul McCartney;Tripping The Live Fantastic
My Brave Face (Live);Paul McCartney;Tripping The Live Fantastic
Don't Let The Sun Catch You Crying (Live);Paul McCartney;Tripping The Live Fantastic
Sally (Live);Paul McCartney;Tripping The Live Fantastic
Let It Be (Live);Paul McCartney;Tripping The Live Fantastic
Things We Said Today (Live);Paul McCartney;Tripping The Live Fantastic
I Saw Her Standing There (Live);Paul McCartney;Tripping The Live Fantastic
Live And Let Die (Live);Paul McCartney;Tripping The Live Fantastic
Yesterday (Live);Paul McCartney;Tripping The Live Fantastic
Mountain Top;Paul McCartney;The Boys of Dungeon Lane
Days We Left Behind;Paul McCartney;The Boys of Dungeon Lane
First Star of the Night;Paul McCartney;The Boys of Dungeon Lane
Home to Us;Paul McCartney;The Boys of Dungeon Lane
Ripples in a Pond;Paul McCartney;The Boys of Dungeon Lane
As You Lie There;Paul McCartney;The Boys of Dungeon Lane
Never Know;Paul McCartney;The Boys of Dungeon Lane
Come Inside;Paul McCartney;The Boys of Dungeon Lane
Salesman Saint;Paul McCartney;The Boys of Dungeon Lane
We Two;Paul McCartney;The Boys of Dungeon Lane
Down South;Paul McCartney;The Boys of Dungeon Lane
Momma Gets By;Paul McCartney;The Boys of Dungeon Lane
Lost Horizon;Paul McCartney;The Boys of Dungeon Lane
Life Can Be Hard;Paul McCartney;The Boys of Dungeon Lane
Coming Up (Remastered);Paul McCartney;McCartney II
Summer's Day Song (Remastered);Paul McCartney;McCartney II
Frozen Jap (Remastered);Paul McCartney;McCartney II
Darkroom (Remastered);Paul McCartney;McCartney II
Temporary Secretary (Remastered);Paul McCartney;McCartney II
One Of These Days (Remastered);Paul McCartney;McCartney II
Front Parlour (Remastered);Paul McCartney;McCartney II
On The Way (Remastered);Paul McCartney;McCartney II
Nobody Knows (Remastered);Paul McCartney;McCartney II
Bogey Music (Remastered);Paul McCartney;McCartney II
Waterfalls (Remastered);Paul McCartney;McCartney II
My Brave Face (Remastered 2017);Paul McCartney;Flowers In The Dirt
Put It There (Remastered 2017);Paul McCartney;Flowers In The Dirt
You Want Her Too (Remastered 2017);Paul McCartney;Flowers In The Dirt
We Got Married (Remastered 2017);Paul McCartney;Flowers In The Dirt
That Day Is Done (Remastered 2017);Paul McCartney;Flowers In The Dirt
Distractions (Remastered 2017);Paul McCartney;Flowers In The Dirt
Don't Be Careless Love (Remastered 2017);Paul McCartney;Flowers In The Dirt
Où Est Le Soleil? (Remastered 2017);Paul McCartney;Flowers In The Dirt
This One (Remastered 2017);Paul McCartney;Flowers In The Dirt
Figure Of Eight (Remastered 2017);Paul McCartney;Flowers In The Dirt
How Many People (Remastered 2017);Paul McCartney;Flowers In The Dirt
Rough Ride (Remastered 2017);Paul McCartney;Flowers In The Dirt
Motor Of Love (Remastered 2017);Paul McCartney;Flowers In The Dirt
Every Night (Remastered);Paul McCartney;McCartney
Momma Miss America (Remastered);Paul McCartney;McCartney
Singalong Junk (Remastered);Paul McCartney;McCartney
Oo You (Remastered);Paul McCartney;McCartney
Teddy Boy (Remastered);Paul McCartney;McCartney
Hot As Sun / Glasses (Remastered);Paul McCartney;McCartney
Man We Was Lonely (Remastered);Paul McCartney;McCartney
That Would Be Something (Remastered);Paul McCartney;McCartney
The Lovely Linda (Remastered);Paul McCartney;McCartney
Junk (Remastered);Paul McCartney;McCartney
Kreen-Akrore (Remastered);Paul McCartney;McCartney
Valentine Day (Remastered);Paul McCartney;McCartney
Maybe I’m Amazed (Remastered);Paul McCartney;McCartney
Seize The Day;Paul McCartney;McCartney III
Winter Bird / When Winter Comes;Paul McCartney;McCartney III
Slidin';Paul McCartney;McCartney III
Find My Way;Paul McCartney;McCartney III
Long Tailed Winter Bird;Paul McCartney;McCartney III
Pretty Boys;Paul McCartney;McCartney III
Deep Down;Paul McCartney;McCartney III
The Kiss Of Venus;Paul McCartney;McCartney III
Deep Deep Feeling;Paul McCartney;McCartney III
Lavatory Lil;Paul McCartney;McCartney III
Women And Wives;Paul McCartney;McCartney III
Glass Spider  (2018);David Bowie;Never Let Me Down 
Shining Star (Makin' My Love)  (2018);David Bowie;Never Let Me Down 
New York's in Love  (2018);David Bowie;Never Let Me Down 
Time Will Crawl  (2018);David Bowie;Never Let Me Down 
Bang Bang  (2018);David Bowie;Never Let Me Down 
Day-In Day-Out  (2018);David Bowie;Never Let Me Down 
Zeroes  (2018);David Bowie;Never Let Me Down 
'87 and Cry  (2018);David Bowie;Never Let Me Down 
Beat of Your Drum  (2018);David Bowie;Never Let Me Down 
Never Let Me Down  (2018);David Bowie;Never Let Me Down 
1984  (2016 Remaster);David Bowie;Diamond Dogs 
Diamond Dogs  (2016 Remaster);David Bowie;Diamond Dogs 
Future Legend  (2016 Remaster);David Bowie;Diamond Dogs 
Candidate  (2016 Remaster);David Bowie;Diamond Dogs 
Sweet Thing  (2016 Remaster);David Bowie;Diamond Dogs 
"Sweet Thing   (Reprise; 2016 Remaster)";David Bowie;Diamond Dogs 
Chant of the Ever Circling Skeletal Family  (2016 Remaster);David Bowie;Diamond Dogs 
Rock 'n' Roll with Me  (2016 Remaster);David Bowie;Diamond Dogs 
We Are the Dead  (2016 Remaster);David Bowie;Diamond Dogs 
Rebel Rebel  (2016 Remaster);David Bowie;Diamond Dogs 
Big Brother  (2016 Remaster);David Bowie;Diamond Dogs 
Fame  (2016 Remaster);David Bowie;Young Americans 
Can You Hear Me  (2016 Remaster);David Bowie;Young Americans 
Right  (2016 Remaster);David Bowie;Young Americans 
Win  (2016 Remaster);David Bowie;Young Americans 
Young Americans  (2016 Remaster);David Bowie;Young Americans 
Fascination  (2016 Remaster);David Bowie;Young Americans 
Across the Universe  (2016 Remaster);David Bowie;Young Americans 
Somebody up There Likes Me  (2016 Remaster);David Bowie;Young Americans 
Subterraneans  (2017 Remaster);David Bowie;Low 
Speed of Life  (2017 Remaster);David Bowie;Low 
A New Career in a New Town  (2017 Remaster);David Bowie;Low 
Be My Wife  (2017 Remaster);David Bowie;Low 
Art Decade  (2017 Remaster);David Bowie;Low 
Sound and Vision  (2017 Remaster);David Bowie;Low 
What in the World  (2017 Remaster);David Bowie;Low 
Warszawa  (2017 Remaster);David Bowie;Low 
Weeping Wall  (2017 Remaster);David Bowie;Low 
Always Crashing in the Same Car  (2017 Remaster);David Bowie;Low 
Breaking Glass  (2017 Remaster);David Bowie;Low 
Looking For Lester  (2021 Remaster);David Bowie;Black Tie White Noise 
Jump They Say  (2021 Remaster);David Bowie;Black Tie White Noise 
The Wedding Song  (2021 Remaster);David Bowie;Black Tie White Noise 
I Know It's Gonna Happen Someday  (2021 Remaster);David Bowie;Black Tie White Noise 
The Wedding  (2021 Remaster);David Bowie;Black Tie White Noise 
I Feel Free  (2021 Remaster);David Bowie;Black Tie White Noise 
You've Been Around  (2021 Remaster);David Bowie;Black Tie White Noise 
Pallas Athena  (2021 Remaster);David Bowie;Black Tie White Noise 
Black Tie White Noise  (2021 Remaster);David Bowie;Black Tie White Noise 
Don't Let Me Down & Down  (2021 Remaster);David Bowie;Black Tie White Noise 
Nite Flights  (2021 Remaster);David Bowie;Black Tie White Noise 
Miracle Goodnight  (2021 Remaster);David Bowie;Black Tie White Noise 
The Stars (Are Out Tonight);David Bowie;The Next Day
You Feel So Lonely You Could Die;David Bowie;The Next Day
I'd Rather Be High;David Bowie;The Next Day
If You Can See Me;David Bowie;The Next Day
Love Is Lost;David Bowie;The Next Day
Where Are We Now?;David Bowie;The Next Day
Boss Of Me;David Bowie;The Next Day
(You Will) Set The World On Fire;David Bowie;The Next Day
Valentine's Day;David Bowie;The Next Day
Heat;David Bowie;The Next Day
The Next Day;David Bowie;The Next Day
Dancing Out In Space;David Bowie;The Next Day
Dirty Boys;David Bowie;The Next Day
How Does The Grass Grow?;David Bowie;The Next Day
Everything's Alright  (2015 Remaster);David Bowie;Pinups 
I Can't Explain  (2015 Remaster);David Bowie;Pinups 
Anyway, Anyhow, Anywhere  (2015 Remaster);David Bowie;Pinups 
Shapes of Things  (2015 Remaster);David Bowie;Pinups 
Sorrow  (2015 Remaster);David Bowie;Pinups 
See Emily Play  (2015 Remaster);David Bowie;Pinups 
Don't Bring Me Down  (2015 Remaster);David Bowie;Pinups 
I Wish You Would  (2015 Remaster);David Bowie;Pinups 
Rosalyn  (2015 Remaster);David Bowie;Pinups 
Where Have All the Good Times Gone  (2015 Remaster);David Bowie;Pinups 
Friday on My Mind  (2015 Remaster);David Bowie;Pinups 
Here Comes the Night  (2015 Remaster);David Bowie;Pinups 
Let's Spend the Night Together  (2013 Remaster);David Bowie;Aladdin Sane 
The Prettiest Star  (2013 Remaster);David Bowie;Aladdin Sane 
Panic in Detroit  (2013 Remaster);David Bowie;Aladdin Sane 
Time  (2013 Remaster);David Bowie;Aladdin Sane 
Cracked Actor  (2013 Remaster);David Bowie;Aladdin Sane 
Drive-In Saturday  (2013 Remaster);David Bowie;Aladdin Sane 
Watch That Man  (2013 Remaster);David Bowie;Aladdin Sane 
Lady Grinning Soul  (2013 Remaster);David Bowie;Aladdin Sane 
The Jean Genie  (2013 Remaster);David Bowie;Aladdin Sane 
Aladdin Sane  (2013 Remaster);David Bowie;Aladdin Sane 
'Tis A Pity She Was A Whore;David Bowie;Blackstar
I Can't Give Everything Away;David Bowie;Blackstar
Lazarus;David Bowie;Blackstar
Girl Loves Me;David Bowie;Blackstar
Sue (Or In A Season Of Crime);David Bowie;Blackstar
Dollar Days;David Bowie;Blackstar
★;David Bowie;Blackstar
The Man Who Sold the World  (2015 Remaster);David Bowie;The Man Who Sold the World 
The Supermen  (2015 Remaster);David Bowie;The Man Who Sold the World 
Black Country Rock  (2015 Remaster);David Bowie;The Man Who Sold the World 
After All  (2015 Remaster);David Bowie;The Man Who Sold the World 
She Shook Me Cold  (2015 Remaster);David Bowie;The Man Who Sold the World 
Running Gun Blues  (2015 Remaster);David Bowie;The Man Who Sold the World 
Saviour Machine  (2015 Remaster);David Bowie;The Man Who Sold the World 
All the Madmen  (2015 Remaster);David Bowie;The Man Who Sold the World 
The Width of a Circle  (2015 Remaster);David Bowie;The Man Who Sold the World 
Let's Dance  (2018 Remaster);David Bowie;Let's Dance 
Criminal World  (2018 Remaster);David Bowie;Let's Dance 
Cat People (Putting out Fire)  (2018 Remaster);David Bowie;Let's Dance 
Ricochet  (2018 Remaster);David Bowie;Let's Dance 
Shake It  (2018 Remaster);David Bowie;Let's Dance 
Without You  (2018 Remaster);David Bowie;Let's Dance 
China Girl  (2018 Remaster);David Bowie;Let's Dance 
Modern Love  (2018 Remaster);David Bowie;Let's Dance 
Sense of Doubt  (2017 Remaster);David Bowie;"""Heroes"" "
The Secret Life of Arabia  (2017 Remaster);David Bowie;"""Heroes"" "
V-2 Schneider  (2017 Remaster);David Bowie;"""Heroes"" "
Sons of the Silent Age  (2017 Remaster);David Bowie;"""Heroes"" "
Moss Garden  (2017 Remaster);David Bowie;"""Heroes"" "
Blackout  (2017 Remaster);David Bowie;"""Heroes"" "
Beauty and the Beast  (2017 Remaster);David Bowie;"""Heroes"" "
Heroes  (2017 Remaster);David Bowie;"""Heroes"" "
Neuköln  (2017 Remaster);David Bowie;"""Heroes"" "
Joe the Lion  (2017 Remaster);David Bowie;"""Heroes"" "
Fantastic Voyage  (2017 Remaster);David Bowie;Lodger 
"Yassassin   (Turkish For: Long Live; 2017 Remaster)";David Bowie;Lodger 
Red Sails  (2017 Remaster);David Bowie;Lodger 
African Night Flight  (2017 Remaster);David Bowie;Lodger 
D.J.  (2017 Remaster);David Bowie;Lodger 
Look Back in Anger  (2017 Remaster);David Bowie;Lodger 
Boys Keep Swinging  (2017 Remaster);David Bowie;Lodger 
Repetition  (2017 Remaster);David Bowie;Lodger 
Red Money  (2017 Remaster);David Bowie;Lodger 
Move On  (2017 Remaster);David Bowie;Lodger 
Blue Jean  (2018 Remaster);David Bowie;Tonight 
I Keep Forgettin'  (2018 Remaster);David Bowie;Tonight 
Loving The Alien  (2018 Remaster);David Bowie;Tonight 
Don't Look Down  (2018 Remaster);David Bowie;Tonight 
Neighborhood Threat  (2018 Remaster);David Bowie;Tonight 
Dancing with the Big Boys  (2018 Remaster);David Bowie;Tonight 
God Only Knows  (2018 Remaster);David Bowie;Tonight 
Tumble and Twirl  (2018 Remaster);David Bowie;Tonight 
Tonight  (2018 Remaster);David Bowie;Tonight 
Moonage Daydream  (2012 Remaster);David Bowie;The Rise and Fall of Ziggy Stardust and the Spiders from Mars 
Suffragette City  (2012 Remaster);David Bowie;The Rise and Fall of Ziggy Stardust and the Spiders from Mars 
Five Years  (2012 Remaster);David Bowie;The Rise and Fall of Ziggy Stardust and the Spiders from Mars 
Starman  (2012 Remaster);David Bowie;The Rise and Fall of Ziggy Stardust and the Spiders from Mars 
Lady Stardust  (2012 Remaster);David Bowie;The Rise and Fall of Ziggy Stardust and the Spiders from Mars 
Hang on to Yourself  (2012 Remaster);David Bowie;The Rise and Fall of Ziggy Stardust and the Spiders from Mars 
Ziggy Stardust  (2012 Remaster);David Bowie;The Rise and Fall of Ziggy Stardust and the Spiders from Mars 
Rock 'n' Roll Suicide  (2012 Remaster);David Bowie;The Rise and Fall of Ziggy Stardust and the Spiders from Mars 
Star  (2012 Remaster);David Bowie;The Rise and Fall of Ziggy Stardust and the Spiders from Mars 
It Ain't Easy  (2012 Remaster);David Bowie;The Rise and Fall of Ziggy Stardust and the Spiders from Mars 
Soul Love  (2012 Remaster);David Bowie;The Rise and Fall of Ziggy Stardust and the Spiders from Mars 
Stay  (2016 Remaster);David Bowie;Station to Station 
Station to Station  (2016 Remaster);David Bowie;Station to Station 
Wild Is the Wind  (2016 Remaster);David Bowie;Station to Station 
TVC15  (2016 Remaster);David Bowie;Station to Station 
Golden Years  (2016 Remaster);David Bowie;Station to Station 
Word on a Wing  (2016 Remaster);David Bowie;Station to Station 
Queen Bitch  (2015 Remaster);David Bowie;Hunky Dory 
Eight Line Poem  (2015 Remaster);David Bowie;Hunky Dory 
Song for Bob Dylan  (2015 Remaster);David Bowie;Hunky Dory 
Quicksand  (2015 Remaster);David Bowie;Hunky Dory 
Kooks  (2015 Remaster);David Bowie;Hunky Dory 
Changes  (2015 Remaster);David Bowie;Hunky Dory 
Fill Your Heart  (2015 Remaster);David Bowie;Hunky Dory 
The Bewlay Brothers  (2015 Remaster);David Bowie;Hunky Dory 
Andy Warhol  (2015 Remaster);David Bowie;Hunky Dory 
Oh! You Pretty Things  (2015 Remaster);David Bowie;Hunky Dory 
Life on Mars?  (2015 Remaster);David Bowie;Hunky Dory 
The Kick Inside Of Me (Remastered 2002);Simple Minds;Sparkle In The Rain
Up On The Catwalk (Remastered 2002);Simple Minds;Sparkle In The Rain
''C'' Moon Cry Like A Baby (Remastered 2002);Simple Minds;Sparkle In The Rain
Book Of Brilliant Things (Remastered 2002);Simple Minds;Sparkle In The Rain
East At Easter (Remastered 2002);Simple Minds;Sparkle In The Rain
Waterfront (Remastered 2002);Simple Minds;Sparkle In The Rain
Street Hassle (Remastered 2002);Simple Minds;Sparkle In The Rain
Shake Off The Ghosts (Remastered 2002);Simple Minds;Sparkle In The Rain
White Hot Day (Remastered 2002);Simple Minds;Sparkle In The Rain
Speed Your Love To Me (Remastered 2002);Simple Minds;Sparkle In The Rain
Born To Run;Frankie Goes To Hollywood;Welcome To The Pleasuredome
Two Tribes;Frankie Goes To Hollywood;Welcome To The Pleasuredome
Fury;Frankie Goes To Hollywood;Welcome To The Pleasuredome
Bang;Frankie Goes To Hollywood;Welcome To The Pleasuredome
The Power Of Love;Frankie Goes To Hollywood;Welcome To The Pleasuredome
Tag;Frankie Goes To Hollywood;Welcome To The Pleasuredome
Welcome To The Pleasuredome;Frankie Goes To Hollywood;Welcome To The Pleasuredome
The World Is My Oyster (Including Well / Snatch Of Fury);Frankie Goes To Hollywood;Welcome To The Pleasuredome
The Ballad of 32;Frankie Goes To Hollywood;Welcome To The Pleasuredome
War;Frankie Goes To Hollywood;Welcome To The Pleasuredome
Relax;Frankie Goes To Hollywood;Welcome To The Pleasuredome
Krisco Kisses;Frankie Goes To Hollywood;Welcome To The Pleasuredome
San Jose;Frankie Goes To Hollywood;Welcome To The Pleasuredome
Wish The Lads Were Here;Frankie Goes To Hollywood;Welcome To The Pleasuredome
Black Night White Light;Frankie Goes To Hollywood;Welcome To The Pleasuredome
The Only Star In Heaven;Frankie Goes To Hollywood;Welcome To The Pleasuredome
Kill The Pain;Frankie Goes To Hollywood;Liverpool
For Heaven's Sake;Frankie Goes To Hollywood;Liverpool
Warriors Of The Wasteland;Frankie Goes To Hollywood;Liverpool
Watching The Wildlife;Frankie Goes To Hollywood;Liverpool
Is Anybody Out There;Frankie Goes To Hollywood;Liverpool
Rage Hard;Frankie Goes To Hollywood;Liverpool
Lunar Bay;Frankie Goes To Hollywood;Liverpool
Maximum Joy;Frankie Goes To Hollywood;Liverpool
Found A Cure (A Tom Moulton Mix);Ashford & Simpson;Stay Free
Nobody Knows;Ashford & Simpson;Stay Free
Stay Free (Dim's The Missing Mix);Ashford & Simpson;Stay Free
Follow Your Heart;Ashford & Simpson;Stay Free
Crazy;Ashford & Simpson;Stay Free
Finally Got To Me;Ashford & Simpson;Stay Free
Stay Free (Dim's Club Mix);Ashford & Simpson;Stay Free
Dance Forever;Ashford & Simpson;Stay Free
Stay Free;Ashford & Simpson;Stay Free
Found A Cure;Ashford & Simpson;Stay Free
There Will Never Be Another You;Rickie Lee Jones;Pieces of Treasure
One for My Baby;Rickie Lee Jones;Pieces of Treasure
It's All in the Game;Rickie Lee Jones;Pieces of Treasure
Just in Time;Rickie Lee Jones;Pieces of Treasure
Here's That Rainy Day;Rickie Lee Jones;Pieces of Treasure
September Song;Rickie Lee Jones;Pieces of Treasure
All the Way;Rickie Lee Jones;Pieces of Treasure
On the Sunny Side of the Street;Rickie Lee Jones;Pieces of Treasure
Nature Boy;Rickie Lee Jones;Pieces of Treasure
They Can't Take That Away from Me;Rickie Lee Jones;Pieces of Treasure
Deep Space (LP Version);Rickie Lee Jones;The Magazine
Runaround (LP Version);Rickie Lee Jones;The Magazine
It Must Be Love (LP Version);Rickie Lee Jones;The Magazine
Juke Box Fury (LP Version);Rickie Lee Jones;The Magazine
Rorschachs (The Unsigned Painting / The Weird Beast) (LP Version);Rickie Lee Jones;The Magazine
The Real End (LP Version);Rickie Lee Jones;The Magazine
Rorschachs (Theme for the Pope) (LP Version);Rickie Lee Jones;The Magazine
Prelude to Gravity (LP Version);Rickie Lee Jones;The Magazine
Gravity (LP Version);Rickie Lee Jones;The Magazine
Magazine (LP Version);Rickie Lee Jones;The Magazine
Ghetto Of My Mind;Rickie Lee Jones;Flying Cowboys
The Horses;Rickie Lee Jones;Flying Cowboys
Rodeo Girl;Rickie Lee Jones;Flying Cowboys
Flying Cowboys;Rickie Lee Jones;Flying Cowboys
Satellites;Rickie Lee Jones;Flying Cowboys
Don't Let The Sun Catch You Crying;Rickie Lee Jones;Flying Cowboys
Love Is Gonna Bring Us Back Alive;Rickie Lee Jones;Flying Cowboys
Away From The Sky;Rickie Lee Jones;Flying Cowboys
Ghost Train;Rickie Lee Jones;Flying Cowboys
Just My Baby;Rickie Lee Jones;Flying Cowboys
Atlas' Marker;Rickie Lee Jones;Flying Cowboys
Up From The Skies (Album Version);Rickie Lee Jones;Pop Pop
Dat Dere (Album Version);Rickie Lee Jones;Pop Pop
I Won't Grow Up (Album Version);Rickie Lee Jones;Pop Pop
Bye Bye Blackbird (Album Version);Rickie Lee Jones;Pop Pop
Spring Can Really Hang You Up The Most (Album Version);Rickie Lee Jones;Pop Pop
Second Time Around (Album Version);Rickie Lee Jones;Pop Pop
I'll Be Seeing You (Album Version);Rickie Lee Jones;Pop Pop
Comin' Back To Me (Album Version);Rickie Lee Jones;Pop Pop
Love Junkyard (Album Version);Rickie Lee Jones;Pop Pop
The Ballad Of The Sad Young Men (Album Version);Rickie Lee Jones;Pop Pop
Hi-Lili Hi-Lo (Album Version);Rickie Lee Jones;Pop Pop
My One And Only Love (Album Version);Rickie Lee Jones;Pop Pop
Young Blood (LP Version);Rickie Lee Jones;Rickie Lee Jones
Company (LP Version);Rickie Lee Jones;Rickie Lee Jones
Weasel and the White Boys Cool (LP Version);Rickie Lee Jones;Rickie Lee Jones
On Saturday Afternoons in 1963 (LP Version);Rickie Lee Jones;Rickie Lee Jones
After Hours (Twelve Bars Past Midnight) (LP Version);Rickie Lee Jones;Rickie Lee Jones
Night Train (LP Version);Rickie Lee Jones;Rickie Lee Jones
Coolsville (LP Version);Rickie Lee Jones;Rickie Lee Jones
Danny's All-Star Joint (LP Version);Rickie Lee Jones;Rickie Lee Jones
Easy Money (LP Version);Rickie Lee Jones;Rickie Lee Jones
The Last Chance Texaco (LP Version);Rickie Lee Jones;Rickie Lee Jones
Chuck E's in Love (LP Version);Rickie Lee Jones;Rickie Lee Jones
Woody and Dutch on the Slow Train to Peking (LP Version);Rickie Lee Jones;Pirates
The Returns (LP Version);Rickie Lee Jones;Pirates
Traces of the Western Slopes (LP Version);Rickie Lee Jones;Pirates
A Lucky Guy (LP Version);Rickie Lee Jones;Pirates
Pirates (So Long Lonely Avenue) (LP Version);Rickie Lee Jones;Pirates
Skeletons (LP Version);Rickie Lee Jones;Pirates
We Belong Together (LP Version);Rickie Lee Jones;Pirates
Living It Up (LP Version);Rickie Lee Jones;Pirates
My Funny Valentine (Live At Roxy, Los Angeles, CA 4/18/1982);Rickie Lee Jones;Girl At Her Volcano
Rainbow Sleeves (Album Version);Rickie Lee Jones;Girl At Her Volcano
Letters from the 9th Ward / Walk Away Rene;Rickie Lee Jones;Girl At Her Volcano
Hey, Bub;Rickie Lee Jones;Girl At Her Volcano
Lush Life (Live At Perkins Palace, Los Angeles, CA 4/16/1982);Rickie Lee Jones;Girl At Her Volcano
Under the Boardwalk;Rickie Lee Jones;Girl At Her Volcano
Something Cool  [Live in Amsterdam, Holland 9/3/1979] (Live In Amsterdam, Holland 9/3/1979);Rickie Lee Jones;Girl At Her Volcano
So Long;Rickie Lee Jones;Girl At Her Volcano
Altar Boy (Album Version);Rickie Lee Jones;Traffic From Paradise
Jolie Jolie (Album Version);Rickie Lee Jones;Traffic From Paradise
Beat Angels (Album Version);Rickie Lee Jones;Traffic From Paradise
Tigers (Album Version);Rickie Lee Jones;Traffic From Paradise
Stewart's Coat (Album Version);Rickie Lee Jones;Traffic From Paradise
Running From Mercy (Album Version);Rickie Lee Jones;Traffic From Paradise
The Albatross (Album Version);Rickie Lee Jones;Traffic From Paradise
Rebel Rebel (Album Version);Rickie Lee Jones;Traffic From Paradise
A Stranger's Car (Album Version);Rickie Lee Jones;Traffic From Paradise
Pink Flamingos (Album Version);Rickie Lee Jones;Traffic From Paradise
Why Worry? (Remastered 1996);Dire Straits;Brothers In Arms
So Far Away (Remastered 1996);Dire Straits;Brothers In Arms
One World (Remastered 1996);Dire Straits;Brothers In Arms
Your Latest Trick (Remastered 1996);Dire Straits;Brothers In Arms
The Man's Too Strong (Remastered 1996);Dire Straits;Brothers In Arms
Ride Across The River (Remastered 1996);Dire Straits;Brothers In Arms
Money For Nothing (Remastered 1996);Dire Straits;Brothers In Arms
Walk Of Life (Remastered 1996);Dire Straits;Brothers In Arms
Brothers In Arms (Remastered 1996);Dire Straits;Brothers In Arms
Follow Me Home;Dire Straits;Communiqué
Where Do You Think You're Going?;Dire Straits;Communiqué
News;Dire Straits;Communiqué
Once Upon A Time In The West;Dire Straits;Communiqué
Communiqué;Dire Straits;Communiqué
Lady Writer;Dire Straits;Communiqué
Single Handed Sailor;Dire Straits;Communiqué
Angel Of Mercy;Dire Straits;Communiqué
Portobello Belle;Dire Straits;Communiqué
Planet Of New Orleans;Dire Straits;On Every Street
How Long;Dire Straits;On Every Street
Ticket To Heaven;Dire Straits;On Every Street
My Parties;Dire Straits;On Every Street
Fade To Black;Dire Straits;On Every Street
On Every Street (Album Version);Dire Straits;On Every Street
When It Comes To You;Dire Straits;On Every Street
You And Your Friend;Dire Straits;On Every Street
Calling Elvis (Album Version);Dire Straits;On Every Street
The Bug;Dire Straits;On Every Street
Heavy Fuel;Dire Straits;On Every Street
Iron Hand;Dire Straits;On Every Street
Why Worry;Dire Straits;Brothers In Arms
So Far Away (Full Version);Dire Straits;Brothers In Arms
One World;Dire Straits;Brothers In Arms
Your Latest Trick;Dire Straits;Brothers In Arms
The Man's Too Strong;Dire Straits;Brothers In Arms
Ride Across The River;Dire Straits;Brothers In Arms
Money For Nothing;Dire Straits;Brothers In Arms
Walk Of Life;Dire Straits;Brothers In Arms
Brothers In Arms;Dire Straits;Brothers In Arms
Sultans Of Swing (San Antonio Live In 85);Dire Straits;Brothers In Arms
Private Investigations (San Antonio Live In 85);Dire Straits;Brothers In Arms
Wild West End (San Antonio Live In 85);Dire Straits;Brothers In Arms
Romeo And Juliet (San Antonio Live In 85);Dire Straits;Brothers In Arms
Solid Rock (San Antonio Live In 85);Dire Straits;Brothers In Arms
Money For Nothing (San Antonio Live In 85);Dire Straits;Brothers In Arms
Brothers In Arms (San Antonio Live In 85);Dire Straits;Brothers In Arms
Going Home (San Antonio Live In 85);Dire Straits;Brothers In Arms
Tunnel Of Love (San Antonio Live In 85);Dire Straits;Brothers In Arms
Expresso Love (San Antonio Live In 85);Dire Straits;Brothers In Arms
One World (San Antonio Live In 85);Dire Straits;Brothers In Arms
Two Young Lovers (San Antonio Live In 85);Dire Straits;Brothers In Arms
Why Worry (San Antonio Live In 85);Dire Straits;Brothers In Arms
Walk Of Life (San Antonio Live In 85);Dire Straits;Brothers In Arms
Ride Across The River (San Antonio Live In 85);Dire Straits;Brothers In Arms
Private Investigations (Album Version);Dire Straits;Love Over Gold
Industrial Disease;Dire Straits;Love Over Gold
Telegraph Road;Dire Straits;Love Over Gold
It Never Rains;Dire Straits;Love Over Gold
Love Over Gold;Dire Straits;Love Over Gold
Sultans Of Swing;Dire Straits;Dire Straits
Setting Me Up;Dire Straits;Dire Straits
In The Gallery;Dire Straits;Dire Straits
Water Of Love;Dire Straits;Dire Straits
Down To The Waterline;Dire Straits;Dire Straits
Six Blade Knife;Dire Straits;Dire Straits
Lions;Dire Straits;Dire Straits
Southbound Again;Dire Straits;Dire Straits
Wild West End;Dire Straits;Dire Straits
Portobello Belle (Extended Intro / Live At Hammersmith Odeon, London / 1983 / Mixed And Remastered 2023);Dire Straits;Live 1978 - 1992
Solid Rock (Live At Hammersmith Odeon, London / 1983 / Remastered 2023);Dire Straits;Live 1978 - 1992
Once Upon A Time In The West (Live At Hammersmith Odeon, London / 1983 / Remastered 2023);Dire Straits;Live 1978 - 1992
Love Over Gold (Live At Hammersmith Odeon, London / 1983 / Remastered 2023);Dire Straits;Live 1978 - 1992
Romeo And Juliet (Live At Hammersmith Odeon, London / 1983 / Remastered 2023);Dire Straits;Live 1978 - 1992
Twisting By The Pool (Live At Hammersmith Odeon, London / 1983 / Mixed And Remastered 2023);Dire Straits;Live 1978 - 1992
Private Investigations (Live At Hammersmith Odeon, London / 1983 / Remastered 2023);Dire Straits;Live 1978 - 1992
Expresso Love (Live At Hammersmith Odeon, London / 1983 / Remastered 2023);Dire Straits;Live 1978 - 1992
Industrial Disease (Live At Hammersmith Odeon, London / 1983 / Mixed And Remastered 2023);Dire Straits;Live 1978 - 1992
"Going Home - Theme From ""Local Hero"" (Live At Hammersmith Odeon, London / 1983 / Remastered 2023)";Dire Straits;Live 1978 - 1992
"Tunnel Of Love / Extract From ""The Carousel Waltz"" (Live At Hammersmith Odeon, London / 1983 / Remastered 2023)";Dire Straits;Live 1978 - 1992
Telegraph Road (Live At Hammersmith Odeon, London / 1983 / Remastered 2023);Dire Straits;Live 1978 - 1992
Sultans Of Swing (Live At Hammersmith Odeon, London / 1983 / Remastered 2023);Dire Straits;Live 1978 - 1992
Two Young Lovers (Live At Hammersmith Odeon, London / 1983 / Remastered 2023);Dire Straits;Live 1978 - 1992
Your Latest Trick (Live At Les Arenes, Nimes / France / 1992 / Remastered 2021);Dire Straits;Live 1978 - 1992
The Bug (Live At Les Arenes, Nimes / France / 1992 / Remastered 2021);Dire Straits;Live 1978 - 1992
Local Hero / Wild Theme (Live At Les Arenes, Nimes / France / 1992 / Remastered 2021);Dire Straits;Live 1978 - 1992
Solid Rock (Live At Les Arenes, Nimes / France / 1992 / Remastered 2021);Dire Straits;Live 1978 - 1992
Sultans Of Swing (Live Version / Mixed And Remastered 2023);Dire Straits;Live 1978 - 1992
Walk Of Life (Live Version / Remastered 2023);Dire Straits;Live 1978 - 1992
Heavy Fuel (Live Version / Remastered 2023);Dire Straits;Live 1978 - 1992
Telegraph Road (Live Version / Mixed And Remastered 2023);Dire Straits;Live 1978 - 1992
Private Investigations (Live Version / Remastered 2023);Dire Straits;Live 1978 - 1992
You And Your Friend (Live Version / Remastered 2023);Dire Straits;Live 1978 - 1992
When It Comes To You (Live Version / Mixed And Remastered 2023);Dire Straits;Live 1978 - 1992
Tunnel Of Love (Live Version / Mixed And Remastered 2023);Dire Straits;Live 1978 - 1992
Romeo And Juliet (Live Version / Remastered 2023);Dire Straits;Live 1978 - 1992
On Every Street (Live Version / Remastered 2023);Dire Straits;Live 1978 - 1992
Money For Nothing (Live Version / Remastered 2023);Dire Straits;Live 1978 - 1992
Calling Elvis (Live Version / Remastered 2023);Dire Straits;Live 1978 - 1992
Your Latest Trick (Live Version / Remastered 2023);Dire Straits;Live 1978 - 1992
Brothers In Arms (Live Version / Remastered 2023);Dire Straits;Live 1978 - 1992
Fade To Black (Live Version / Mixed And Remastered 2023);Dire Straits;Live 1978 - 1992
Two Young Lovers (Live Version / Mixed And Remastered 2023);Dire Straits;Live 1978 - 1992
I Think I Love You Too Much (Live Version / Mixed And Remastered 2023);Dire Straits;Live 1978 - 1992
Wild West End (Live At The BBC / Remastered 2023);Dire Straits;Live 1978 - 1992
What's The Matter Baby? (Live At The BBC / Remastered 2023);Dire Straits;Live 1978 - 1992
Six Blade Knife (Live At The BBC / Remastered 2023);Dire Straits;Live 1978 - 1992
Down To The Waterline (Live At The BBC / Remastered 2023);Dire Straits;Live 1978 - 1992
Water Of Love (Live At The BBC / Remastered 2023);Dire Straits;Live 1978 - 1992
Lions (Live At The BBC / Remastered 2023);Dire Straits;Live 1978 - 1992
Tunnel Of Love (Live At The BBC / Remastered 2023);Dire Straits;Live 1978 - 1992
Sultans Of Swing (Live At The BBC / Remastered 2023);Dire Straits;Live 1978 - 1992
That’s Alright Mama (with Phil Lynott) (Live At The Rainbow / Dec 1979);Dire Straits;Live 1978 - 1992
Sultans Of Swing (Live At The Rainbow / Dec 1979);Dire Straits;Live 1978 - 1992
Twisting By The Pool (Live At The Rainbow / Dec 1979);Dire Straits;Live 1978 - 1992
Les Boys (Live At The Rainbow / Dec 1979);Dire Straits;Live 1978 - 1992
Lady Writer (Live At The Rainbow / Dec 1979);Dire Straits;Live 1978 - 1992
News (Live At The Rainbow / Dec 1979);Dire Straits;Live 1978 - 1992
Keep On Knocking (with Phil Lynott) (Live At The Rainbow / Dec 1979);Dire Straits;Live 1978 - 1992
Wild West End (Live At The Rainbow / Dec 1979);Dire Straits;Live 1978 - 1992
What’s The Matter Baby (Live At The Rainbow / Dec 1979);Dire Straits;Live 1978 - 1992
Solid Rock (Live At The Rainbow / Dec 1979);Dire Straits;Live 1978 - 1992
Southbound Again (Live At The Rainbow / Dec 1979);Dire Straits;Live 1978 - 1992
Six Blade Knife (Live At The Rainbow / Dec 1979);Dire Straits;Live 1978 - 1992
Down To The Waterline (Live At The Rainbow / Dec 1979);Dire Straits;Live 1978 - 1992
Where Do You Think You’re Going? (Live At The Rainbow / Dec 1979);Dire Straits;Live 1978 - 1992
In The Gallery (Live At The Rainbow / Dec 1979);Dire Straits;Live 1978 - 1992
Portobello Belle (Live At The Rainbow / Dec 1979);Dire Straits;Live 1978 - 1992
Good Morning Little Schoolgirl (with Phil Lynott) (Live At The Rainbow / Dec 1979);Dire Straits;Live 1978 - 1992
Setting Me Up (Live At The Rainbow / Dec 1979);Dire Straits;Live 1978 - 1992
Once Upon A Time In The West (Live At The Rainbow / Dec 1979);Dire Straits;Live 1978 - 1992
Lions (Live At The Rainbow / Dec 1979);Dire Straits;Live 1978 - 1992
Nadine (with Phil Lynott) (Live At The Rainbow / Dec 1979);Dire Straits;Live 1978 - 1992
Les Boys;Dire Straits;Making Movies
Hand In Hand;Dire Straits;Making Movies
Expresso Love;Dire Straits;Making Movies
Tunnel Of Love (Intro/The Carousel Waltz);Dire Straits;Making Movies
Skateaway;Dire Straits;Making Movies
Romeo And Juliet;Dire Straits;Making Movies
Solid Rock;Dire Straits;Making Movies
Fair but so Uncool (Album Version);Earth, Wind & Fire;Open Our Eyes
Open Our Eyes (Album Version);Wind & Fire;Open Our Eyes
Tee Nine Chee Bit (Album Version);Wind & Fire;Open Our Eyes
Drum Song (Album Version);Wind & Fire;Open Our Eyes
Rabbit Seed (Album Version);Wind & Fire;Open Our Eyes
Feelin' Blue (Album Version);Wind & Fire;Open Our Eyes
Devotion (Album Version);Wind & Fire;Open Our Eyes
Mighty Mighty (Album Version);Wind & Fire;Open Our Eyes
Spasmodic Movements (Album Version);Earth, Wind & Fire;Open Our Eyes
Caribou (Album Version);Wind & Fire;Open Our Eyes
Kalimba Story (Album Version);Wind & Fire;Open Our Eyes
Africano;Earth, Wind & Fire;That's The Way Of The World
All About Love (First Impression);Earth, Wind & Fire;That's The Way Of The World
Happy Feelin';Earth, Wind & Fire;That's The Way Of The World
See the Light;Earth, Wind & Fire;That's The Way Of The World
That's the Way of the World;Earth, Wind & Fire;That's The Way Of The World
Yearnin' Learnin';Earth, Wind & Fire;That's The Way Of The World
Reasons;Earth, Wind & Fire;That's The Way Of The World
Shining Star;Earth, Wind & Fire;That's The Way Of The World
Zanzibar (2005 Remaster);Earth, Wind & Fire;Head To The Sky
Keep Your Head to the Sky (2005 Remaster);Earth, Wind & Fire;Head To The Sky
Clover (2005 Remaster);Earth, Wind & Fire;Head To The Sky
Build Your Nest (2005 Remaster);Earth, Wind & Fire;Head To The Sky
The World's a Masquerade (2005 Remaster);Earth, Wind & Fire;Head To The Sky
Evil (2005 Remaster);Earth, Wind & Fire;Head To The Sky
Wanna Be With You (Album Version);Earth, Wind & Fire;Raise!
You Are a Winner (Album Version);Earth, Wind & Fire;Raise!
I've Had Enough (Album Version);Earth, Wind & Fire;Raise!
Evolution Orange (Album Version);Earth, Wind & Fire;Raise!
Let's Groove (Album Version);Wind & Fire;Raise!
The Changing Times (Album Version);Earth, Wind & Fire;Raise!
My Love (Album Version);Earth, Wind & Fire;Raise!
Lady Sun (Album Version);Earth, Wind & Fire;Raise!
Kalimba Tree (Album Version);Earth, Wind & Fire;Raise!
Side by Side;Earth;Powerlight (Album Version)
The Speed of Love;Earth;Powerlight (Album Version)
Straight from the Heart;Earth;Powerlight (Album Version)
Fall in Love with Me;Earth;Powerlight (Album Version)
Miracles;Earth;Powerlight (Album Version)
Hearts to Heart;Earth;Powerlight (Album Version)
Spread Your Love;Earth;Powerlight (Album Version)
Freedom of Choice;Earth;Powerlight (Album Version)
Something Special;Earth;Powerlight (Album Version)
Interlude, No. 1 (2011 Remaster);Wind & Fire;Last Days and Time
Interlude, No. 3 (2011 Remaster);Wind & Fire;Last Days and Time
I'd Rather Have You (2011 Remaster);Earth, Wind & Fire;Last Days and Time
Time Is on Your Side (2011 Remaster);Wind & Fire;Last Days and Time
Where Have All the Flowers Gone (2011 Remaster);Earth, Wind & Fire;Last Days and Time
They Don't See (2011 Remaster);Earth, Wind & Fire;Last Days and Time
Remember the Children (2011 Remaster);Wind & Fire;Last Days and Time
Power (2011 Remaster);Wind & Fire;Last Days and Time
Interlude, No. 2 (2011 Remaster);Wind & Fire;Last Days and Time
Make It with You (2011 Remaster);Earth, Wind & Fire;Last Days and Time
Mom (2011 Remaster);Wind & Fire;Last Days and Time
Interlude: Body Wrap (Album Version);Earth;Heritage
Heritage (Album Version);Earth;Heritage
Takin' Chances (Album Version);Earth;Heritage
Interlude: Bird (Album Version);Earth;Heritage
For the Love of You (Album Version);Earth;Heritage
Daydreamin' (Album Version);Earth;Heritage
Interlude: Soweto (Album Version);Earth;Heritage
King of Groove (Album Version);Earth;Heritage
Good Time (Album Version);Earth;Heritage
I'm in Love (Album Version);Earth;Heritage
Soweto (Reprise);Earth;Heritage
Interlude: Faith (Album Version);Earth;Heritage
Wanna Be the Man (Album Version);Earth;Heritage
Anything You Want (Album Version);Earth;Heritage
Motor (Album Version);Earth;Heritage
Welcome (Album Version);Earth;Heritage
Interlude: Close to Home (Album Version);Earth;Heritage
Beauty (LP Version);Earth, Wind & Fire;The Need Of Love
Everything Is Everything (LP Version);Earth, Wind & Fire;The Need Of Love
I Can Feel It in My Bones (LP Version);Earth, Wind & Fire;The Need Of Love
I Think About Lovin' You (LP Version);Earth, Wind & Fire;The Need Of Love
Energy (LP Version);Earth, Wind & Fire;The Need Of Love
Bad Tune (LP Version);Earth, Wind & Fire;Earth, Wind & Fire
This World Today (LP Version);Earth, Wind & Fire;Earth, Wind & Fire
Moment of Truth (LP Version);Earth, Wind & Fire;Earth, Wind & Fire
Help Somebody (LP Version);Earth, Wind & Fire;Earth, Wind & Fire
Fan the Fire (LP Version);Earth, Wind & Fire;Earth, Wind & Fire
Love Is Life (LP Version);Earth, Wind & Fire;Earth, Wind & Fire
C'mon Children (LP Version);Earth, Wind & Fire;Earth, Wind & Fire
Milky Way;Earth, Wind & Fire;Electric Universe (Expanded Edition)
Magnetic;Earth, Wind & Fire;Electric Universe (Expanded Edition)
Here's to Love  (Instrumental);Earth, Wind & Fire;Electric Universe (Expanded Edition)
Moonwalk;Earth, Wind & Fire;Electric Universe (Expanded Edition)
"Magnetic  (7"" Version)";Earth, Wind & Fire;Electric Universe (Expanded Edition)
Club Foot;Earth, Wind & Fire;Electric Universe (Expanded Edition)
Electric Nation;Earth, Wind & Fire;Electric Universe (Expanded Edition)
Spirit of a New World  (Demo Version);Earth, Wind & Fire;Electric Universe (Expanded Edition)
Magnetic  (Extended Dance Remix);Earth, Wind & Fire;Electric Universe (Expanded Edition)
We're Living in Our Own Time;Earth, Wind & Fire;Electric Universe (Expanded Edition)
El Solitario  (We're Living in Our Own Time Demo Version);Earth, Wind & Fire;Electric Universe (Expanded Edition)
Touch;Earth, Wind & Fire;Electric Universe (Expanded Edition)
Could It Be Right;Earth, Wind & Fire;Electric Universe (Expanded Edition)
Magnetic  (Instrumental);Earth, Wind & Fire;Electric Universe (Expanded Edition)
Sweet Sassy Lady;Earth, Wind & Fire;Electric Universe (Expanded Edition)
Spirit of a New World;Earth, Wind & Fire;Electric Universe (Expanded Edition)
Here Today and Gone Tomorrow;Earth;Touch The World
You and I  (1987 Version);Earth;Touch The World
Money Tight;Earth;Touch The World
System of Survival;Earth;Touch The World
Every Now and Then;Earth;Touch The World
Victim of the Modern Heart;Earth;Touch The World
Touch the World;Earth;Touch The World
New Horizons (Musical Interlude);Earth;Touch The World
Thinking of You;Earth;Touch The World
Evil Roy;Earth;Touch The World
Be Ever Wonderful (Album Version);Wind & Fire;All 'N All
Jupiter (Album Version);Earth, Wind & Fire;All 'N All
I'll Write a Song for You (Album Version);Wind & Fire;All 'N All
Magic Mind (Album Version);Earth, Wind & Fire;All 'N All
Love's Holiday (Album Version);Earth, Wind & Fire;All 'N All
Brazilian Rhyme (aka Ponta de Areia) (Album Version);Wind & Fire;All 'N All
Serpentine Fire (Album Version);Wind & Fire;All 'N All
Beijo (Interlude) (Album Version);Wind & Fire;All 'N All
Fantasy (Album Version);Earth, Wind & Fire;All 'N All
Runnin' (Album Version);Earth, Wind & Fire;All 'N All
In the Marketplace (Interlude) (Album Version);Earth, Wind & Fire;All 'N All
Divine;Earth, Wind & Fire;Millennium
Just Another Lonely Night;Earth, Wind & Fire;Millennium
"The ""L"" Word";Earth, Wind & Fire;Millennium
Spend the Night;Earth, Wind & Fire;Millennium
Sunday Morning;Earth, Wind & Fire;Millennium
Honor the Magic;Earth, Wind & Fire;Millennium
Wouldn't Change a Thing About You;Earth, Wind & Fire;Millennium
Love Across the Wire;Earth, Wind & Fire;Millennium
Kalimba Interlude;Earth, Wind & Fire;Millennium
Super Hero;Earth, Wind & Fire;Millennium
Kalimba Blues;Earth, Wind & Fire;Millennium
Love Is the Greatest Story;Earth, Wind & Fire;Millennium
Blood Brothers;Earth, Wind & Fire;Millennium
Chicago (Chi-Town) Blues;Earth, Wind & Fire;Millennium
Two Hearts;Earth, Wind & Fire;Millennium
Even If You Wonder;Earth, Wind & Fire;Millennium
The Promise (Continued);Earth, Wind & Fire;The Promise
Wonderland (feat. Angie Stone);Earth, Wind & Fire;The Promise
Prelude;Earth, Wind & Fire;The Promise
Let Me Love You;Earth, Wind & Fire;The Promise
Never (2014 Remix) [Bonus Track];Earth, Wind & Fire;The Promise
Freedom;Earth, Wind & Fire;The Promise
All In The Way;Earth, Wind & Fire;The Promise
Never (Radio Edit);Earth, Wind & Fire;The Promise
Suppose You Like Me;Earth, Wind & Fire;The Promise
She Waits;Earth, Wind & Fire;The Promise
Dirty;Earth, Wind & Fire;The Promise
All About Love;Earth, Wind & Fire;The Promise
Where Do We Go From Here?;Earth, Wind & Fire;The Promise
Hold Me;Earth, Wind & Fire;The Promise
The Promise;Earth, Wind & Fire;The Promise
Betcha';Earth, Wind & Fire;The Promise
Wiggle;Earth, Wind & Fire;The Promise
Why?;Earth, Wind & Fire;The Promise
Pipe Organ (Interlude);Earth Wind & Fire;Faces
You;Earth Wind & Fire;Faces
Faces;Earth Wind & Fire;Faces
In Time;Earth Wind & Fire;Faces
Win or Lose;Earth Wind & Fire;Faces
Oriental (Interlude);Earth Wind & Fire;Faces
Share Your Love;Earth Wind & Fire;Faces
Pride;Earth Wind & Fire;Faces
Back on the Road;Earth Wind & Fire;Faces
Sparkle;Earth Wind & Fire;Faces
Song in My Heart;Earth Wind & Fire;Faces
And Love Goes On;Earth Wind & Fire;Faces
Let Me Talk;Earth Wind & Fire;Faces
Take It to the Sky;Earth Wind & Fire;Faces
You Went Away;Earth;Faces
Turn It into Something Good;Earth Wind & Fire;Faces
Sailaway;Earth;Faces
Spirit (Album Version);Wind & Fire;Spirit
Saturday Nite (Album Version);Wind & Fire;Spirit
Departure (Album Version);Wind & Fire;Spirit
Earth, Wind & Fire (Album Version);Wind & Fire;Spirit
On Your Face (Album Version);Wind & Fire;Spirit
Imagination (Album Version);Wind & Fire;Spirit
Biyo (Album Version);Wind & Fire;Spirit
Getaway (Album Version);Wind & Fire;Spirit
Burnin' Bush (Album Version);Earth, Wind & Fire;Spirit
Wait (Album Version);Wind & Fire;I Am
Rock That! (Album Version);Wind & Fire;I Am
You and I (Album Version);Wind & Fire;I Am
In the Stone (Album Version);Wind & Fire;I Am
Boogie Wonderland (with The Emotions)(Album Version);Various Interprets;I Am
Let Your Feelings Show (Album Version);Wind & Fire;I Am
Can't Let Go (Album Version);Wind & Fire;I Am
After the Love Has Gone (Album Version);Earth, Wind & Fire;I Am
Star (Album Version);Wind & Fire;I Am
Lovely People (feat. will.i.am);Earth, Wind & Fire;Illumination
Pure Gold;Earth, Wind & Fire;Illumination
A Talking Voice (Interlude);Earth, Wind & Fire;Illumination
The One;Earth, Wind & Fire;Illumination
Pass You By;Earth, Wind & Fire;Illumination
Work It Out;Earth, Wind & Fire;Illumination
Elevated (feat. Floetry);Earth, Wind & Fire;Illumination
The Way You Move (feat. Kenny G);Earth, Wind & Fire;Illumination
To You (feat. Brian McKnight);Earth, Wind & Fire;Illumination
Show Me the Way (feat. Raphael Saadiq);Earth, Wind & Fire;Illumination
Love's Dance;Earth, Wind & Fire;Illumination
This Is How I Feel (feat. Kelly Rowland, Big Boi & Sleepy Brown);Earth, Wind & Fire;Illumination
Liberation;Earth, Wind & Fire;Illumination
Love Together;Earth, Wind & Fire;Illumination
Health and Safety;Joe Jackson;What a Racket!
The Sporting Life;Joe Jackson;What a Racket!
Dear Old Mum;Joe Jackson;What a Racket!
What a Racket!;Joe Jackson;What a Racket!
Think of the Show;Joe Jackson;What a Racket!
Monty Mundy;Joe Jackson;What a Racket!
Worse Things Happen at Sea;Joe Jackson;What a Racket!
Why Why Why;Joe Jackson;What a Racket!
Never so Nice in the Morning;Joe Jackson;What a Racket!
Shades of Night;Joe Jackson;What a Racket!
The Bishop and the Actress;Joe Jackson;What a Racket!
One For My Baby (And One More For The Road);Rob Wasserman;Duets
Duet;Rob Wasserman;Duets
Autumn Leaves;Rob Wasserman;Duets
Angel Eyes;Rob Wasserman;Duets
Gone With The Wind;Rob Wasserman;Duets
Brothers;Rob Wasserman;Duets
The Moon Is Made Of Gold;Rob Wasserman;Duets
Stardust;Rob Wasserman;Duets
Over The Rainbow;Rob Wasserman;Duets
Ballad Of The Runaway Horse;Rob Wasserman;Duets
American Popsicle;Rob Wasserman;Trios
Fantasy Is Reality / Bells Of Madness;Rob Wasserman;Trios
Country (Bass Trilogy: Part 1);Rob Wasserman;Trios
Gypsy Two;Rob Wasserman;Trios
Easy Answers;Rob Wasserman;Trios
Put Your Big Toe In The Milk Of Human Kindness;Rob Wasserman;Trios
Satisfaction (Bass Trilogy: Part 2);Rob Wasserman;Trios
Spike's Bulls (Bass Trilogy: Part 3);Rob Wasserman;Trios
Home Is Where You Get Across;Rob Wasserman;Trios
Zillionaire;Rob Wasserman;Trios
White-Wheeled Limousine;Rob Wasserman;Trios
Gypsy One;Rob Wasserman;Trios
Dustin' Off The Bass;Rob Wasserman;Trios
The Day The Earth Stole Heaven;Nine Horses;Snow Borne Sorrow
Snow Borne Sorrow;Nine Horses;Snow Borne Sorrow
Wonderful World;Nine Horses;Snow Borne Sorrow
The Banality Of Evil;Nine Horses;Snow Borne Sorrow
A History Of Holes;Nine Horses;Snow Borne Sorrow
Darkest Birds;Nine Horses;Snow Borne Sorrow
The Librarian;Nine Horses;Snow Borne Sorrow
Atom And Cell;Nine Horses;Snow Borne Sorrow
Serotonin;Nine Horses;Snow Borne Sorrow
Get The Hell Out (Burnt Friedman Remix);Nine Horses;Money For All
Birds Sing For Their Lives;Nine Horses;Money For All
The Banality Of Evil (Burnt Friedman Remix);Nine Horses;Money For All
Wonderful World (Burnt Friedman Remix);Nine Horses;Money For All
Serotonin (Burnt Friedman Remix);Nine Horses;Money For All
Get The Hell Out;Nine Horses;Money For All
Money For All (Version);Nine Horses;Money For All
Money For All;Nine Horses;Money For All
Does Everyone Stare (Remastered 2003);The Police;Reggatta De Blanc
On Any Other Day (Remastered 2003);The Police;Reggatta De Blanc
Deathwish (Remastered 2003);The Police;Reggatta De Blanc
No Time This Time (Remastered 2003);The Police;Reggatta De Blanc
Walking On The Moon (Remastered 2003);The Police;Reggatta De Blanc
Bring On The Night (Remastered 2003);The Police;Reggatta De Blanc
It's Alright For You (Remastered 2003);The Police;Reggatta De Blanc
The Bed's Too Big Without You (Remastered 2003);The Police;Reggatta De Blanc
Message In A Bottle (Remastered 2003);The Police;Reggatta De Blanc
Contact (Remastered 2003);The Police;Reggatta De Blanc
Reggatta De Blanc (Remastered 2003);The Police;Reggatta De Blanc
Synchronicity I (Remastered 2003);The Police;Synchronicity
Mother (Remastered 2003);The Police;Synchronicity
Synchronicity II (Remastered 2003);The Police;Synchronicity
Walking In Your Footsteps (Remastered 2003);The Police;Synchronicity
Murder By Numbers (Remastered 2003);The Police;Synchronicity
King Of Pain (Remastered 2003);The Police;Synchronicity
Miss Gradenko (Remastered 2003);The Police;Synchronicity
O My God (Remastered 2003);The Police;Synchronicity
Tea In The Sahara (Remastered 2003);The Police;Synchronicity
Every Breath You Take (Remastered 2003);The Police;Synchronicity
Wrapped Around Your Finger (Remastered 2003);The Police;Synchronicity
Next To You (Remastered 2003);The Police;Outlandos D'Amour
Born In The 50's (Remastered 2003);The Police;Outlandos D'Amour
Hole In My Life (Remastered 2003);The Police;Outlandos D'Amour
Be My Girl - Sally (Remastered 2003);The Police;Outlandos D'Amour
Can't Stand Losing You (Remastered 2003);The Police;Outlandos D'Amour
Masoko Tanga (Remastered 2003);The Police;Outlandos D'Amour
Roxanne (Remastered 2003);The Police;Outlandos D'Amour
So Lonely (Remastered 2003);The Police;Outlandos D'Amour
Truth Hits Everybody (Remastered 2003);The Police;Outlandos D'Amour
Peanuts (Remastered 2003);The Police;Outlandos D'Amour
Bombs Away (Remastered 2003);The Police;Zenyatta Mondatta
Driven To Tears (Remastered 2003);The Police;Zenyatta Mondatta
Canary In A Coalmine (Remastered 2003);The Police;Zenyatta Mondatta
Behind My Camel (Remastered 2003);The Police;Zenyatta Mondatta
Don't Stand So Close To Me (Remastered 2003);The Police;Zenyatta Mondatta
Man In A Suitcase (Remastered 2003);The Police;Zenyatta Mondatta
When The World Is Running Down, You Make The Best Of What's Still Around (Remastered 2003);The Police;Zenyatta Mondatta
Voices Inside My Head (Remastered 2003);The Police;Zenyatta Mondatta
The Other Way Of Stopping (Remastered 2003);The Police;Zenyatta Mondatta
De Do Do Do, De Da Da Da (Remastered 2003);The Police;Zenyatta Mondatta
Shadows In The Rain (Remastered 2003);The Police;Zenyatta Mondatta
Re-Humanise Yourself (Remastered 2003);The Police;Ghost In The Machine
One World (Not Three) (Remastered 2003);The Police;Ghost In The Machine
Demolition Man (Remastered 2003);The Police;Ghost In The Machine
Invisible Sun (Remastered 2003);The Police;Ghost In The Machine
Darkness (Remastered 2003);The Police;Ghost In The Machine
Hungry For You (Remastered 2003);The Police;Ghost In The Machine
Every Little Thing She Does Is Magic (Remastered 2003);The Police;Ghost In The Machine
Omegaman (Remastered 2003);The Police;Ghost In The Machine
Secret Journey (Remastered 2003);The Police;Ghost In The Machine
Too Much Information (Remastered 2003);The Police;Ghost In The Machine
Spirits In The Material World (Remastered 2003);The Police;Ghost In The Machine
01. Renata Maria DSD 128fs - 2ch;Artista Sconosciuto;Album Sconosciuto
06. E Isso Aontece (And this Happens) DSD 128fs - 2ch;Artista Sconosciuto;Album Sconosciuto
04. I'm Not Alone DSD 128fs - 2ch;Artista Sconosciuto;Album Sconosciuto
07. Easy going DSD 128fs - 2ch;Artista Sconosciuto;Album Sconosciuto
02. The Heart Speaks DSD 128fs - 2ch;Artista Sconosciuto;Album Sconosciuto
08. Corpos (Bodies) DSD 128fs - 2ch;Artista Sconosciuto;Album Sconosciuto
05. Congada Blues DSD 128fs - 2ch;Artista Sconosciuto;Album Sconosciuto
03. Nao Ha Porque (There's No Reason Why) DSD 128fs - 2ch;Artista Sconosciuto;Album Sconosciuto
Te Recuerdo Amanda;Ivan Lins;A Noite
Começar De Novo;Ivan Lins;A Noite
Noites Sertanejas;Ivan Lins;A Noite
Antes Que Seja Tarde;Ivan Lins;A Noite
Desesperar, Jamais;Ivan Lins;A Noite
Saindo De Mim;Ivan Lins;A Noite
Velas Içadas;Ivan Lins;A Noite
Formigueiro;Ivan Lins;A Noite
A Voz Do Povo;Ivan Lins;A Noite
A Noite;Ivan Lins;A Noite
General Da Banda/A Fonte Secou/Recordar É Viver (Recordar);Ivan Lins;Modo Livre
Não Tem Perdão;Ivan Lins;Modo Livre
Abre Alas;Ivan Lins;Modo Livre
Tens (Calmaria);Ivan Lins;Modo Livre
Espero;Ivan Lins;Modo Livre
Rei do Carnaval;Ivan Lins;Modo Livre
Desejo;Ivan Lins;Modo Livre
Avarandado;Ivan Lins;Modo Livre
Deixa Eu Dizer;Ivan Lins;Modo Livre
Essa Maré;Ivan Lins;Modo Livre
Chega;Ivan Lins;Modo Livre
Call Me;The Doobie Brothers;Walk This Road
Angels & Mercy;The Doobie Brothers;Walk This Road
State of Grace;The Doobie Brothers;Walk This Road
Walk This Road (feat. Mavis Staples);The Doobie Brothers;Walk This Road
The Kind That Lasts;The Doobie Brothers;Walk This Road
Here to Stay;The Doobie Brothers;Walk This Road
Lahaina (feat. Mick Fleetwood, Jake Shimabukuro & Henry Kapono);The Doobie Brothers;Walk This Road
New Orleans;The Doobie Brothers;Walk This Road
Speed of Pain;The Doobie Brothers;Walk This Road
Learn to Let Go;The Doobie Brothers;Walk This Road
Visions Of Angels (Remastered 2008);Genesis;Trespass
White Mountain (Remastered 2008);Genesis;Trespass
Dusk (Remastered 2008);Genesis;Trespass
Looking For Someone (Remastered 2008);Genesis;Trespass
The Knife (Remastered 2008);Genesis;Trespass
Stagnation (Remastered 2008);Genesis;Trespass
Counting Out Time  (2025 Remaster);Genesis;The Lamb Lies Down On Broadway 
The Lamb Lies Down on Broadway  (2025 Remaster);Genesis;The Lamb Lies Down On Broadway 
Hairless Heart  (2025 Remaster);Genesis;The Lamb Lies Down On Broadway 
The Chamber of 32 Doors  (2025 Remaster);Genesis;The Lamb Lies Down On Broadway 
Fly on a Windshield  (2025 Remaster);Genesis;The Lamb Lies Down On Broadway 
The Carpet Crawlers  (2025 Remaster);Genesis;The Lamb Lies Down On Broadway 
Broadway Melody of 1974  (2025 Remaster);Genesis;The Lamb Lies Down On Broadway 
Back in N.Y.C.  (2025 Remaster);Genesis;The Lamb Lies Down On Broadway 
The Grand Parade of Lifeless Packaging  (2025 Remaster);Genesis;The Lamb Lies Down On Broadway 
In the Cage  (2025 Remaster);Genesis;The Lamb Lies Down On Broadway 
Cuckoo Cocoon  (2025 Remaster);Genesis;The Lamb Lies Down On Broadway 
Hairless Heart (Live at the Shrine Auditorium, Los Angeles, CA, 1/24/75)  (2025 Remaster);Genesis;The Lamb Lies Down On Broadway 
In the Cage (Live at the Shrine Auditorium, Los Angeles, CA, 1/24/75)  (2025 Remaster);Genesis;The Lamb Lies Down On Broadway 
Cuckoo Cocoon (Live at the Shrine Auditorium, Los Angeles, CA, 1/24/75)  (2025 Remaster);Genesis;The Lamb Lies Down On Broadway 
The Lamb Lies Down on Broadway (Live at the Shrine Auditorium, Los Angeles, CA, 1/24/75)  (2025 Remaster);Genesis;The Lamb Lies Down On Broadway 
Counting Out Time (Live at the Shrine Auditorium, Los Angeles, CA, 1/24/75)  (2025 Remaster);Genesis;The Lamb Lies Down On Broadway 
The Carpet Crawlers (Live at the Shrine Auditorium, Los Angeles, CA, 1/24/75)  (2025 Remaster);Genesis;The Lamb Lies Down On Broadway 
The Chamber of 32 Doors (Live at the Shrine Auditorium, Los Angeles, CA, 1/24/75)  (2025 Remaster);Genesis;The Lamb Lies Down On Broadway 
Back in N.Y.C. (Live at the Shrine Auditorium, Los Angeles, CA, 1/24/75)  (2025 Remaster);Genesis;The Lamb Lies Down On Broadway 
Fly on a Windshield (Live at the Shrine Auditorium, Los Angeles, CA, 1/24/75)  (2025 Remaster);Genesis;The Lamb Lies Down On Broadway 
The Grand Parade of Lifeless Packaging (Live at the Shrine Auditorium, Los Angeles, CA, 1/24/75)  (2025 Remaster);Genesis;The Lamb Lies Down On Broadway 
Broadway Melody of 1974 (Live at the Shrine Auditorium, Los Angeles, CA, 1/24/75)  (2025 Remaster);Genesis;The Lamb Lies Down On Broadway 
Here Comes the Supernatural Aneasthetist  (2025 Remaster);Genesis;The Lamb Lies Down On Broadway 
The Waiting Room  (2025 Remaster);Genesis;The Lamb Lies Down On Broadway 
Ravine  (2025 Remaster);Genesis;The Lamb Lies Down On Broadway 
The Colony of Slippermen (The Arrival / A Visit to the Doktor / Raven)  (2025 Remaster);Genesis;The Lamb Lies Down On Broadway 
The Light Dies Down on Broadway  (2025 Remaster);Genesis;The Lamb Lies Down On Broadway 
It.  (2025 Remaster);Genesis;The Lamb Lies Down On Broadway 
Riding the Scree  (2025 Remaster);Genesis;The Lamb Lies Down On Broadway 
Anyway  (2025 Remaster);Genesis;The Lamb Lies Down On Broadway 
In the Rapids  (2025 Remaster);Genesis;The Lamb Lies Down On Broadway 
Lilywhite Lilith  (2025 Remaster);Genesis;The Lamb Lies Down On Broadway 
Silent Sorrow In Empty Boats  (2025 Remaster);Genesis;The Lamb Lies Down On Broadway 
The Lamia  (2025 Remaster);Genesis;The Lamb Lies Down On Broadway 
The Lamia (Live at the Shrine Auditorium, Los Angeles, CA, 1/24/75)  (2025 Remaster);Genesis;The Lamb Lies Down On Broadway 
Riding the Scree (Live at the Shrine Auditorium, Los Angeles, CA, 1/24/75)  (2025 Remaster);Genesis;The Lamb Lies Down On Broadway 
Ravine (Live at the Shrine Auditorium, Los Angeles, CA, 1/24/75)  (2025 Remaster);Genesis;The Lamb Lies Down On Broadway 
In the Rapids (Live at the Shrine Auditorium, Los Angeles, CA, 1/24/75)  (2025 Remaster);Genesis;The Lamb Lies Down On Broadway 
The Musical Box (Live at the Shrine Auditorium, Los Angeles, CA, 1/24/75)  (2025 Remaster);Genesis;The Lamb Lies Down On Broadway 
Anyway (Live at the Shrine Auditorium, Los Angeles, CA, 1/24/75)  (2025 Remaster);Genesis;The Lamb Lies Down On Broadway 
The Waiting Room (Live at the Shrine Auditorium, Los Angeles, CA, 1/24/75)  (2025 Remaster);Genesis;The Lamb Lies Down On Broadway 
Watcher of the Skies (Live at the Shrine Auditorium, Los Angeles, CA, 1/24/75)  (2025 Remaster);Genesis;The Lamb Lies Down On Broadway 
Here Comes the Supernatural Anaesthetist (Live at the Shrine Auditorium, Los Angeles, CA, 1/24/75)  (2025 Remaster);Genesis;The Lamb Lies Down On Broadway 
It. (Live at the Shrine Auditorium, Los Angeles, CA, 1/24/75)  (2025 Remaster);Genesis;The Lamb Lies Down On Broadway 
The Light Dies Down on Broadway (Live at the Shrine Auditorium, Los Angeles, CA, 1/24/75)  (2025 Remaster);Genesis;The Lamb Lies Down On Broadway 
The Colony of Slippermen (The Arrival / A Visit to the Doktor / Raven) [Live at the Shrine Auditorium, Los Angeles, CA, 1/24/75]  (2025 Remaster);Genesis;The Lamb Lies Down On Broadway 
Lilywhite Lilith (Live at the Shrine Auditorium, Los Angeles, CA, 1/24/75)  (2025 Remaster);Genesis;The Lamb Lies Down On Broadway 
Silent Sorrow in Empty Boats (Live at the Shrine Auditorium, Los Angeles, CA, 1/24/75)  (2025 Remaster);Genesis;The Lamb Lies Down On Broadway 
Time Table (Digital Remastered 2008);Genesis;Foxtrot
Can-utility And The Coastliners (Digital Remastered 2008);Genesis;Foxtrot
Watcher Of The Skies (Digital Remastered 2008);Genesis;Foxtrot
Horizons (Digital Remastered 2008);Genesis;Foxtrot
Get 'Em Out By Friday (Digital Remastered 2008);Genesis;Foxtrot
Supper's Ready (Digital Remastered 2008);Genesis;Foxtrot
The Battle Of Epping Forest (Remastered 2008);Genesis;Selling England By The Pound
The Cinema Show (Remastered 2008);Genesis;Selling England By The Pound
Dancing With The Moonlit Knight (Remastered 2008);Genesis;Selling England By The Pound
I Know What I Like (In Your Wardrobe) (Remastered 2008);Genesis;Selling England By The Pound
Firth Of Fifth (Remastered 2008);Genesis;Selling England By The Pound
More Fool Me (Remastered 2008);Genesis;Selling England By The Pound
After The Ordeal (Remastered 2008);Genesis;Selling England By The Pound
Aisle Of Plenty (Remastered 2008);Genesis;Selling England By The Pound
Harlequin (Digital Remastered 2008);Genesis;Nursery Cryme
The Musical Box (Remastered 2008);Genesis;Nursery Cryme
Harold The Barrel (Digital Remastered 2008);Genesis;Nursery Cryme
For Absent Friends (Digital Remastered 2008);Genesis;Nursery Cryme
The Fountain Of Salmacis (Digital Remastered 2008);Genesis;Nursery Cryme
Seven Stones (Digital Remastered 2008);Genesis;Nursery Cryme
The Return Of The Giant Hogweed (Digital Remastered 2008);Genesis;Nursery Cryme
In Limbo;Genesis;From Genesis to Revelation
She is Beautiful   (The Serpent Demo, Bonus Track);Genesis;From Genesis to Revelation
Image Blown Out   (Demo, Bonus Track);Genesis;From Genesis to Revelation
One Day;Genesis;From Genesis to Revelation
Where the Sour Turns to Sweet;Genesis;From Genesis to Revelation
In the Wilderness;Genesis;From Genesis to Revelation
One Eyed Hound;Genesis;From Genesis to Revelation
A Place to Call My Own;Genesis;From Genesis to Revelation
That's Me  (Bonus Track);Genesis;From Genesis to Revelation
Patricia   (Demo Version of in Hiding, Bonus Track);Genesis;From Genesis to Revelation
Am I Very Wrong?;Genesis;From Genesis to Revelation
Silent Sun   (Single Version, Bonus Track);Genesis;From Genesis to Revelation
The Conqueror;Genesis;From Genesis to Revelation
The Serpent;Genesis;From Genesis to Revelation
Silent Sun;Genesis;From Genesis to Revelation
Fireside Song;Genesis;From Genesis to Revelation
A Winter's Tale  (Bonus Track);Genesis;From Genesis to Revelation
In Hiding;Genesis;From Genesis to Revelation
Window;Genesis;From Genesis to Revelation
Try a Little Sadness   (Demo, Bonus Track);Genesis;From Genesis to Revelation
In The Beginning;Genesis;From Genesis to Revelation
Space;Julian Lennon;Valotte
Well I Don't Know;Julian Lennon;Valotte
Jesse;Julian Lennon;Valotte
Lonely;Julian Lennon;Valotte
On The Phone;Julian Lennon;Valotte
Too Late For Goodbyes;Julian Lennon;Valotte
Valotte;Julian Lennon;Valotte
O.K. For You;Julian Lennon;Valotte
Let Me Be;Julian Lennon;Valotte
Say You're Wrong;Julian Lennon;Valotte
Upside Looking Down;Walter Becker;Circus Money
Dark Horse Dub (Bonus Track);Walter Becker;Circus Money
Circus Money;Walter Becker;Circus Money
Do You Remember the Name;Walter Becker;Circus Money
God's Eye View;Walter Becker;Circus Money
Bob Is Not Your Uncle Anymore;Walter Becker;Circus Money
Three Picture Deal;Walter Becker;Circus Money
Somebody's Saturday Night;Walter Becker;Circus Money
Darkling Down;Walter Becker;Circus Money
Selfish Gene;Walter Becker;Circus Money
Downtown Canon;Walter Becker;Circus Money
Paging Audrey;Walter Becker;Circus Money
Door Number Two;Walter Becker;Circus Money
This Moody Bastard (Album Version);Walter Becker;11 Tracks Of Whack
Down in the Bottom (Album Version);Walter Becker;11 Tracks Of Whack
Hard up Case (Album Version);Walter Becker;11 Tracks Of Whack
Junkie Girl (Album Version);Walter Becker;11 Tracks Of Whack
Girlfriend (Album Version);Walter Becker;11 Tracks Of Whack
Surf And / Or Die (Album Version);Walter Becker;11 Tracks Of Whack
Little Kawai (Album Version);Walter Becker;11 Tracks Of Whack
Cringemaker (Album Version);Walter Becker;11 Tracks Of Whack
Hat Too Flat (Album Version);Walter Becker;11 Tracks Of Whack
Book of Liars (Album Version);Walter Becker;11 Tracks Of Whack
Lucky Henry (Album Version);Walter Becker;11 Tracks Of Whack
My Waterloo (Album Version);Walter Becker;11 Tracks Of Whack
Dove Gloria;Wayne Krantz;Two Drink Minimum
Afkap;Wayne Krantz;Two Drink Minimum
Isabelle;Wayne Krantz;Two Drink Minimum
Whippersnapper;Wayne Krantz;Two Drink Minimum
Alliance / Secrets;Wayne Krantz;Two Drink Minimum
Shirts Off;Wayne Krantz;Two Drink Minimum
Lynxpaw;Wayne Krantz;Two Drink Minimum
Waiting For You (Remastered);Lee Ritenour;Festival
New York / Brazil (Remastered);Lee Ritenour;Festival
Humana (Remastered);Lee Ritenour;Festival
Voce É Linda (Remastered);Lee Ritenour;Festival
Latin Lover (Remastered);Lee Ritenour;Festival
Night Rhythms (Remastered);Lee Ritenour;Festival
Rio Sol (Remastered);Lee Ritenour;Festival
Odile, Odila (Remastered);Lee Ritenour;Festival
The Inner Look (Remastered);Lee Ritenour;Festival
Hero;Lee Ritenour;Earth Run
Butterfly;Lee Ritenour;Earth Run
Sanctuary;Lee Ritenour;Earth Run
Soaring;Lee Ritenour;Earth Run
If I'm Dreamin' (Don't Wake Me);Lee Ritenour;Earth Run
Water From The Moon;Lee Ritenour;Earth Run
Watercolors;Lee Ritenour;Earth Run
Earth Run;Lee Ritenour;Earth Run
The Sauce;Lee Ritenour;Earth Run
É (Remastered);Lee Ritenour;Color Rit
Color Rit (Remastered);Lee Ritenour;Color Rit
Etude (Remastered);Lee Ritenour;Color Rit
I Can’t Let Go (Remastered);Lee Ritenour;Color Rit
Mister Reggae (Remastered);Lee Ritenour;Color Rit
All The Same Tonight (Remastered);Lee Ritenour;Color Rit
Malibu (Remastered);Lee Ritenour;Color Rit
Tropical Storm (Remastered);Lee Ritenour;Color Rit
The Kiss (Remastered);Lee Ritenour;Color Rit
Bahia Funk (Remastered);Lee Ritenour;Color Rit
Children's Games (Remastered);Lee Ritenour;Portrait
Turn The Heat Up (Remastered);Lee Ritenour;Portrait
Runaway (Remastered);Lee Ritenour;Portrait
Route 17 (Remastered);Lee Ritenour;Portrait
G-Rit (Remastered);Lee Ritenour;Portrait
White Water (Remastered);Lee Ritenour;Portrait
Asa (Remastered);Lee Ritenour;Portrait
Shades In The Shade (Remastered);Lee Ritenour;Portrait
Portrait (Remastered);Lee Ritenour;Portrait
Windmill (Remastered);Lee Ritenour;Portrait
For the Palms;Lee Ritenour;Brasil
Stone Flower;Lee Ritenour;Brasil
Cravo E Canela (Cloves & Cinnamon);Lee Ritenour;Brasil
Vitoriosa (Victorious);Lee Ritenour;Brasil
Canto Invierno (Winter Song);Lee Ritenour;Brasil
Lil Rock Way;Lee Ritenour;Brasil
Boca De Siri (Keep It Quiet);Lee Ritenour;Brasil
Catavento;Lee Ritenour;Brasil
Meu Samba Torto (My Crooked Samba);Lee Ritenour;Brasil
T Shirt;David Byrne;T Shirt
A Secret Life (2006 Digital Remaster);Brian Eno;My Life In The Bush Of Ghosts
Solo Guitar With Tin Foil;Brian Eno;My Life In The Bush Of Ghosts
Moonlight In Glory (2006 Digital Remaster);Brian Eno;My Life In The Bush Of Ghosts
Help Me Somebody (2006 Digital Remaster);Brian Eno;My Life In The Bush Of Ghosts
New Feet;Brian Eno;My Life In The Bush Of Ghosts
Two Against Three;Brian Eno;My Life In The Bush Of Ghosts
The Jezebel Spirit (2006 Digital Remaster);Brian Eno;My Life In The Bush Of Ghosts
Come With Us (2006 Digital Remaster);Brian Eno;My Life In The Bush Of Ghosts
Defiant;David Byrne;My Life In The Bush Of Ghosts
Number 8 Mix (2006 Digital Remaster);Brian Eno;My Life In The Bush Of Ghosts
Very Very Hungry (2006 Digital Remaster);Brian Eno;My Life In The Bush Of Ghosts
Vocal Out-Takes;Brian Eno;My Life In The Bush Of Ghosts
Mea Culpa (2006 Digital Remaster);Brian Eno;My Life In The Bush Of Ghosts
America Is Waiting (2006 Digital Remaster);Brian Eno;My Life In The Bush Of Ghosts
Mountain Of Needles (2006 Digital Remaster);Brian Eno;My Life In The Bush Of Ghosts
Pitch To Voltage;Brian Eno;My Life In The Bush Of Ghosts
Mary Ann;Steve Miller;Born 2B Blue
Filthy McNasty;Steve Miller;Born 2B Blue
Born To Be Blue;Steve Miller;Born 2B Blue
Just A Little Bit;Steve Miller;Born 2B Blue
Ya Ya;Steve Miller;Born 2B Blue
Red Top;Steve Miller;Born 2B Blue
Willow Weep For Me;Steve Miller;Born 2B Blue
When Sunny Gets Blue;Steve Miller;Born 2B Blue
God Bless The Child;Steve Miller;Born 2B Blue
Zip-A-Dee-Doo-Dah;Steve Miller;Born 2B Blue
The Right Mistake;Robbie Robertson;How To Become Clairvoyant
Tango For Django;Robbie Robertson;How To Become Clairvoyant
Straight Down The Line;Robbie Robertson;How To Become Clairvoyant
Axman;Robbie Robertson;How To Become Clairvoyant
Won't Be Back;Robbie Robertson;How To Become Clairvoyant
She's Not Mine;Robbie Robertson;How To Become Clairvoyant
How To Become Clairvoyant;Robbie Robertson;How To Become Clairvoyant
Madame X;Robbie Robertson;How To Become Clairvoyant
Fear Of Falling;Robbie Robertson;How To Become Clairvoyant
When The Night Was Young;Robbie Robertson;How To Become Clairvoyant
This Is Where I Get Off;Robbie Robertson;How To Become Clairvoyant
He Don't Live Here No More;Robbie Robertson;How To Become Clairvoyant
Wandering Souls;Robbie Robertson;Sinematic
Praying For Rain;Robbie Robertson;Sinematic
Street Serenade;Robbie Robertson;Sinematic
Hardwired;Robbie Robertson;Sinematic
Once Were Brothers;Robbie Robertson;Sinematic
Beautiful Madness;Robbie Robertson;Sinematic
The Shadow;Robbie Robertson;Sinematic
Remembrance;Robbie Robertson;Sinematic
Shanghai Blues;Robbie Robertson;Sinematic
Walk In Beauty Way;Robbie Robertson;Sinematic
Let Love Reign;Robbie Robertson;Sinematic
I Hear You Paint Houses;Robbie Robertson;Sinematic
Dead End Kid;Robbie Robertson;Sinematic
Sonny Got Caught In The Moonlight (Album Version);Robbie Robertson;Robbie Robertson
Hell's Half Acre (Album Version);Robbie Robertson;Robbie Robertson
American Roulette (Album Version);Robbie Robertson;Robbie Robertson
Showdown At Big Sky (Album Version);Robbie Robertson;Robbie Robertson
Sweet Fire Of Love (Album Version);Robbie Robertson;Robbie Robertson
Fallen Angel (Album Version);Robbie Robertson;Robbie Robertson
Testimony (Album Version);Robbie Robertson;Robbie Robertson
Broken Arrow (Album Version);Robbie Robertson;Robbie Robertson
Somewhere Down The Crazy River (Album Version);Robbie Robertson;Robbie Robertson
Sign Of The Rainbow (Album Version);Robbie Robertson;Storyville
Breakin' The Rules (Album Version);Robbie Robertson;Storyville
Night Parade (Album Version);Robbie Robertson;Storyville
Day Of Reckoning (Burnin' For You) (Album Version);Robbie Robertson;Storyville
Resurrection (Album Version);Robbie Robertson;Storyville
What About Now (Album Version);Robbie Robertson;Storyville
Go Back To Your Woods (Album Version);Robbie Robertson;Storyville
Hold Back The Dawn (Album Version);Robbie Robertson;Storyville
Soap Box Preacher (Album Version);Robbie Robertson;Storyville
Shake This Town (Album Version);Robbie Robertson;Storyville
The Sound Is Fading;Robbie Robertson;Contact From The Underworld Of Redboy
Sacrifice;Robbie Robertson;Contact From The Underworld Of Redboy
In The Blood;Robbie Robertson;Contact From The Underworld Of Redboy
Rattlebone;Robbie Robertson;Contact From The Underworld Of Redboy
Take Your Partner By The Hand (Red Alert Mix) (DJ Premier Remix);Robbie Robertson;Contact From The Underworld Of Redboy
Unbound;Robbie Robertson;Contact From The Underworld Of Redboy
Stomp Dance (Unity);Robbie Robertson;Contact From The Underworld Of Redboy
Making A Noise;Robbie Robertson;Contact From The Underworld Of Redboy
The Lights;Robbie Robertson;Contact From The Underworld Of Redboy
Peyote Healing;Robbie Robertson;Contact From The Underworld Of Redboy
The Code Of Handsome Lake;Robbie Robertson;Contact From The Underworld Of Redboy
And I Have Seen Myself;Eg And Alice;24 Years of Hunger
Mystery Man;Eg And Alice;24 Years of Hunger
New Year's Eve;Eg And Alice;24 Years of Hunger
Indian;Eg And Alice;24 Years of Hunger
I Wish;Eg And Alice;24 Years of Hunger
Doesn't Mean That Much to Me;Eg And Alice;24 Years of Hunger
Rockets;Eg And Alice;24 Years of Hunger
In a Cold Way;Eg And Alice;24 Years of Hunger
So High, So Low;Eg And Alice;24 Years of Hunger
Crosstown;Eg And Alice;24 Years of Hunger
Iou;Eg And Alice;24 Years of Hunger
Some People;Fra Lippo Lippi;Light And Shade
Home;Fra Lippo Lippi;Light And Shade
Freedom;Fra Lippo Lippi;Light And Shade
Crazy Wisdom;Fra Lippo Lippi;Light And Shade
Beauty And Madness;Fra Lippo Lippi;Light And Shade
Angel;Fra Lippo Lippi;Light And Shade
Indifference;Fra Lippo Lippi;Light And Shade
Don't Take Away That Light;Fra Lippo Lippi;Light And Shade
Stardust Motel;Fra Lippo Lippi;Light And Shade
Light And Shade;Fra Lippo Lippi;Light And Shade
French Catalogues (Variation On 'The Canon In D Major' By Johann Pachelbel) (Remastered 2004);Brian Eno;Discreet Music
Fullness Of Wind (Variation On 'The Canon In D Major' By Johann Pachelbel) (Remastered 2004);Brian Eno;Discreet Music
Brutal Ardour (Variation On 'The Canon In D Major' By Johann Pachelbel) (Remastered 2004);Brian Eno;Discreet Music
Discreet Music (Remastered 2004);Brian Eno;Discreet Music
Becalmed (2004 Digital Remaster);Brian Eno;Another Green World
Sky Saw (2004 Digital Remaster);Brian Eno;Another Green World
The Big Ship (2004 Digital Remaster);Brian Eno;Another Green World
Another Green World (Remastered 2004);Brian Eno;Another Green World
Everything Merges With The Night (2004 Digital Remaster);Brian Eno;Another Green World
St Elmo's Fire (2004 Digital Remaster);Brian Eno;Another Green World
Spirits Drifting (2004 Digital Remaster);Brian Eno;Another Green World
Over Fire Island (2004 Digital Remaster);Brian Eno;Another Green World
Sombre Reptiles (2004 Digital Remaster);Brian Eno;Another Green World
Little Fishes (2004 Digital Remaster);Brian Eno;Another Green World
In Dark Trees (2004 Digital Remaster);Brian Eno;Another Green World
Zawinul/Lava (2004 Digital Remaster);Brian Eno;Another Green World
Golden Hours (2004 Digital Remaster);Brian Eno;Another Green World
I'll Come Running (2004 Digital Remaster);Brian Eno;Another Green World
Garden of Stars;Brian Eno;FOREVERANDEVERNOMORE
Making Gardens Out of Silence;Brian Eno;FOREVERANDEVERNOMORE
Sherry;Brian Eno;FOREVERANDEVERNOMORE
These Small Noises;Brian Eno;FOREVERANDEVERNOMORE
Icarus or Blériot;Brian Eno;FOREVERANDEVERNOMORE
Inclusion;Brian Eno;FOREVERANDEVERNOMORE
Who Gives a Thought;Brian Eno;FOREVERANDEVERNOMORE
I’m Hardly Me;Brian Eno;FOREVERANDEVERNOMORE
There Were Bells;Brian Eno;FOREVERANDEVERNOMORE
We Let It In;Brian Eno;FOREVERANDEVERNOMORE
Third Uncle (2004 Digital Remaster);Brian Eno;Taking Tiger Mountain (By Strategy)
Back In Judy's Jungle (2004 Digital Remaster);Brian Eno;Taking Tiger Mountain (By Strategy)
Taking Tiger Mountain (2004 Digital Remaster);Brian Eno;Taking Tiger Mountain (By Strategy)
The Great Pretender (2004 Digital Remaster);Brian Eno;Taking Tiger Mountain (By Strategy)
Burning Airlines Give You So Much More (2004 Digital Remaster);Brian Eno;Taking Tiger Mountain (By Strategy)
Fat Lady Of Limbourg (2004 Digital Remaster);Brian Eno;Taking Tiger Mountain (By Strategy)
Mother Whale Eyeless (2004 Digital Remaster);Brian Eno;Taking Tiger Mountain (By Strategy)
The True Wheel (2004 Digital Remaster);Brian Eno;Taking Tiger Mountain (By Strategy)
China My China (2004 Digital Remaster);Brian Eno;Taking Tiger Mountain (By Strategy)
Put A Straw Under Baby (2004 Digital Remaster);Brian Eno;Taking Tiger Mountain (By Strategy)
Some Of Them Are Old (2004 Digital Remaster);Brian Eno;Here Come The Warm Jets
The Paw Paw Negro Blowtorch (2004 Digital Remaster);Brian Eno;Here Come The Warm Jets
Baby's On Fire (2004 Digital Remaster);Brian Eno;Here Come The Warm Jets
On Some Faraway Beach (2004 Digital Remaster);Brian Eno;Here Come The Warm Jets
Here Come The Warm Jets (2004 Digital Remaster);Brian Eno;Here Come The Warm Jets
Cindy Tells Me (2004 Digital Remaster);Brian Eno;Here Come The Warm Jets
Dead Finks Don't Talk (2004 Digital Remaster);Brian Eno;Here Come The Warm Jets
Driving Me Backwards (2004 Digital Remaster);Brian Eno;Here Come The Warm Jets
Blank Frank (2004 Digital Remaster);Brian Eno;Here Come The Warm Jets
Needles In The Camel's Eye (2004 Digital Remaster);Brian Eno;Here Come The Warm Jets
1/1 (Remastered 2004);Brian Eno;Ambient 1 / Music for Airports
2/2 (Remastered 2004);Brian Eno;Ambient 1 / Music for Airports
2/1 (Remastered 2004);Brian Eno;Ambient 1 / Music for Airports
1/2 (Remastered 2004);Brian Eno;Ambient 1 / Music for Airports
Empty Platform (Bonus Track);Brian Eno;The Shutov Assembly (Expanded Edition)
Ikebukuro;Brian Eno;The Shutov Assembly (Expanded Edition)
Eastern Cities (Bonus Track);Brian Eno;The Shutov Assembly (Expanded Edition)
Lanzarote;Brian Eno;The Shutov Assembly (Expanded Edition)
Riverside;Brian Eno;The Shutov Assembly (Expanded Edition)
Prague (Bonus Track);Brian Eno;The Shutov Assembly (Expanded Edition)
Innocenti;Brian Eno;The Shutov Assembly (Expanded Edition)
Rendition (Bonus Track);Brian Eno;The Shutov Assembly (Expanded Edition)
Francisco;Brian Eno;The Shutov Assembly (Expanded Edition)
Cavallino;Brian Eno;The Shutov Assembly (Expanded Edition)
Alhondiga;Brian Eno;The Shutov Assembly (Expanded Edition)
Storm (Bonus Track);Brian Eno;The Shutov Assembly (Expanded Edition)
Triennale;Brian Eno;The Shutov Assembly (Expanded Edition)
Markgraph;Brian Eno;The Shutov Assembly (Expanded Edition)
Alhondiga Variation (Bonus Track);Brian Eno;The Shutov Assembly (Expanded Edition)
Big Slow Arabs (Bonus Track);Brian Eno;The Shutov Assembly (Expanded Edition)
Stedelijk;Brian Eno;The Shutov Assembly (Expanded Edition)
No One Receiving (2004 Digital Remaster);Brian Eno;Before And After Science
Energy Fools The Magician (2004 Digital Remaster);Brian Eno;Before And After Science
King's Lead Hat (2004 Digital Remaster);Brian Eno;Before And After Science
Backwater (2004 Digital Remaster);Brian Eno;Before And After Science
Kurt's Rejoinder (2004 Digital Remaster);Brian Eno;Before And After Science
Through Hollow Lands (2004 Digital Remaster);Brian Eno;Before And After Science
Julie With (2004 Digital Remaster);Brian Eno;Before And After Science
Here He Comes (2004 Digital Remaster);Brian Eno;Before And After Science
Spider And I (2004 Digital Remaster);Brian Eno;Before And After Science
By This River (2004 Digital Remaster);Brian Eno;Before And After Science
From The Same Hill (Remastered 2005);Brian Eno;Music For Films
Slow Water (Remastered 2005);Brian Eno;Music For Films
Sparrowfall (3) (Remastered 2005);Brian Eno;Music For Films
A Measured Room (Remastered 2005);Brian Eno;Music For Films
Patrolling Wire Borders (Remastered 2005);Brian Eno;Music For Films
Quartz (Remastered 2005);Brian Eno;Music For Films
Events In Dense Fog (Remastered 2005);Brian Eno;Music For Films
Sparrowfall  (Remastered 2005);Brian Eno;Music For Films
Alternative 3 (Remastered 2005);Brian Eno;Music For Films
There Is Nobody (Remastered 2005);Brian Eno;Music For Films
Inland Sea (Remastered 2005);Brian Eno;Music For Films
Two Rapid Formations (Remastered 2005);Brian Eno;Music For Films
Sparrowfall (1) (Remastered 2005);Brian Eno;Music For Films
Task Force (Remastered 2005);Brian Eno;Music For Films
Aragon (Remastered 2005);Brian Eno;Music For Films
Strange Light (Remastered 2005);Brian Eno;Music For Films
M386 (Remastered 2005);Brian Eno;Music For Films
Final Sunset (Remastered 2005);Brian Eno;Music For Films
Under (Bonus Track);Brian Eno;Nerve Net (Expanded Edition)
Over (Bonus Track);Brian Eno;Nerve Net (Expanded Edition)
Juju Space Jazz;Brian Eno;Nerve Net (Expanded Edition)
Decentre;Brian Eno;Nerve Net (Expanded Edition)
Ali Click;Brian Eno;Nerve Net (Expanded Edition)
What Actually Happened?;Brian Eno;Nerve Net (Expanded Edition)
Tutti Forgetti (Bonus Track);Brian Eno;Nerve Net (Expanded Edition)
Juju Space Jazz (Bonus Track);Brian Eno;Nerve Net (Expanded Edition)
Disturbed Being;Brian Eno;Nerve Net (Expanded Edition)
My Squelchy Life;Brian Eno;Nerve Net (Expanded Edition)
The Roil, The Choke;Brian Eno;Nerve Net (Expanded Edition)
Web;Brian Eno;Nerve Net (Expanded Edition)
Little Apricot (Bonus Track);Brian Eno;Nerve Net (Expanded Edition)
Web (Lascaux Mix);Brian Eno;Nerve Net (Expanded Edition)
Everybody’s Mother (Bonus Track);Brian Eno;Nerve Net (Expanded Edition)
My Squelchy Life (Bonus Track);Brian Eno;Nerve Net (Expanded Edition)
Some Words (Bonus Track);Brian Eno;Nerve Net (Expanded Edition)
Stiff (Bonus Track);Brian Eno;Nerve Net (Expanded Edition)
Fractal Zoom;Brian Eno;Nerve Net (Expanded Edition)
I Fall Up (Bonus Track);Brian Eno;Nerve Net (Expanded Edition)
The Harness (Bonus Track);Brian Eno;Nerve Net (Expanded Edition)
Wire Shock;Brian Eno;Nerve Net (Expanded Edition)
Pierre In Mist;Brian Eno;Nerve Net (Expanded Edition)
My Heart Would Know (Album Version);The The;Hanky Panky
I Saw The Light (Album Version);The The;Hanky Panky
I Can't Get You Off Of My Mind (Album Version);The The;Hanky Panky
You're Cheatin' Heart (Album Version);The The;Hanky Panky
If You'll Be A Baby To Me (Album Version);The The;Hanky Panky
I Can't Escape From You (Album Version);The The;Hanky Panky
Honky Tonkin' (Album Version);The The;Hanky Panky
Weary Blues From Waitin' (Album Version);The The;Hanky Panky
There's A Tear In My Beer (Album Version);The The;Hanky Panky
Six More Miles (Album Version);The The;Hanky Panky
I'm A Long Gone Daddy (Album Version);The The;Hanky Panky
The Mercy Beat;The The;Infected
Heartland;The The;Infected
Infected;The The;Infected
Slow Train To Dawn;The The;Infected
Sweet Bird Of Truth;The The;Infected
Angels Of Deception;The The;Infected
Out Of The Blue (Into The Fire);The The;Infected
Twilight Of A Champion;The The;Infected
Down By The Frozen River;The The;Ensoulment
Some Days I Drink My Coffee By The Grave Of William Blake;The The;Ensoulment
Life After Life;The The;Ensoulment
Cognitive Dissident;The The;Ensoulment
A Rainy Day In May;The The;Ensoulment
Risin´ Above The Need;The The;Ensoulment
Where Do We Go When We Die?;The The;Ensoulment
I Want To Wake Up With You;The The;Ensoulment
I Hope You Remember (The Things I Can´t Forget);The The;Ensoulment
Kissing The Ring Of Potus;The The;Ensoulment
Linoleum Smooth To The Stockinged Foot;The The;Ensoulment
Zen & The Art Of Dating;The The;Ensoulment
Bluer Than Midnight;The The;Dusk
Lonely Planet;The The;Dusk
This Is the Night;The The;Dusk
Dogs of Lust;The The;Dusk
Love Is Stronger Than Death;The The;Dusk
True Happiness This Way Lies;The The;Dusk
Sodium Light Baby;The The;Dusk
Helpline Operator;The The;Dusk
Slow Emotion Replay;The The;Dusk
Lung Shadows;The The;Dusk
The Beat(en) Generation  (Remastered);The The;Mind Bomb
Armageddon Days (Are Here Again)  (Remastered);The The;Mind Bomb
Good Morning Beautiful  (Remastered);The The;Mind Bomb
Gravitate To Me  (Remastered);The The;Mind Bomb
August & September  (Remastered);The The;Mind Bomb
The Violence Of Truth  (Remastered);The The;Mind Bomb
Beyond Love  (Remastered);The The;Mind Bomb
Kingdom of Rain  (Remastered);The The;Mind Bomb
Soul Mining;The The;Soul Mining
The Twilight Hour;The The;Soul Mining
Giant;The The;Soul Mining
Uncertain Smile;The The;Soul Mining
The Sinking Feeling;The The;Soul Mining
This Is the Day;The The;Soul Mining
Perfect;The The;Soul Mining
I've Been Waitin' For Tomorrow (All Of My Life);The The;Soul Mining
The Whisperers (Album Version);The The;NakedSelf
Boiling Point (Album Version);The The;NakedSelf
Soul Catcher (Album Version);The The;NakedSelf
December Sunlight (Album Version);The The;NakedSelf
Global Eyes (Album Version);The The;NakedSelf
Phantom Walls (Album Version);The The;NakedSelf
Weather Belle (Album Version);The The;NakedSelf
Voidy Numbness (Album Version);The The;NakedSelf
Swine Fever (Album Version);The The;NakedSelf
Salt Water (Album Version);The The;NakedSelf
Diesel Breeze (Album Version);The The;NakedSelf
Shrunken Man (Album Version);The The;NakedSelf
Cupido;Josee Koning;Doce Presença
Samba de vison;Josee Koning;Doce Presença
Nada além;Josee Koning;Doce Presença
Tico-tico no fubá;Josee Koning;Doce Presença
Sei lá porque;Josee Koning;Doce Presença
Paciência;Josee Koning;Doce Presença
Cântico dos canticôs;Josee Koning;Doce Presença
Quase que eu fui feliz;Josee Koning;Doce Presença
O universo na cabeça do alfinete;Josee Koning;Doce Presença
Doce Presença;Josee Koning;Doce Presença
Cínica;Josee Koning;Doce Presença
Plus fort que nous;Josee Koning;Doce Presença
Let Me Tell You About Her;Elvis Costello;North
Can You Be True?;Elvis Costello;North
Someone Took The Words Away;Elvis Costello;North
You Left Me In The Dark;Elvis Costello;North
When Green Eyes Turn Blue;Elvis Costello;North
When Did I Stop Dreaming;Elvis Costello;North
Still;Elvis Costello;North
When It Sings;Elvis Costello;North
I'm In The Mood Again;Elvis Costello;North
You Turned To Me;Elvis Costello;North
Fallen;Elvis Costello;North
American Without Tears;Elvis Costello;King Of America
Jack Of All Parades;Elvis Costello;King Of America
Sleep Of The Just;Elvis Costello;King Of America
Eisenhower Blues;Elvis Costello;King Of America
Little Palaces;Elvis Costello;King Of America
Brilliant Mistake;Elvis Costello;King Of America
The Big Light;Elvis Costello;King Of America
I'll Wear It Proudly;Elvis Costello;King Of America
Lovable;Elvis Costello;King Of America
Our Little Angel;Elvis Costello;King Of America
Suit Of Lights;Elvis Costello;King Of America
Glitter Gulch;Elvis Costello;King Of America
Indoor Fireworks;Elvis Costello;King Of America
Poisoned Rose;Elvis Costello;King Of America
Don't Let Me Be Misunderstood;Elvis Costello;King Of America
Conversation (Part 6);Marian McPartland;Marian McPartland's Piano Jazz Radio Broadcast With Elvis Costello
Conversation (Part 3);Marian McPartland;Marian McPartland's Piano Jazz Radio Broadcast With Elvis Costello
Conversation (Part 2);Marian McPartland;Marian McPartland's Piano Jazz Radio Broadcast With Elvis Costello
They Didn't Believe Me;Marian McPartland;Marian McPartland's Piano Jazz Radio Broadcast With Elvis Costello
Gloomy Sunday;Marian McPartland;Marian McPartland's Piano Jazz Radio Broadcast With Elvis Costello
My Funny Valentine;Marian McPartland;Marian McPartland's Piano Jazz Radio Broadcast With Elvis Costello
Conversation (Part 8);Marian McPartland;Marian McPartland's Piano Jazz Radio Broadcast With Elvis Costello
You Don't Know What Love Is;Marian McPartland;Marian McPartland's Piano Jazz Radio Broadcast With Elvis Costello
Conversation (Part 10);Marian McPartland;Marian McPartland's Piano Jazz Radio Broadcast With Elvis Costello
Almost Blue;Marian McPartland;Marian McPartland's Piano Jazz Radio Broadcast With Elvis Costello
At Last;Marian McPartland;Marian McPartland's Piano Jazz Radio Broadcast With Elvis Costello
Conversation (Part 7);Marian McPartland;Marian McPartland's Piano Jazz Radio Broadcast With Elvis Costello
Conversation (Part 4);Marian McPartland;Marian McPartland's Piano Jazz Radio Broadcast With Elvis Costello
Conversation (Part 5);Marian McPartland;Marian McPartland's Piano Jazz Radio Broadcast With Elvis Costello
The Very Thought Of You;Marian McPartland;Marian McPartland's Piano Jazz Radio Broadcast With Elvis Costello
I'm In The Mood Again;Elvis Costello;Marian McPartland's Piano Jazz Radio Broadcast With Elvis Costello
Conversation (Part 1);Marian McPartland;Marian McPartland's Piano Jazz Radio Broadcast With Elvis Costello
So Like Candy;Elvis Costello;Mighty Like A Rose
Couldn't Call It Unexpected No. 4;Elvis Costello;Mighty Like A Rose
Georgie and Her Rival;Elvis Costello;Mighty Like A Rose
The Other Side of Summer;Elvis Costello;Mighty Like A Rose
Invasion Hit Parade (Album Version);Elvis Costello;Mighty Like A Rose
Interlude: Couldn't Call It Unexpected No. 2  (Instrumental    Album Version);Elvis Costello;Mighty Like A Rose
All Grown Up (Album Version);Elvis Costello;Mighty Like A Rose
How to Be Dumb (Album Version);Elvis Costello;Mighty Like A Rose
Harpies Bizarre (Album Version);Elvis Costello;Mighty Like A Rose
Broken (Album Version);Elvis Costello;Mighty Like A Rose
Hurry Down Doomsday (The Bugs Are Taking Over);Elvis Costello;Mighty Like A Rose
After the Fall (Album Version);Elvis Costello;Mighty Like A Rose
Playboy to a Man (Album Version);Elvis Costello;Mighty Like A Rose
Sweet Pear (Album Version);Elvis Costello;Mighty Like A Rose
What's Her Name Today?;Elvis Costello;Painted From Memory
God Give Me Strength (From “Grace Of My Heart” Soundtrack);Elvis Costello;Painted From Memory
I Still Have That Other Girl;Elvis Costello;Painted From Memory
The Sweetest Punch;Elvis Costello;Painted From Memory
In The Darkest Place;Elvis Costello;Painted From Memory
Painted From Memory;Elvis Costello;Painted From Memory
Tears At The Birthday Party;Elvis Costello;Painted From Memory
My Thief;Elvis Costello;Painted From Memory
This House Is Empty Now;Elvis Costello;Painted From Memory
Such Unlikely Lovers;Elvis Costello;Painted From Memory
The Long Division;Elvis Costello;Painted From Memory
Toledo;Elvis Costello;Painted From Memory
Blame It On Cain;Elvis Costello;My Aim Is True
(The Angels Wanna Wear My) Red Shoes;Elvis Costello;My Aim Is True
Waiting For The End Of The World;Elvis Costello;My Aim Is True
No Dancing;Elvis Costello;My Aim Is True
I'm Not Angry;Elvis Costello;My Aim Is True
Watching The Detectives (Single Version);Elvis Costello;My Aim Is True
Sneaky Feelings;Elvis Costello;My Aim Is True
Less Than Zero;Elvis Costello;My Aim Is True
Pay It Back (\);Elvis Costello;My Aim Is True
Welcome To The Working Week;Elvis Costello;My Aim Is True
Miracle Man;Elvis Costello;My Aim Is True
Alison;Elvis Costello;My Aim Is True
Mystery Dance;Elvis Costello;My Aim Is True
Any King's Shilling;Elvis Costello;Spike
Miss Macbeth;Elvis Costello;Spike
Baby Plays Around;Elvis Costello;Spike
God's Comic;Elvis Costello;Spike
Tramp the Dirt Down;Elvis Costello;Spike
Coal-Train Robberies;Elvis Costello;Spike
Veronica;Elvis Costello;Spike
Pads, Paws and Claws;Elvis Costello;Spike
Deep Dark Truthful Mirror;Elvis Costello;Spike
...This Town...;Elvis Costello;Spike
Stalin Malone;Elvis Costello;Spike
Chewing Gum;Elvis Costello;Spike
Satellite;Elvis Costello;Spike
Last Boat Leaving;Elvis Costello;Spike
Let Him Dangle;Elvis Costello;Spike
For Other Eyes;Elvis Costello & The Brodsky Quartet;The Juliet Letters
Jacksons, Monk and Rowe;Elvis Costello & The Brodsky Quartet;The Juliet Letters
This Offer Is Unrepeatable;Elvis Costello & The Brodsky Quartet;The Juliet Letters
Who Do You Think You Are?;Elvis Costello & The Brodsky Quartet;The Juliet Letters
Deliver Us;Elvis Costello & The Brodsky Quartet;The Juliet Letters
The First to Leave;Elvis Costello & The Brodsky Quarter;The Juliet Letters
Why?;Elvis Costello & The Brodsky Quartet;The Juliet Letters
The Letter Home;Elvis Costello & The Brodsky Quartet;The Juliet Letters
Dear Sweet Filthy World;Elvis Costello & The Brodsky Quartet;The Juliet Letters
Romeo's Seance;Elvis Costello & The Brodsky Quartet;The Juliet Letters
This Sad Burlesque;Elvis Costello & The Brodsky Quartet;The Juliet Letters
I Almost Had a Weakness;Elvis Costello with the Brodsky Quartet;The Juliet Letters
Dead Letter;Elvis Costello & The Brodsky Quartet;The Juliet Letters
The Birds Will Still Be Singing;Elvis Costello & The Brodsky Quartet;The Juliet Letters
Expert Rites;Elvis Costello & The Brodsky Quartet;The Juliet Letters
I Thought I'd Write to Juliet;Elvis Costello & The Brodsky Quartet;The Juliet Letters
Taking My Life in Your Hands;Elvis Costello & The Brodsky Quartet;The Juliet Letters
Last Post;Elvis Costello & The Brodsky Quartet;The Juliet Letters
Swine;Elvis Costello & The Brodsky Quartet;The Juliet Letters
Damnation's Cellar;Elvis Costello & The Brodsky Quartet;The Juliet Letters
Hetty O'Hara Confidential;Elvis Costello;Hey Clockface
What Is It That I Need That I Don’t Already Have?;Elvis Costello;Hey Clockface
They’re Not Laughing At Me Now;Elvis Costello;Hey Clockface
The Whirlwind;Elvis Costello;Hey Clockface
Newspaper Pane;Elvis Costello;Hey Clockface
We Are All Cowards Now;Elvis Costello;Hey Clockface
I Can’t Say Her Name;Elvis Costello;Hey Clockface
No Flag;Elvis Costello;Hey Clockface
I Do (Zula’s Song);Elvis Costello;Hey Clockface
Radio Is Everything;Elvis Costello;Hey Clockface
Byline;Elvis Costello;Hey Clockface
Hey Clockface / How Can You Face Me?;Elvis Costello;Hey Clockface
Revolution #49;Elvis Costello;Hey Clockface
The Last Confession Of Vivian Whip;Elvis Costello;Hey Clockface
Swing to the Right (Live in Japan);Utopia;Redux 92: Live in Japan
Hiroshima (Live in Japan);Utopia;Redux 92: Live in Japan
Back on the Street (Live in Japan);Utopia;Redux 92: Live in Japan
Abandon City (Live in Japan);Utopia;Redux 92: Live in Japan
The Ikon (Live in Japan);Utopia;Redux 92: Live in Japan
Princess of the Universe (Live in Japan);Utopia;Redux 92: Live in Japan
Only Human (Live in Japan);Utopia;Redux 92: Live in Japan
One World (Live in Japan);Utopia;Redux 92: Live in Japan
Caravan (Live in Japan);Utopia;Redux 92: Live in Japan
Trapped (Live in Japan);Utopia;Redux 92: Live in Japan
Love Is the Answer (Live in Japan);Utopia;Redux 92: Live in Japan
Hammer in the Heart (Live in Japan);Utopia;Redux 92: Live in Japan
Love in Action (Live in Japan);Utopia;Redux 92: Live in Japan
Fix Your Gaze (Live in Japan);Utopia;Redux 92: Live in Japan
Last of the New Wave Riders (Live in Japan);Utopia;Redux 92: Live in Japan
Zen Machine (Live in Japan);Utopia;Redux 92: Live in Japan
The Spark of Life;Todd Rundgren;Todd
Don't You Ever Learn?;Todd Rundgren;Todd
Sidewalk Cafe;Todd Rundgren;Todd
A Dream Goes on Forever;Todd Rundgren;Todd
In and Out the Chakras We Go (Formerly Shaft Goes to Outer Space);Todd Rundgren;Todd
How About a Little Fanfare?;Todd Rundgren;Todd
Sons of 1984;Todd Rundgren;Todd
An Elpee's Worth of Toons;Todd Rundgren;Todd
Izzat Love?;Todd Rundgren;Todd
Drunken Blue Rooster;Todd Rundgren;Todd
The Last Ride;Todd Rundgren;Todd
Lord Chancellor's Nightmare Song;Todd Rundgren;Todd
Heavy Metal Kids;Todd Rundgren;Todd
Useless Begging;Todd Rundgren;Todd
No. 1 Lowest Common Denominator;Todd Rundgren;Todd
Everybody's Going to Heaven / King Kong Reggae;Todd Rundgren;Todd
I Think You Know;Todd Rundgren;Todd
Influenza;Todd Rundgren;With a Twist...
Love Is the Answer;Todd Rundgren;With a Twist...
It Wouldn't Have Made Any Difference;Todd Rundgren;With a Twist...
I Saw the Light;Todd Rundgren;With a Twist...
I Want You;Todd Rundgren;With a Twist...
A Dream Goes on Forever;Todd Rundgren;With a Twist...
Can We Still Be Friends;Todd Rundgren;With a Twist...
Fidelity;Todd Rundgren;With a Twist...
Mated;Todd Rundgren;With a Twist...
Hello, It's Me;Todd Rundgren;With a Twist...
Never Neverland;Todd Rundgren;With a Twist...
Black Maria;Todd Rundgren;Something / Anything?
Wolfman Jack;Todd Rundgren;Something / Anything?
Some Folks Is Even Whiter Than Me;Todd Rundgren;Something / Anything?
Torch Song;Todd Rundgren;Something / Anything?
Piss Aaron;Todd Rundgren;Something / Anything?
Hello It's Me;Todd Rundgren;Something / Anything?
One More Day (No Word);Todd Rundgren;Something / Anything?
Cold Morning Light;Todd Rundgren;Something / Anything?
Marlene;Todd Rundgren;Something / Anything?
Little Red Lights;Todd Rundgren;Something / Anything?
Overture - My Roots: Money (That's What I Want) / Messin' with the Kid;Todd Rundgren;Something / Anything?
You Left Me Sore;Todd Rundgren;Something / Anything?
The Night the Carousel Burned Down;Todd Rundgren;Something / Anything?
I Went to the Mirror;Todd Rundgren;Something / Anything?
I Saw the Light;Todd Rundgren;Something / Anything?
Sweeter Memories;Todd Rundgren;Something / Anything?
It Wouldn't Have Made Any Difference;Todd Rundgren;Something / Anything?
Saving Grace;Todd Rundgren;Something / Anything?
Breathless  (Instrumental);Todd Rundgren;Something / Anything?
Song of the Viking;Todd Rundgren;Something / Anything?
Intro;Todd Rundgren;Something / Anything?
Couldn't I Just Tell You;Todd Rundgren;Something / Anything?
Slut;Todd Rundgren;Something / Anything?
It Takes Two to Tango (This Is for the Girls);Todd Rundgren;Something / Anything?
Dust in the Wind;Todd Rundgren;Something / Anything?
I Love My Life  (2007 Remaster);Todd Rundgren;Nearly Human
Unloved Children  (2007 Remaster);Todd Rundgren;Nearly Human
Feel It  (2007 Remaster);Todd Rundgren;Nearly Human
The Want of a Nail (feat. Bobby Womack)  (2006 Remaster);Todd Rundgren;Nearly Human
Fidelity  (2007 Remaster);Todd Rundgren;Nearly Human
Parallel Lines  (2007 Remaster);Todd Rundgren;Nearly Human
The Waiting Game  (2007 Remaster);Todd Rundgren;Nearly Human
Can't Stop Running  (2007 Remaster);Todd Rundgren;Nearly Human
Hawking  (2007 Remaster);Todd Rundgren;Nearly Human
Two Little Hitlers  (2007 Remaster);Todd Rundgren;Nearly Human
Le Feel Internacionale;Todd Rundgren;A Wizard / A True Star
I Don't Want to Tie You Down;Todd Rundgren;A Wizard / A True Star
Just Another Onionhead / Da Da Dali;Todd Rundgren;A Wizard / A True Star
Zen Archer;Todd Rundgren;A Wizard / A True Star
International Feel;Todd Rundgren;A Wizard / A True Star
You Don't Have to Camp Around;Todd Rundgren;A Wizard / A True Star
Medley: I'm so Proud / Ooh Baby Baby / La La Means I Love You / Cool Jerk;Todd Rundgren;A Wizard / A True Star
Just One Victory;Todd Rundgren;A Wizard / A True Star
You Need Your Head;Todd Rundgren;A Wizard / A True Star
Is It My Name?;Todd Rundgren;A Wizard / A True Star
When the Shit Hits the Fan / Sunset Blvd.;Todd Rundgren;A Wizard / A True Star
Tic Tic Tic, It Wears Off;Todd Rundgren;A Wizard / A True Star
Sometimes I Don't Know What to Feel;Todd Rundgren;A Wizard / A True Star
Hungry for Love;Todd Rundgren;A Wizard / A True Star
Rock & Roll Pussy;Todd Rundgren;A Wizard / A True Star
Never Never Land;Todd Rundgren;A Wizard / A True Star
Flamingo;Todd Rundgren;A Wizard / A True Star
Does Anybody Love You?;Todd Rundgren;A Wizard / A True Star
Dogfight Giggle;Todd Rundgren;A Wizard / A True Star
Buffalo Grass;Todd Rundgren;One Long Year
The Surf Talks;Todd Rundgren;One Long Year
Where Does the Time Go;Todd Rundgren;One Long Year
Mary and the Holy Ghost;Todd Rundgren;One Long Year
Hit Me Like a Train;Todd Rundgren;One Long Year
Love of the Common Man;Todd Rundgren;One Long Year
Bang on the Ukulele Daily;Todd Rundgren;One Long Year
I Hate My Frickin I.S.P.;Todd Rundgren;One Long Year
Yer Fast;Todd Rundgren;One Long Year
Jerk;Todd Rundgren;One Long Year
Once Burned;Todd Rundgren;Runt
I'm in the Clique;Todd Rundgren;Runt
Believe in Me;Todd Rundgren;Runt
Who's That Man?;Todd Rundgren;Runt
Broke Down and Busted;Todd Rundgren;Runt
We Gotta Get You a Woman;Todd Rundgren;Runt
Birthday Carol;Todd Rundgren;Runt
Baby Let's Swing / The Last Thing You Said / Don't Tie My Hands;Todd Rundgren;Runt
There Are No Words;Todd Rundgren;Runt
Devil's Bite;Todd Rundgren;Runt
Time Stood Still 1.2;Todd Rundgren;No World Order 
World Epiphany 1.2;Todd Rundgren;No World Order 
Time Stood Still 1.0;Todd Rundgren;No World Order 
No World Order 1.1;Todd Rundgren;No World Order 
Proactivity 1.0;Todd Rundgren;No World Order 
Day Job  (U.S Radio Version);Todd Rundgren;No World Order 
Day Job 1.0;Todd Rundgren;No World Order 
Love Thing 1.1;Todd Rundgren;No World Order 
Time Stood Still 1.1;Todd Rundgren;No World Order 
Property 1.0;Todd Rundgren;No World Order 
Fever Broke 1.0;Todd Rundgren;No World Order 
Day Job  (U.S Club Version);Todd Rundgren;No World Order 
No World Order 1.0;Todd Rundgren;No World Order 
Word Made Flesh 1.0;Todd Rundgren;No World Order 
No World Order  (Yokohama Morning Version);Todd Rundgren;No World Order 
Love Thing 1.0;Todd Rundgren;No World Order 
Fascist Christ 1.0;Todd Rundgren;No World Order 
World Epiphany 1.1;Todd Rundgren;No World Order 
World Epiphany 1.0;Todd Rundgren;No World Order 
Proactivity;Todd Rundgren;No World Order 
Property  (Video Version);Todd Rundgren;No World Order 
Fever Broke;Todd Rundgren;No World Order 
Day Job  (Club Version);Todd Rundgren;No World Order 
Worldwide Epiphany;Todd Rundgren;No World Order 
Fascist Christ  (Radio Version);Todd Rundgren;No World Order 
Property  (Lost Version);Todd Rundgren;No World Order 
No World Order;Todd Rundgren;No World Order 
Fascist Christ;Todd Rundgren;No World Order 
Love Thing;Todd Rundgren;No World Order 
Day Job  (Radio Version);Todd Rundgren;No World Order 
Fever Broke  (Xaos Version);Todd Rundgren;No World Order 
Fascist Christ  (Broken Version);Todd Rundgren;No World Order 
No World Order  (Yokohama Night Version);Todd Rundgren;No World Order 
Fascist Christ  (Fax Version);Todd Rundgren;No World Order 
Day Job;Todd Rundgren;No World Order 
Word Made Flesh;Todd Rundgren;No World Order 
Property;Todd Rundgren;No World Order 
Temporary Sanity;Todd Rundgren;The Individualist
Woman's World;Todd Rundgren;The Individualist
Espresso (All Jacked Up);Todd Rundgren;The Individualist
Beloved Infidel;Todd Rundgren;The Individualist
Family Values;Todd Rundgren;The Individualist
The Individualist;Todd Rundgren;The Individualist
Tables Will Turn;Todd Rundgren;The Individualist
If Not Now, When;Todd Rundgren;The Individualist
Cast The First Stone;Todd Rundgren;The Individualist
The Ultimate Crime;Todd Rundgren;The Individualist
Influenza;Todd Rundgren;The Ever Popular Tortured Artist Effect
Don't Hurt Yourself;Todd Rundgren;The Ever Popular Tortured Artist Effect
Hideaway;Todd Rundgren;The Ever Popular Tortured Artist Effect
There Goes Your Baybay;Todd Rundgren;The Ever Popular Tortured Artist Effect
Emperor of the Highway;Todd Rundgren;The Ever Popular Tortured Artist Effect
Bang the Drum All Day;Todd Rundgren;The Ever Popular Tortured Artist Effect
Drive;Todd Rundgren;The Ever Popular Tortured Artist Effect
Chant;Todd Rundgren;The Ever Popular Tortured Artist Effect
Tin Soldier;Todd Rundgren;The Ever Popular Tortured Artist Effect
The Smell of Money  (Live at the Palace of Fine Arts Theatre, San Francisco, CA, July 1990);Todd Rundgren;Second Wind
Change Myself  (Live at the Palace of Fine Arts Theatre, San Francisco, CA, July 1990);Todd Rundgren;Second Wind
If I Have to Be Alone  (Live at the Palace of Fine Arts Theatre, San Francisco, CA, July 1990);Todd Rundgren;Second Wind
Who's Sorry Now  (Live at the Palace of Fine Arts Theatre, San Francisco, CA, July 1990);Todd Rundgren;Second Wind
Gaya's Eyes  (Live at the Palace of Fine Arts Theatre, San Francisco, CA, July 1990);Todd Rundgren;Second Wind
Public Servant  (Live at the Palace of Fine Arts Theatre, San Francisco, CA, July 1990);Todd Rundgren;Second Wind
Love Science  (Live at the Palace of Fine Arts Theatre, San Francisco, CA, July 1990);Todd Rundgren;Second Wind
Kindness  (Live at the Palace of Fine Arts Theatre, San Francisco, CA, July 1990);Todd Rundgren;Second Wind
Second Wind  (Live at the Palace of Fine Arts Theatre, San Francisco, CA, July 1990);Todd Rundgren;Second Wind
Love in Disguise  (Live at the Palace of Fine Arts Theatre, San Francisco, CA, July 1990);Todd Rundgren;Second Wind
A Treatise on Cosmic Fire (III. The Fire of Spirit - or Electric Fire);Todd Rundgren;Initiation
A Treatise on Cosmic Fire (II. The Fire of Mind - or Solar Fire);Todd Rundgren;Initiation
Fair Warning;Todd Rundgren;Initiation
A Treatise on Cosmic Fire (Intro-Prana);Todd Rundgren;Initiation
Eastern Intrigue;Todd Rundgren;Initiation
A Treatise on Cosmic Fire (I. The Eternal Fire - or Fire by Friction) [Outro-Prana];Todd Rundgren;Initiation
Initiation;Todd Rundgren;Initiation
The Death of Rock 'N' Roll;Todd Rundgren;Initiation
Real Man;Todd Rundgren;Initiation
Born to Synthesize;Todd Rundgren;Initiation
Miracle in the Bazaar;Todd Rundgren;A Cappella
Lost Horizon;Todd Rundgren;A Cappella
Lockjaw;Todd Rundgren;A Cappella
Mighty Love;Todd Rundgren;A Cappella
Pretending to Care;Todd Rundgren;A Cappella
Blue Orpheus;Todd Rundgren;A Cappella
Hodja;Todd Rundgren;A Cappella
Something to Fall Back On;Todd Rundgren;A Cappella
Honest Work;Todd Rundgren;A Cappella
Johnee Jingo;Todd Rundgren;A Cappella
When I Pray;Todd Rundgren;Faithful
Rain;Todd Rundgren;Faithful
Cliché;Todd Rundgren;Faithful
Love of the Common Man;Todd Rundgren;Faithful
Happenings Ten Years Time Ago;Todd Rundgren;Faithful
Black and White;Todd Rundgren;Faithful
Boogies (Hamburger Hell);Todd Rundgren;Faithful
Most Likely You Go Your Way (And I'll Go Mine);Todd Rundgren;Faithful
If 6 Was 9;Todd Rundgren;Faithful
Good Vibrations;Todd Rundgren;Faithful
"The Verb ""To Love""";Todd Rundgren;Faithful
Strawberry Fields Forever;Todd Rundgren;Faithful
Eco Warrior Goddess;Todd Rundgren;Space Force
I'm Leaving;Todd Rundgren;Space Force
Puzzle;Todd Rundgren;Space Force
Down with the Ship;Todd Rundgren;Space Force
Someday;Todd Rundgren;Space Force
I'm Not Your Dog;Todd Rundgren;Space Force
Espionage;Todd Rundgren;Space Force
Godiva Girl;Todd Rundgren;Space Force
Artist in Residence;Todd Rundgren;Space Force
Head in the Ocean;Todd Rundgren;Space Force
Stfu;Todd Rundgren;Space Force
Your Fandango;Todd Rundgren;Space Force
Beginning (Of the End);Todd Rundgren;White Knight
Tin Foil Hat;Todd Rundgren;White Knight
Buy My T;Todd Rundgren;White Knight
Deaf Ears;Todd Rundgren;White Knight
Naked & Afraid;Todd Rundgren;White Knight
Chance for Us;Todd Rundgren;White Knight
Come;Todd Rundgren;White Knight
Look at Me;Todd Rundgren;White Knight
Wouldn't You Like to Know;Todd Rundgren;White Knight
Let's Do This;Todd Rundgren;White Knight
Fiction;Todd Rundgren;White Knight
I Got Your Back;Todd Rundgren;White Knight
That Could Have Been Me;Todd Rundgren;White Knight
Sleep;Todd Rundgren;White Knight
This Is Not a Drill;Todd Rundgren;White Knight
Flesh;Todd Rundgren;Healing
Healing, Pt. 3;Todd Rundgren;Healing
Tiny Demons;Todd Rundgren;Healing
Compassion;Todd Rundgren;Healing
Healing, Pt. 2;Todd Rundgren;Healing
Golden Goose;Todd Rundgren;Healing
Pulse;Todd Rundgren;Healing
Healing, Pt.1;Todd Rundgren;Healing
Shine;Todd Rundgren;Healing
Healer;Todd Rundgren;Healing
Time Heals;Todd Rundgren;Healing
Boat on the Charles;Todd Rundgren;Runt: The Ballad of Todd Rundgren
Be Nice to Me;Todd Rundgren;Runt: The Ballad of Todd Rundgren
Parole;Todd Rundgren;Runt: The Ballad of Todd Rundgren
A Long Time, a Long Way to Go;Todd Rundgren;Runt: The Ballad of Todd Rundgren
Long Flowing Robe;Todd Rundgren;Runt: The Ballad of Todd Rundgren
Chain Letter;Todd Rundgren;Runt: The Ballad of Todd Rundgren
Bleeding;Todd Rundgren;Runt: The Ballad of Todd Rundgren
Hope I'm Around;Todd Rundgren;Runt: The Ballad of Todd Rundgren
Remember Me;Todd Rundgren;Runt: The Ballad of Todd Rundgren
The Range War;Todd Rundgren;Runt: The Ballad of Todd Rundgren
The Ballad (Denny & Jean);Todd Rundgren;Runt: The Ballad of Todd Rundgren
Wailing Wall;Todd Rundgren;Runt: The Ballad of Todd Rundgren
Determination;Todd Rundgren;Hermit of Mink Hollow
Onomatopoeia;Todd Rundgren;Hermit of Mink Hollow
Bag Lady;Todd Rundgren;Hermit of Mink Hollow
Fade Away;Todd Rundgren;Hermit of Mink Hollow
You Cried Wolf;Todd Rundgren;Hermit of Mink Hollow
All the Children Sing;Todd Rundgren;Hermit of Mink Hollow
Can We Still Be Friends?;Todd Rundgren;Hermit of Mink Hollow
Bread;Todd Rundgren;Hermit of Mink Hollow
Too Far Gone;Todd Rundgren;Hermit of Mink Hollow
Out of Control;Todd Rundgren;Hermit of Mink Hollow
Hurting for You;Todd Rundgren;Hermit of Mink Hollow
Lucky Guy;Todd Rundgren;Hermit of Mink Hollow
Autumn Boy;Working Week;Working Nights (Reissue Disc 1)
Venceremos;Working Week;Working Nights (Reissue Disc 1)
Who's Fooling Who;Working Week;Working Nights (Reissue Disc 1)
Bottom End;Working Week;Working Nights (Reissue Disc 1)
Storm of Light;Working Week;Working Nights (Reissue Disc 1)
Sweet Nothing;Working Week;Working Nights (Reissue Disc 1)
Solo;Working Week;Working Nights (Reissue Disc 1)
Inner City Blues;Working Week;Working Nights (Reissue Disc 1)
No Cure No Pay;Working Week;Working Nights (Reissue Disc 1)
"Venceremos (We Will Win) (Jazz Dance Special 12"" Edit)";Working Week;Working Nights (Reissue Disc 1)
Stella Marina;Working Week;Working Nights (Reissue Disc 1)
Thought I'd Never See You Again;Working Week;Working Nights (Reissue Disc 1)
Sweet Nothing (Instrumental);Working Week;Working Nights (Reissue Disc 2)
Storm of Light (Instrumental Version);Working Week;Working Nights (Reissue Disc 2)
"Venceremos (We Will Win) (7"" Bossa Version)";Working Week;Working Nights (Reissue Disc 2)
Where's the Bridge (Longer Mix);Working Week;Working Nights (Reissue Disc 2)
Murphy's Law (live - previously unissued);Working Week;Working Nights (Reissue Disc 2)
Inner City Blues (Urban Guerrilla Mix);Working Week;Working Nights (Reissue Disc 2)
Who's Fooling Who (Dance Version);Working Week;Working Nights (Reissue Disc 2)
Afochê;Working Week;Working Nights (Reissue Disc 2)
"Venceremos (We Will Win) (Jazz Dance Special 12"" Version)";Working Week;Working Nights (Reissue Disc 2)
Stella Marina (Full Rap);Working Week;Working Nights (Reissue Disc 2)
Pepe's Samba (live - previously unissued);Working Week;Working Nights (Reissue Disc 2)
Why Me;Working Week;Companeros CD1
South Africa;Working Week;Companeros CD1
Too Much Time;Working Week;Companeros CD1
Walking The Tightrope;Working Week;Companeros CD1
King Of The Night;Working Week;Companeros CD1
Friend (Touche Pas à Mon Pote);Working Week;Companeros CD1
Rodrigo Bay (7'' Version);Working Week;Companeros CD1
Dancing In Motion;Working Week;Companeros CD1
Shot In The Dark;Working Week;Companeros CD1
Southern Cross;Working Week;Companeros CD1
Soul Train;Working Week;Companeros CD1
Touching Heaven;Working Week;Companeros CD1
"Rodrigo Bay Boogaloo (Dub Mix 12"" Version)";Working Week;Companeros CD2
Inner City Blues (Live At Montreux Jazz Festival '85);Working Week;Companeros CD2
"Soul Train (7"" Version)";Working Week;Companeros CD2
Too Much Time (Sax Mix);Working Week;Companeros CD2
"Rodrigo Bay (12"" Dance Mix)";Working Week;Companeros CD2
Too Much Time (Sax Mix);Working Week;Companeros CD2
Soul Train (Extended Version);Working Week;Companeros CD2
No Cure, No Pay (Live At Montreux Jazz Festival '85);Working Week;Companeros CD2
"Rodrigo Bay Boogaloo (Dub Mix 7"" Version)";Working Week;Companeros CD2
Don't Touch My Friend (Extended Version);Working Week;Companeros CD2
"Too Much Time (7"" Version)";Working Week;Companeros CD2
Negative Girl;Steely Dan;Two Against Nature (Edition Studio Masters)
Jack of Speed;Steely Dan;Two Against Nature (Edition Studio Masters)
Two Against Nature;Steely Dan;Two Against Nature (Edition Studio Masters)
Janie Runaway;Steely Dan;Two Against Nature (Edition Studio Masters)
West of Hollywood;Steely Dan;Two Against Nature (Edition Studio Masters)
Gaslighting Abbie;Steely Dan;Two Against Nature (Edition Studio Masters)
What a Shame About Me;Steely Dan;Two Against Nature (Edition Studio Masters)
Cousin Dupree;Steely Dan;Two Against Nature (Edition Studio Masters)
Almost Gothic;Steely Dan;Two Against Nature (Edition Studio Masters)
Doctor Wu;Steely Dan;Katy Lied
Bad Sneakers;Steely Dan;Katy Lied
Any World (That I'm Welcome To);Steely Dan;Katy Lied
Throw Back The Little Ones;Steely Dan;Katy Lied
Your Gold Teeth II;Steely Dan;Katy Lied
Chain Lightning;Steely Dan;Katy Lied
Everyone's Gone To The Movies;Steely Dan;Katy Lied
Daddy Don't Live In That New York City No More;Steely Dan;Katy Lied
Rose Darling;Steely Dan;Katy Lied
Black Friday;Steely Dan;Katy Lied
Were You Blind That Day;Steely Dan;The Lost Gaucho
Babylon Sisters;Steely Dan;The Lost Gaucho
My Rival;Steely Dan;The Lost Gaucho
Talkin' About My Home;Steely Dan;The Lost Gaucho
Gaucho;Steely Dan;The Lost Gaucho
The Bear;Steely Dan;The Lost Gaucho
The Second Arrangement (Version 2);Steely Dan;The Lost Gaucho
Glamour Profession;Steely Dan;The Lost Gaucho
Gaucho (Version 2);Steely Dan;The Lost Gaucho
The Second Arrangement;Steely Dan;The Lost Gaucho
I Can't Write Home About You;Steely Dan;The Lost Gaucho
Klee Baba;Steely Dan;The Lost Gaucho
Kind Spirit;Steely Dan;The Lost Gaucho
Time Out of Mind;Steely Dan;The Lost Gaucho
Deacon Blues;Steely Dan;Aja
Peg;Steely Dan;Aja
I Got The News;Steely Dan;Aja
Aja;Steely Dan;Aja
Josie;Steely Dan;Aja
Home At Last;Steely Dan;Aja
Black Cow;Steely Dan;Aja
Conversation (Part 6);Marian McPartland;Marian McPartland's Piano Jazz Radio Broadcast With Steely Dan
Conversation (Part 3);Marian McPartland;Marian McPartland's Piano Jazz Radio Broadcast With Steely Dan
Conversation (Part 2);Marian McPartland;Marian McPartland's Piano Jazz Radio Broadcast With Steely Dan
Things Ain't What They Used To Be;Marian McPartland;Marian McPartland's Piano Jazz Radio Broadcast With Steely Dan
Conversation (Part 8);Marian McPartland;Marian McPartland's Piano Jazz Radio Broadcast With Steely Dan
Hesitation Blues;Marian McPartland;Marian McPartland's Piano Jazz Radio Broadcast With Steely Dan
Mood Indigo;Marian McPartland;Marian McPartland's Piano Jazz Radio Broadcast With Steely Dan
Limbo Jazz;Marian McPartland;Marian McPartland's Piano Jazz Radio Broadcast With Steely Dan
Conversation (Part 7);Marian McPartland;Marian McPartland's Piano Jazz Radio Broadcast With Steely Dan
Chain Lightning;Marian McPartland;Marian McPartland's Piano Jazz Radio Broadcast With Steely Dan
Conversation (Part 4);Marian McPartland;Marian McPartland's Piano Jazz Radio Broadcast With Steely Dan
Josie;Marian McPartland;Marian McPartland's Piano Jazz Radio Broadcast With Steely Dan
Conversation (Part 5);Marian McPartland;Marian McPartland's Piano Jazz Radio Broadcast With Steely Dan
Star Eyes;Marian McPartland;Marian McPartland's Piano Jazz Radio Broadcast With Steely Dan
Black Friday;Marian McPartland;Marian McPartland's Piano Jazz Radio Broadcast With Steely Dan
Conversation (Part 1);Marian McPartland;Marian McPartland's Piano Jazz Radio Broadcast With Steely Dan
Charlie Freak;Steely Dan;Pretzel Logic
East St. Louis Toodle-Oo;Steely Dan;Pretzel Logic
Rikki Don't Lose That Number;Steely Dan;Pretzel Logic
Pretzel Logic;Steely Dan;Pretzel Logic
Any Major Dude Will Tell You;Steely Dan;Pretzel Logic
Through With Buzz;Steely Dan;Pretzel Logic
Night By Night;Steely Dan;Pretzel Logic
With A Gun;Steely Dan;Pretzel Logic
Monkey In Your Soul;Steely Dan;Pretzel Logic
Barrytown;Steely Dan;Pretzel Logic
Parker's Band;Steely Dan;Pretzel Logic
Your Gold Teeth;Steely Dan;Countdown To Ecstasy
Pearl Of The Quarter;Steely Dan;Countdown To Ecstasy
Bodhisattva;Steely Dan;Countdown To Ecstasy
Show Biz Kids;Steely Dan;Countdown To Ecstasy
King Of The World;Steely Dan;Countdown To Ecstasy
Razor Boy;Steely Dan;Countdown To Ecstasy
The Boston Rag;Steely Dan;Countdown To Ecstasy
My Old School;Steely Dan;Countdown To Ecstasy
Turn That Heartbeat Over Again;Steely Dan;Can't Buy A Thrill
Kings;Steely Dan;Can't Buy A Thrill
Dirty Work;Steely Dan;Can't Buy A Thrill
Midnite Cruiser;Steely Dan;Can't Buy A Thrill
Reelin' In The Years;Steely Dan;Can't Buy A Thrill
Brooklyn (Owes The Charmer Under Me);Steely Dan;Can't Buy A Thrill
Do It Again;Steely Dan;Can't Buy A Thrill
Change Of The Guard;Steely Dan;Can't Buy A Thrill
Fire In The Hole;Steely Dan;Can't Buy A Thrill
Only A Fool Would Say That;Steely Dan;Can't Buy A Thrill
Book of Liars  (Live   Album Version);Steely Dan;Alive In America
Josie  (Live   Album Version);Steely Dan;Alive In America
Kid Charlemagne  (Live   Album Version);Steely Dan;Alive In America
Sign in Stranger  (Live   Album Version);Steely Dan;Alive In America
Reelin' in the Years  (Live);Steely Dan;Alive In America
Third World Man  (Live   Album Version);Steely Dan;Alive In America
Aja  (Live   Album Version);Steely Dan;Alive In America
Babylon Sisters  (Live   Album Version);Steely Dan;Alive In America
Peg  (Live   Album Version);Steely Dan;Alive In America
Bodhisattva  (Live   Album Version);Steely Dan;Alive In America
Green Earrings  (Live   Album Version);Steely Dan;Alive In America
Time Out Of Mind;Steely Dan;Gaucho
Glamour Profession;Steely Dan;Gaucho
Babylon Sisters;Steely Dan;Gaucho
Hey Nineteen;Steely Dan;Gaucho
My Rival;Steely Dan;Gaucho
Gaucho;Steely Dan;Gaucho
Third World Man;Steely Dan;Gaucho
Deacon Blues;Steely Dan;Gold
Babylon Sisters;Steely Dan;Gold
Chain Lightning;Steely Dan;Gold
King Of The World;Steely Dan;Gold
Hey Nineteen;Steely Dan;Gold
Black Cow;Steely Dan;Gold
Bodhisattva (Live At The Santa Monica Civic Auditorium, CA / 1980);Steely Dan;Gold
FM;Steely Dan;Gold
Here At The Western World;Steely Dan;Gold
Green Earrings;Steely Dan;Gold
Slang of Ages (Album Version);Steely Dan;Everything Must Go
Pixeleen (Album Version);Steely Dan;Everything Must Go
Things I Miss the Most (Album Version);Steely Dan;Everything Must Go
The Last Mall (Album Version);Steely Dan;Everything Must Go
Green Book (Album Version);Steely Dan;Everything Must Go
Godwhacker (Album Version);Steely Dan;Everything Must Go
Everything Must Go (Album Version);Steely Dan;Everything Must Go
Lunch with Gina (Album Version);Steely Dan;Everything Must Go
Blues Beach (Album Version);Steely Dan;Everything Must Go
The Royal Scam;Steely Dan;Royal Scam
Green Earrings;Steely Dan;Royal Scam
The Caves Of Altamira;Steely Dan;Royal Scam
The Fez;Steely Dan;Royal Scam
Kid Charlemagne;Steely Dan;Royal Scam
Everything You Did;Steely Dan;Royal Scam
Sign In Stranger;Steely Dan;Royal Scam
Haitian Divorce;Steely Dan;Royal Scam
Don't Take Me Alive;Steely Dan;Royal Scam
Things I Miss The Most (Live From The Beacon Theatre);Steely Dan;NORTHEAST CORRIDOR: STEELY DAN LIVE
A Man Ain’t Supposed To Cry (Live From The Orpheum Theatre);Steely Dan;NORTHEAST CORRIDOR: STEELY DAN LIVE
Kid Charlemagne (Live From The Orpheum Theatre);Steely Dan;NORTHEAST CORRIDOR: STEELY DAN LIVE
Aja (Live From The Orpheum Theatre);Steely Dan;NORTHEAST CORRIDOR: STEELY DAN LIVE
Hey Nineteen (Live From The Met Philadelphia);Steely Dan;NORTHEAST CORRIDOR: STEELY DAN LIVE
Any Major Dude Will Tell You (Live From Mohegan Sun Arena);Steely Dan;NORTHEAST CORRIDOR: STEELY DAN LIVE
Rikki Don’t Lose That Number (Live From Mohegan Sun Arena);Steely Dan;NORTHEAST CORRIDOR: STEELY DAN LIVE
Peg (Live From The Orpheum Theatre);Steely Dan;NORTHEAST CORRIDOR: STEELY DAN LIVE
Black Cow (Live From Mohegan Sun Arena);Steely Dan;NORTHEAST CORRIDOR: STEELY DAN LIVE
Glamour Profession (Live From The Met Philadelphia);Steely Dan;NORTHEAST CORRIDOR: STEELY DAN LIVE
Reelin’ In The Years (Live From Mohegan Sun Arena);Steely Dan;NORTHEAST CORRIDOR: STEELY DAN LIVE
Bodhisattva (Live From The Beacon Theatre);Steely Dan;NORTHEAST CORRIDOR: STEELY DAN LIVE
Wave;David Sylvian;Damage
Every Color You Are;David Sylvian;Damage
Firepower;David Sylvian;Damage
Gone To Earth;David Sylvian;Damage
20th Century Dreaming (A Shaman's Song);David Sylvian;Damage
Jean The Birdman;David Sylvian;Damage
God's Monkey;David Sylvian;Damage
Damage;David Sylvian;Damage
Riverman;David Sylvian;Damage
Blinding Light of Heaven;David Sylvian;Damage
The First Day;David Sylvian;Damage
Brightness Falls;David Sylvian;Damage
Bringing Down The Light;David Sylvian;The First Day
Jean The Birdman;David Sylvian;The First Day
Brightness Falls;David Sylvian;The First Day
Darshan (The Road To Graceland);David Sylvian;The First Day
20th Century Dreaming (A Shaman's Song);David Sylvian;The First Day
God's Monkey;David Sylvian;The First Day
Firepower;David Sylvian;The First Day
Not Dark Yet (Album Version);Bob Dylan;Time Out Of Mind
'Til I Fell in Love with You (Album Version);Bob Dylan;Time Out Of Mind
Make You Feel My Love (Album Version);Bob Dylan;Time Out Of Mind
Dirt Road Blues (Album Version);Bob Dylan;Time Out Of Mind
Million Miles (Album Version);Bob Dylan;Time Out Of Mind
Highlands (Album Version);Bob Dylan;Time Out Of Mind
Tryin' to Get to Heaven (Album Version);Bob Dylan;Time Out Of Mind
Standing in the Doorway (Album Version);Bob Dylan;Time Out Of Mind
Cold Irons Bound (Album Version);Bob Dylan;Time Out Of Mind
Love Sick (Album Version);Bob Dylan;Time Out Of Mind
Can't Wait (Album Version);Bob Dylan;Time Out Of Mind
Desolation Row (Album Version);Bob Dylan;Highway 61 Revisited
Like a Rolling Stone (Album Version);Bob Dylan;Highway 61 Revisited
Highway 61 Revisited (Album Version);Bob Dylan;Highway 61 Revisited
Tombstone Blues (Album Version);Bob Dylan;Highway 61 Revisited
From a Buick 6 (Album Version);Bob Dylan;Highway 61 Revisited
Just Like Tom Thumb's Blues (Album Version);Bob Dylan;Highway 61 Revisited
It Takes a Lot to Laugh, It Takes a Train to Cry (Album Version);Bob Dylan;Highway 61 Revisited
Ballad of a Thin Man (Album Version);Bob Dylan;Highway 61 Revisited
Queen Jane Approximately (Album Version);Bob Dylan;Highway 61 Revisited
Just Like a Woman (Album Version);Bob Dylan;Blonde On Blonde
Temporary Like Achilles (Album Version);Bob Dylan;Blonde On Blonde
Stuck Inside of Mobile with the Memphis Blues Again (Album Version);Bob Dylan;Blonde On Blonde
Leopard-Skin Pill-Box Hat (Album Version);Bob Dylan;Blonde On Blonde
Obviously Five Believers (Album Version);Bob Dylan;Blonde On Blonde
Sad-Eyed Lady of the Lowlands (Album Version);Bob Dylan;Blonde On Blonde
Absolutely Sweet Marie (Album Version);Bob Dylan;Blonde On Blonde
Pledging My Time (Album Version);Bob Dylan;Blonde On Blonde
I Want You (Album Version);Bob Dylan;Blonde On Blonde
Rainy Day Women #12 & 35 (Album Version);Bob Dylan;Blonde On Blonde
Fourth Time Around (Album Version);Bob Dylan;Blonde On Blonde
Visions of Johanna (Album Version);Bob Dylan;Blonde On Blonde
One of Us Must Know (Sooner or Later) (Album Version);Bob Dylan;Blonde On Blonde
Most Likely You Go Your Way (And I'll Go Mine) (Album Version);Bob Dylan;Blonde On Blonde
Buckets of Rain (Album Version);Bob Dylan;Blood On The Tracks
Simple Twist of Fate (Album Version);Bob Dylan;Blood On The Tracks
If You See Her, Say Hello (Album Version);Bob Dylan;Blood On The Tracks
Lily, Rosemary and the Jack of Hearts (Album Version);Bob Dylan;Blood On The Tracks
You're Gonna Make Me Lonesome When You Go (Album Version);Bob Dylan;Blood On The Tracks
Tangled up in Blue (Album Version);Bob Dylan;Blood On The Tracks
Meet Me in the Morning (Album Version);Bob Dylan;Blood On The Tracks
Idiot Wind (Album Version);Bob Dylan;Blood On The Tracks
You're a Big Girl Now (Album Version);Bob Dylan;Blood On The Tracks
Shelter from the Storm (Album Version);Bob Dylan;Blood On The Tracks
What Good Am I? (Album Version);Bob Dylan;Oh Mercy
Ring Them Bells (Album Version);Bob Dylan;Oh Mercy
Man in the Long Black Coat (Album Version);Bob Dylan;Oh Mercy
What Was It You Wanted;Bob Dylan;Oh Mercy
Political World (Album Version);Bob Dylan;Oh Mercy
Where Teardrops Fall (Album Version);Bob Dylan;Oh Mercy
Everything Is Broken (Album Version);Bob Dylan;Oh Mercy
Shooting Star (Album Version);Bob Dylan;Oh Mercy
Most of the Time (Album Version);Bob Dylan;Oh Mercy
Disease of Conceit (Album Version);Bob Dylan;Oh Mercy
Song Of Sand;Suzanne Vega;99.9 F
Bad Wisdom;Suzanne Vega;99.9 F
Blood Sings;Suzanne Vega;99.9 F
Rock In This Pocket (Song Of David);Suzanne Vega;99.9 F
As Girls Go;Suzanne Vega;99.9 F
Fat Man And Dancing Girl;Suzanne Vega;99.9 F
When Heroes Go Down;Suzanne Vega;99.9 F
As A Child;Suzanne Vega;99.9 F
Blood Makes Noise (Album Version);Suzanne Vega;99.9 F
(If You Were) In My Movie;Suzanne Vega;99.9 F
99.9 F (Album Version);Suzanne Vega;99.9 F
In Liverpool (Album Version);Suzanne Vega;99.9 F
Laying on of Hands / Stoic 2;Suzanne Vega;Tales From The Realm Of The Queen Of Pentacles
I Never Wear White;Suzanne Vega;Tales From The Realm Of The Queen Of Pentacles
Horizon (There Is a Road);Suzanne Vega;Tales From The Realm Of The Queen Of Pentacles
Song of the Stoic;Suzanne Vega;Tales From The Realm Of The Queen Of Pentacles
Don't Uncork What You Can't Contain;Suzanne Vega;Tales From The Realm Of The Queen Of Pentacles
Jacob and the Angel;Suzanne Vega;Tales From The Realm Of The Queen Of Pentacles
Silver Bridge;Suzanne Vega;Tales From The Realm Of The Queen Of Pentacles
Crack in the Wall;Suzanne Vega;Tales From The Realm Of The Queen Of Pentacles
Fool's Complaint;Suzanne Vega;Tales From The Realm Of The Queen Of Pentacles
Portrait of the Knight of Wands;Suzanne Vega;Tales From The Realm Of The Queen Of Pentacles
Widow's Walk;Suzanne Vega;Songs In Red And Gray
Penitent (Album Version);Suzanne Vega;Songs In Red And Gray
Solitaire;Suzanne Vega;Songs In Red And Gray
Harbor Song;Suzanne Vega;Songs In Red And Gray
It Makes Me Wonder;Suzanne Vega;Songs In Red And Gray
Songs In Red and Gray;Suzanne Vega;Songs In Red And Gray
Priscilla;Suzanne Vega;Songs In Red And Gray
Last Years Troubles;Suzanne Vega;Songs In Red And Gray
If I Were A Weapon;Suzanne Vega;Songs In Red And Gray
Machine Ballerina;Suzanne Vega;Songs In Red And Gray
St. Clare;Suzanne Vega;Songs In Red And Gray
Soap And Water;Suzanne Vega;Songs In Red And Gray
(I'll Never Be) Your Maggie May (Album Version);Suzanne Vega;Songs In Red And Gray
Bound;Suzanne Vega;Beauty & Crime
Zephyr & I;Suzanne Vega;Beauty & Crime
Anniversary;Suzanne Vega;Beauty & Crime
New York Is A Woman;Suzanne Vega;Beauty & Crime
Angel's Doorway;Suzanne Vega;Beauty & Crime
Unbound;Suzanne Vega;Beauty & Crime
Edith Wharton's Figurines;Suzanne Vega;Beauty & Crime
Pornographer's Dream;Suzanne Vega;Beauty & Crime
Frank & Ava;Suzanne Vega;Beauty & Crime
Ludlow Street;Suzanne Vega;Beauty & Crime
As You Are Now;Suzanne Vega;Beauty & Crime
12 Mortal Men;Suzanne Vega;Lover, Beloved: Songs From An Evening With Carson McCullers
Carson's Last Supper;Suzanne Vega;Lover, Beloved: Songs From An Evening With Carson McCullers
Instant of the Hour After;Suzanne Vega;Lover, Beloved: Songs From An Evening With Carson McCullers
We of Me;Suzanne Vega;Lover, Beloved: Songs From An Evening With Carson McCullers
The Ballad of Miss Amelia;Suzanne Vega;Lover, Beloved: Songs From An Evening With Carson McCullers
Harper Lee;Suzanne Vega;Lover, Beloved: Songs From An Evening With Carson McCullers
Lover, Beloved;Suzanne Vega;Lover, Beloved: Songs From An Evening With Carson McCullers
New York Is My Destination;Suzanne Vega;Lover, Beloved: Songs From An Evening With Carson McCullers
Annemarie;Suzanne Vega;Lover, Beloved: Songs From An Evening With Carson McCullers
Carson's Blues;Suzanne Vega;Lover, Beloved: Songs From An Evening With Carson McCullers
Undertow (Album Version);Suzanne Vega;Suzanne Vega
Freeze Tag (Album Version);Suzanne Vega;Suzanne Vega
The Queen And The Soldier;Suzanne Vega;Suzanne Vega
Small Blue Thing;Suzanne Vega;Suzanne Vega
Straight Lines (Album Version);Suzanne Vega;Suzanne Vega
Neighborhood Girls (Album Version);Suzanne Vega;Suzanne Vega
Knight Moves (Album Version);Suzanne Vega;Suzanne Vega
Marlene On The Wall;Suzanne Vega;Suzanne Vega
Some Journey;Suzanne Vega;Suzanne Vega
Cracking;Suzanne Vega;Suzanne Vega
Lucinda;Suzanne Vega;Flying with Angels
Galway;Suzanne Vega;Flying with Angels
Last Train from Mariupol;Suzanne Vega;Flying with Angels
Love Thief;Suzanne Vega;Flying with Angels
Flying with Angels;Suzanne Vega;Flying with Angels
Witch;Suzanne Vega;Flying with Angels
Alley;Suzanne Vega;Flying with Angels
Rats;Suzanne Vega;Flying with Angels
Speakers' Corner;Suzanne Vega;Flying with Angels
Chambermaid;Suzanne Vega;Flying with Angels
In The Eye;Suzanne Vega;Solitude Standing
Tom's Diner (Reprise);Suzanne Vega;Solitude Standing
Calypso;Suzanne Vega;Solitude Standing
Night Vision;Suzanne Vega;Solitude Standing
Luka;Suzanne Vega;Solitude Standing
Solitude Standing;Suzanne Vega;Solitude Standing
Tom's Diner;Suzanne Vega;Solitude Standing
Ironbound / Fancy Poultry;Suzanne Vega;Solitude Standing
Wooden Horse (Casper Hauser's Song);Suzanne Vega;Solitude Standing
Gypsy;Suzanne Vega;Solitude Standing
Language;Suzanne Vega;Solitude Standing
Rusted Pipe;Suzanne Vega;Days Of Open Hand
Fifty-Fifty Chance (Fifty Fifty);Suzanne Vega;Days Of Open Hand
Big Space (Espacio Grande);Suzanne Vega;Days Of Open Hand
Predictions;Suzanne Vega;Days Of Open Hand
Institution Green;Suzanne Vega;Days Of Open Hand
Those Whole Girls (Run In Grace);Suzanne Vega;Days Of Open Hand
Tired Of Sleeping;Suzanne Vega;Days Of Open Hand
Book Of Dreams;Suzanne Vega;Days Of Open Hand
Pilgrimage;Suzanne Vega;Days Of Open Hand
Room Off The Street;Suzanne Vega;Days Of Open Hand
Men In A War;Suzanne Vega;Days Of Open Hand
Ludlow Street;Suzanne Vega;An Evening of New York Songs and Stories
New York Is My Destination;Suzanne Vega;An Evening of New York Songs and Stories
'This Next Song Is Called New York Is My Destination';Suzanne Vega;An Evening of New York Songs and Stories
'So How Many People Are Here from out of Town?';Suzanne Vega;An Evening of New York Songs and Stories
Tombstone;Suzanne Vega;An Evening of New York Songs and Stories
Marlene on the Wall;Suzanne Vega;An Evening of New York Songs and Stories
Luka;Suzanne Vega;An Evening of New York Songs and Stories
Cracking;Suzanne Vega;An Evening of New York Songs and Stories
Gypsy;Suzanne Vega;An Evening of New York Songs and Stories
Pornographer's Dream;Suzanne Vega;An Evening of New York Songs and Stories
Thin Man;Suzanne Vega;An Evening of New York Songs and Stories
'Would You Like Another One?';Suzanne Vega;An Evening of New York Songs and Stories
'This Next Song Takes Place on 59th Street...';Suzanne Vega;An Evening of New York Songs and Stories
Walk on the Wild Side;Suzanne Vega;An Evening of New York Songs and Stories
Anniversary;Suzanne Vega;An Evening of New York Songs and Stories
Frank and Eva;Suzanne Vega;An Evening of New York Songs and Stories
'I'm Gonna Close with This Song...';Suzanne Vega;An Evening of New York Songs and Stories
'So I Myself Came to New York City When I Was 2 ½ Years Old';Suzanne Vega;An Evening of New York Songs and Stories
'And Now We've Got a Song About Those Times...';Suzanne Vega;An Evening of New York Songs and Stories
Some Journey;Suzanne Vega;An Evening of New York Songs and Stories
Tom's Diner;Suzanne Vega;An Evening of New York Songs and Stories
New York Is a Woman;Suzanne Vega;An Evening of New York Songs and Stories
Freeze Tag;Suzanne Vega;An Evening of New York Songs and Stories
'The First Time I Saw Lou Reed...';Suzanne Vega;An Evening of New York Songs and Stories
Caramel (Album Version);Suzanne Vega;Nine Objects Of Desire
Honeymoon Suite;Suzanne Vega;Nine Objects Of Desire
World Before Columbus (Album Version);Suzanne Vega;Nine Objects Of Desire
Lolita;Suzanne Vega;Nine Objects Of Desire
Casual Match;Suzanne Vega;Nine Objects Of Desire
Birth-Day (Love Made Real);Suzanne Vega;Nine Objects Of Desire
Tombstone;Suzanne Vega;Nine Objects Of Desire
My Favorite Plum;Suzanne Vega;Nine Objects Of Desire
No Cheap Thrill (Album Version);Suzanne Vega;Nine Objects Of Desire
Thin Man;Suzanne Vega;Nine Objects Of Desire
Headshots;Suzanne Vega;Nine Objects Of Desire
Stockings;Suzanne Vega;Nine Objects Of Desire
Orchestra;Bryan Ferry;Loose Talk
Holiday;Bryan Ferry;Loose Talk
Stand Near Me;Bryan Ferry;Loose Talk
Loose Talk;Bryan Ferry;Loose Talk
Pictures On A Wall;Bryan Ferry;Loose Talk
White Noise;Bryan Ferry;Loose Talk
Landscape;Bryan Ferry;Loose Talk
Cowboy Hat;Bryan Ferry;Loose Talk
Florist;Bryan Ferry;Loose Talk
Big Things;Bryan Ferry;Loose Talk
Demolition;Bryan Ferry;Loose Talk
Sussudio  (2016 Remaster);Phil Collins;No Jacket Required 
Take Me Home  (2016 Remaster);Phil Collins;No Jacket Required 
Who Said I Would  (2016 Remaster);Phil Collins;No Jacket Required 
Long Long Way to Go  (2016 Remaster);Phil Collins;No Jacket Required 
Don't Lose My Number  (2016 Remaster);Phil Collins;No Jacket Required 
Doesn't Anybody Stay Together Anymore  (2016 Remaster);Phil Collins;No Jacket Required 
Only You Know and I Know  (2016 Remaster);Phil Collins;No Jacket Required 
Inside Out  (2016 Remaster);Phil Collins;No Jacket Required 
I Don't Wanna Know  (2016 Remaster);Phil Collins;No Jacket Required 
One More Night  (2016 Remaster);Phil Collins;No Jacket Required 
We Said Hello Goodbye  (2016 Remaster);Phil Collins;No Jacket Required 
A cumba;Fabrizio De Andrè;Anime Salve Legacy Edition
Khorakhané (a forza di essere vento);Fabrizio De Andrè;Anime Salve Legacy Edition
Smisurata preghiera;Fabrizio De Andrè;Anime Salve Legacy Edition
Disamistade;Fabrizio De Andrè;Anime Salve Legacy Edition
Dolcenera;Fabrizio De Andrè;Anime Salve Legacy Edition
Prinçesa;Fabrizio De Andrè;Anime Salve Legacy Edition
Ho visto Nina volare;Fabrizio De Andrè;Anime Salve Legacy Edition
Anime salve;Fabrizio De Andrè;Anime Salve Legacy Edition
Le acciughe fanno il pallone;Fabrizio De Andrè;Anime Salve Legacy Edition
A cumba  (live tour 'Anime Salve');Fabrizio De Andrè;Anime Salve Legacy Edition
Le acciughe fanno il pallone  (live tour 'Anime Salve');Fabrizio De Andrè;Anime Salve Legacy Edition
Disamistade  (live tour 'Anime Salve');Fabrizio De Andrè;Anime Salve Legacy Edition
Khorakhané (a forza di essere vento)  (live tour 'Anime Salve');Fabrizio De Andrè;Anime Salve Legacy Edition
Ho visto Nina volare  (live tour 'Anime Salve');Fabrizio De Andrè;Anime Salve Legacy Edition
"Presentazione ""Disamistade""     (live tour 'Anime Salve')";Fabrizio De Andrè;Anime Salve Legacy Edition
"Presentazione ""Dolcenera""  (live tour 'Anime Salve')";Fabrizio De Andrè;Anime Salve Legacy Edition
Smisurata preghiera  (live tour 'Anime Salve');Fabrizio De Andrè;Anime Salve Legacy Edition
Prinçesa  (live tour 'Anime Salve');Fabrizio De Andrè;Anime Salve Legacy Edition
"Presentazione ""Smisurata Preghiera""     (live tour 'Anime Salve')";Fabrizio De Andrè;Anime Salve Legacy Edition
Anime salve  (live tour 'Anime Salve');Fabrizio De Andrè;Anime Salve Legacy Edition
Dolcenera  (live tour 'Anime Salve');Fabrizio De Andrè;Anime Salve Legacy Edition
Le storie di ieri;Fabrizio De Andrè;Volume 8
Dolce luna;Fabrizio De Andrè;Volume 8
Canzone per l'estate;Fabrizio De Andrè;Volume 8
Amico fragile;Fabrizio De Andrè;Volume 8
La cattiva strada;Fabrizio De Andrè;Volume 8
Giugno '73;Fabrizio De Andrè;Volume 8
Oceano;Fabrizio De Andrè;Volume 8
Nancy;Fabrizio De Andrè;Volume 8
Sogno Numero Due;Fabrizio De Andrè;Storia Di Un Impiegato
La Bomba In Testa;Fabrizio De Andrè;Storia Di Un Impiegato
Verranno a chiederti del nostro amore;Fabrizio De Andrè;Storia Di Un Impiegato
Canzone Del Maggio (Liberamente Tratta Da Un Canto Del Maggio Francese 1968);Fabrizio De Andrè;Storia Di Un Impiegato
Nella Mia Ora Di Libertà;Fabrizio De Andrè;Storia Di Un Impiegato
Introduzione;Fabrizio De Andrè;Storia Di Un Impiegato
La Canzone Del Padre;Fabrizio De Andrè;Storia Di Un Impiegato
Il bombarolo;Fabrizio De Andrè;Storia Di Un Impiegato
Al Ballo Mascherato;Fabrizio De Andrè;Storia Di Un Impiegato
'A pittima  (New Mix 2014);Fabrizio De Andrè;Creuza de ma
Sidún  (New Mix 2014);Fabrizio De Andrè;Creuza de ma
Sinan capudan pascià  (Alternative Mix 2014);Fabrizio De Andrè;Creuza de ma
Da a me riva  (New Mix 2014);Fabrizio De Andrè;Creuza de ma
'Â duménega  (New Mix 2014);Fabrizio De Andrè;Creuza de ma
Crêuza de mä  (Alternative Mix 2014);Fabrizio De Andrè;Creuza de ma
'Â duménega  (Alternative Mix 2014);Fabrizio De Andrè;Creuza de ma
Jamin-a  (New Mix 2014);Fabrizio De Andrè;Creuza de ma
Sinan capudan pascià  (New Mix 2014);Fabrizio De Andrè;Creuza de ma
Crêuza de mä  (New Mix 2014);Fabrizio De Andrè;Creuza de ma
Jamin-a  (Alternate Version 2014);Fabrizio De Andrè;Creuza de ma
'A pittima  (Live Tour 'Creuza de ma' 1984 - New Mix 2014);Fabrizio De Andrè;Creuza de ma
Megu megun  (Live Tour 'Le Nuvole' 1991 - Edit - New Mix 2014);Fabrizio De Andrè;Creuza de ma
Creuza de Ma  (Live Tour 'Creuza de ma' 1984 - New Mix 2014);Fabrizio De Andrè;Creuza de ma
Parlato 'Idioma'  (Live Tour 'Creuza de ma' 1984 - New Mix 2014);Fabrizio De Andrè;Creuza de ma
Sidun  (Live Tour 'Creuza de ma' 1984 - New Mix 2014);Fabrizio De Andrè;Creuza de ma
Presentazione sinan  (Live Tour 'Creuza de ma' 1984 - New Mix 2014);Fabrizio De Andrè;Creuza de ma
'Â çimma  (Live Tour 'Le Nuvole' 1991 - Edit - New Mix 2014);Fabrizio De Andrè;Creuza de ma
Jamin-a  (Live Tour 'Creuza de ma' 1984 - New Mix 2014);Fabrizio De Andrè;Creuza de ma
Sinan capudan pascià  (Live Tour 'Creuza de ma' 1984 - New Mix 2014);Fabrizio De Andrè;Creuza de ma
A dumenega  (Live Tour 'Creuza de ma' 1984 - New Mix 2014);Fabrizio De Andrè;Creuza de ma
Presentazione 'A dumenega'  (Live Tour 'Creuza de ma' 1984 - New Mix 2014);Fabrizio De Andrè;Creuza de ma
Il testamento di Tito;Fabrizio De Andrè;La Buona Novella
Tre madri;Fabrizio De Andrè;La Buona Novella
Laudate Dominum;Fabrizio De Andrè;La Buona Novella
L'infanzia di Maria;Fabrizio De Andrè;La Buona Novella
Ave Maria;Fabrizio De Andrè;La Buona Novella
Il sogno di Maria;Fabrizio De Andrè;La Buona Novella
Il ritorno di Giuseppe;Fabrizio De Andrè;La Buona Novella
Via della croce;Fabrizio De Andrè;La Buona Novella
Laudate Hominem;Fabrizio De Andrè;La Buona Novella
Maria Nella Bottega d'un Falegname;Fabrizio De Andrè;La Buona Novella
Un Blasfemo (Dietro Ogni Blasfemo C'è Un Giardino Incantato);Fabrizio De Andrè;Non Al Denaro, Non All'Amore, Ne Al Cielo
Un malato di cuore;Fabrizio De Andrè;Non Al Denaro, Non All'Amore, Ne Al Cielo
Un Matto (Dietro Ogni Scemo C'è Un Villaggio);Fabrizio De Andrè;Non Al Denaro, Non All'Amore, Ne Al Cielo
Un giudice;Fabrizio De Andrè;Non Al Denaro, Non All'Amore, Ne Al Cielo
Un chimico;Fabrizio De Andrè;Non Al Denaro, Non All'Amore, Ne Al Cielo
Il suonatore Jones;Fabrizio De Andrè;Non Al Denaro, Non All'Amore, Ne Al Cielo
La collina;Fabrizio De Andrè;Non Al Denaro, Non All'Amore, Ne Al Cielo
Un medico;Fabrizio De Andrè;Non Al Denaro, Non All'Amore, Ne Al Cielo
Un ottico;Fabrizio De Andrè;Non Al Denaro, Non All'Amore, Ne Al Cielo
La domenica delle salme;Fabrizio De Andrè;Le Nuvole
Monti di mola;Fabrizio De Andrè;Le Nuvole
La nova gelosia;Fabrizio De Andrè;Le Nuvole
Ottocento;Fabrizio De Andrè;Le Nuvole
Megu megun;Fabrizio De Andrè;Le Nuvole
Don Raffaè;Fabrizio De Andrè;Le Nuvole
'Â çimma;Fabrizio De Andrè;Le Nuvole
Le nuvole;Fabrizio De Andrè;Le Nuvole
Via del campo;Fabrizio De Andrè;Volume 1
Carlo Martello ritorno dalla battaglia di Poitiers;Fabrizio De Andrè;Volume 1
La Morte;Fabrizio De Andrè;Volume 1
Marcia Nuziale;Fabrizio De Andrè;Volume 1
Si chiamava Gesù;Fabrizio De Andrè;Volume 1
Bocca di rosa;Fabrizio De Andrè;Volume 1
La Canzone Di Barbara;Fabrizio De Andrè;Volume 1
Spiritual;Fabrizio De Andrè;Volume 1
La stagione del tuo amore;Fabrizio De Andrè;Volume 1
Preghiera in Gennaio;Fabrizio De Andrè;Volume 1
Il testamento di Tito  (Live);Fabrizio De Andrè;1991 Concerti
Il gorilla  (Live);Fabrizio De Andrè;1991 Concerti
Don Raffae'  (Live);Fabrizio De Andrè;1991 Concerti
Hotel Supramonte  (Live);Fabrizio De Andrè;1991 Concerti
La domenica delle salme  (Live);Fabrizio De Andrè;1991 Concerti
Fiume sand creek  (Live);Fabrizio De Andrè;1991 Concerti
Canzone dell'amore perduto  (Live);Fabrizio De Andrè;1991 Concerti
La canzone di Marinella  (Live);Fabrizio De Andrè;1991 Concerti
Se ti tagliassero a pezzetti  (Live);Fabrizio De Andrè;1991 Concerti
'A pittima  (Live);Fabrizio De Andrè;1991 Concerti
Sinan capudan pascià  (Live);Fabrizio De Andrè;1991 Concerti
Creuza de ma  (Live);Fabrizio De Andrè;1991 Concerti
'A cimma  (Live);Fabrizio De Andrè;1991 Concerti
A dumenega  (Live);Fabrizio De Andrè;1991 Concerti
Sidun  (Live);Fabrizio De Andrè;1991 Concerti
Megu megun  (Live);Fabrizio De Andrè;1991 Concerti
Jamin-A  (Live);Fabrizio De Andrè;1991 Concerti
Le nuvole  (Live);Fabrizio De Andrè;1991 Concerti
Quello che non ho;Fabrizio De Andrè;Fabrizio De André (Indiano)
Hotel Supramonte;Fabrizio De Andrè;Fabrizio De André (Indiano)
Verdi pascoli;Fabrizio De Andrè;Fabrizio De André (Indiano)
Canto del servo pastore;Fabrizio De Andrè;Fabrizio De André (Indiano)
Se ti tagliassero a pezzetti;Fabrizio De Andrè;Fabrizio De André (Indiano)
Franziska;Fabrizio De Andrè;Fabrizio De André (Indiano)
Fiume Sand Creek;Fabrizio De Andrè;Fabrizio De André (Indiano)
Deus ti salvet Maria (Ave Maria);Fabrizio De Andrè;Fabrizio De André (Indiano)
Girotondo;Fabrizio De Andrè;Tutti Morimmo A Stento
Ballata degli impiccati;Fabrizio De Andrè;Tutti Morimmo A Stento
Terzo intermezzo;Fabrizio De Andrè;Tutti Morimmo A Stento
Inverno;Fabrizio De Andrè;Tutti Morimmo A Stento
Leggenda di Natale;Fabrizio De Andrè;Tutti Morimmo A Stento
Cantico dei drogati;Fabrizio De Andrè;Tutti Morimmo A Stento
Recitativo (2 Invocazioni 1 Atto Di Accusa);Fabrizio De Andrè;Tutti Morimmo A Stento
Primo intermezzo;Fabrizio De Andrè;Tutti Morimmo A Stento
Secondo intermezzo;Fabrizio De Andrè;Tutti Morimmo A Stento
Corale (Leggenda Del Re Infelice);Fabrizio De Andrè;Tutti Morimmo A Stento
Fila La Lana (Da Una Canzone Popolare Francese del XV Secolo);Fabrizio De Andrè;Canzoni
Delitto di paese;Fabrizio De Andrè;Canzoni
Morire per delle idee;Fabrizio De Andrè;Canzoni
Ballata dell'amore cieco (o della vanità);Fabrizio De Andrè;Canzoni
La città vecchia;Fabrizio De Andrè;Canzoni
Canzone dell'amore perduto;Fabrizio De Andrè;Canzoni
Le Passanti (Da Una Poesia Di Antoine Paul);Fabrizio De Andrè;Canzoni
Giovanna d'arco;Fabrizio De Andrè;Canzoni
Valzer per un amore;Fabrizio De Andrè;Canzoni
Suzanne;Fabrizio De Andrè;Canzoni
Via della povertà;Fabrizio De Andrè;Canzoni
Folaghe;Fabrizio De Andrè;Rimini
Zirichiltaggia;Fabrizio De Andrè;Rimini
Andrea/Tema di Rimini;Fabrizio De Andrè;Rimini
Rimini;Fabrizio De Andrè;Rimini
Sally;Fabrizio De Andrè;Rimini
Parlando Del Naufragio Della London Valour;Fabrizio De Andrè;Rimini
Coda di Lupo;Fabrizio De Andrè;Rimini
Volta la carta;Fabrizio De Andrè;Rimini
Avventura a Durango;Fabrizio De Andrè;Rimini
Il gorilla;Fabrizio De Andrè;Volume 3
La canzone di Marinella;Fabrizio De Andrè;Volume 3
Il testamento;Fabrizio De Andrè;Volume 3
Nell'acqua della chiara fontana;Fabrizio De Andrè;Volume 3
Il re fa rullare i tamburi;Fabrizio De Andrè;Volume 3
La ballata dell'eroe;Fabrizio De Andrè;Volume 3
Amore che vieni, amore che vai;Fabrizio De Andrè;Volume 3
La ballata del Miché;Fabrizio De Andrè;Volume 3
S'i' fosse foco;Fabrizio De Andrè;Volume 3
La guerra di Piero;Fabrizio De Andrè;Volume 3
Somebody Might Wave Back (2002 Remaster);The Waterboys;A Pagan Place
A Pagan Place (2002 Remaster);The Waterboys;A Pagan Place
The Thrill Is Gone (2002 Remaster);The Waterboys;A Pagan Place
The Madness Is Here Again;The Waterboys;A Pagan Place
Down Through the Dark Streets;The Waterboys;A Pagan Place
Church Not Made with Hands (2002 Remaster);The Waterboys;A Pagan Place
Love That Kills (Instrumental);The Waterboys;A Pagan Place
The Big Music (2002 Remaster);The Waterboys;A Pagan Place
Rags (2002 Remaster);The Waterboys;A Pagan Place
The Late Train to Heaven (Revised Rockfield Mix);The Waterboys;A Pagan Place
Red Army Blues (2002 Remaster);The Waterboys;A Pagan Place
All the Things She Gave Me (2002 Remaster);The Waterboys;A Pagan Place
Cathy;The Waterboys;A Pagan Place
Some of My Best Friends Are Trains;The Waterboys;A Pagan Place
Mad as the Mist and Snow (2022 Remaster);The Waterboys;An Appointment with Mr Yeats 
A Faery Song (We Who Are Old) (Demo);The Waterboys;An Appointment with Mr Yeats 
A Full Moon in March (2022 Remaster);The Waterboys;An Appointment with Mr Yeats 
Do Not Love Too Long (Demo);The Waterboys;An Appointment with Mr Yeats 
The Travelling Man and the Tree (Demo);The Waterboys;An Appointment with Mr Yeats 
White Birds (2022 Remaster);The Waterboys;An Appointment with Mr Yeats 
Let the Earth Bear Witness (2022 Remaster);The Waterboys;An Appointment with Mr Yeats 
The Four Ages of Man (Demo);The Waterboys;An Appointment with Mr Yeats 
Before the World Was Made (2022 Remaster);The Waterboys;An Appointment with Mr Yeats 
September 1913 (2022 Remaster);The Waterboys;An Appointment with Mr Yeats 
News for the Delphic Oracle (Demo);The Waterboys;An Appointment with Mr Yeats 
The Lake Isle of Innisfree (2022 Remaster);The Waterboys;An Appointment with Mr Yeats 
Our Father Rosy-Cross (Demo);The Waterboys;An Appointment with Mr Yeats 
The Hosting of the Shee (2022 Remaster);The Waterboys;An Appointment with Mr Yeats 
Song of Wandering Aengus (2022 Remaster);The Waterboys;An Appointment with Mr Yeats 
News for the Delphic Oracle (2022 Remaster);The Waterboys;An Appointment with Mr Yeats 
The Faery's Last Song (2022 Remaster);The Waterboys;An Appointment with Mr Yeats 
Sweet Dancer (2022 Remaster);The Waterboys;An Appointment with Mr Yeats 
Politics (2022 Remaster);The Waterboys;An Appointment with Mr Yeats 
An Irish Airman Foresees His Death (2022 Remaster);The Waterboys;An Appointment with Mr Yeats 
Love Song;The Waterboys;An Appointment with Mr Yeats 
Sweet Dancer (Demo);The Waterboys;An Appointment with Mr Yeats 
September 1913 (Demo);The Waterboys;An Appointment with Mr Yeats 
Mad as the Mist and Snow / Needle's Eye / The Second Coming (Demo);The Waterboys;An Appointment with Mr Yeats 
The Song of Wandering Aengus (Demo);The Waterboys;An Appointment with Mr Yeats 
Tread Softly, For You Tread on My Dreams (Demo);The Waterboys;An Appointment with Mr Yeats 
White Birds (Freddie's Demo);The Waterboys;An Appointment with Mr Yeats 
A Song of the Rosy-Cross (New Version);The Waterboys;An Appointment with Mr Yeats 
White Birds (Demo);The Waterboys;An Appointment with Mr Yeats 
Come Gather Round Me, Parnellites (Steve's Demo);The Waterboys;An Appointment with Mr Yeats 
Down by the Salley Gardens;The Waterboys;An Appointment with Mr Yeats 
Before the World Was Made (Demo);The Waterboys;An Appointment with Mr Yeats 
Paistin Finn;The Waterboys;An Appointment with Mr Yeats 
A Full Moon in March (Demo);The Waterboys;An Appointment with Mr Yeats 
Let the Earth Bear Witness (Demo);The Waterboys;An Appointment with Mr Yeats 
The Pilgrim;The Waterboys;An Appointment with Mr Yeats 
An Irish Airman Foresees His Death (Demo);The Waterboys;An Appointment with Mr Yeats 
The Mask;The Waterboys;An Appointment with Mr Yeats 
A Coat;The Waterboys;An Appointment with Mr Yeats 
Politics (Demo);The Waterboys;An Appointment with Mr Yeats 
The Hosting of the Shee (Demo);The Waterboys;An Appointment with Mr Yeats 
The Faery's Last Song (Demo);The Waterboys;An Appointment with Mr Yeats 
Sweet Dancer (Freddie's Demo);The Waterboys;An Appointment with Mr Yeats 
Hollywood Blues;The Waterboys;All Souls Hill
Passing Through;The Waterboys;All Souls Hill
The Liar;The Waterboys;All Souls Hill
All Souls Hill;The Waterboys;All Souls Hill
Here We Go Again;The Waterboys;All Souls Hill
Once Were Brothers;The Waterboys;All Souls Hill
The Southern Moon;The Waterboys;All Souls Hill
In My Dreams;The Waterboys;All Souls Hill
Blackberry Girl;The Waterboys;All Souls Hill
The Christ in You;The Waterboys;Universal Hall
This Light is for the World;The Waterboys;Universal Hall
Peace of Iona;The Waterboys;Universal Hall
Always Dancing, Never Getting Tired;The Waterboys;Universal Hall
Universal Hall;The Waterboys;Universal Hall
I've Lived Here Before;The Waterboys;Universal Hall
Silent Fellowship;The Waterboys;Universal Hall
Seek the Light;The Waterboys;Universal Hall
The Dance at the Crossroads;The Waterboys;Universal Hall
E.B.O.L.;The Waterboys;Universal Hall
Ain't No Words for the Things I'm Feeling;The Waterboys;Universal Hall
Every Breath is Yours;The Waterboys;Universal Hall
Boy in Black Leather;The Waterboys;The Waterboys
Another Kind of Circus;The Waterboys;The Waterboys
Gala (Unedited);The Waterboys;The Waterboys
I Will Not Follow (2002 Remaster);The Waterboys;The Waterboys
December (8 Track Mix);The Waterboys;The Waterboys
Jack of Diamonds;The Waterboys;The Waterboys
Something Fantastic;The Waterboys;The Waterboys
The Three Day Man (2002 Remaster);The Waterboys;The Waterboys
A Girl Called Johnny (2002 Remaster);The Waterboys;The Waterboys
The Girl in the Swing (2002 Remaster);The Waterboys;The Waterboys
Savage Earth Heart (2002 Remaster);The Waterboys;The Waterboys
Ready for the Monkeyhouse;The Waterboys;The Waterboys
It Should Have Been You (2002 Remaster);The Waterboys;The Waterboys
December (2002 Remaster);The Waterboys;The Waterboys
Where Are You Now When I Need You?;The Waterboys;The Waterboys
We Will Not Be Lovers (2006 Remaster);The Waterboys;Fisherman's Blues
Strange Boat (2006 Remaster);The Waterboys;Fisherman's Blues
When Will We Be Married (2006 Remaster);The Waterboys;Fisherman's Blues
Jimmy Hickey's Waltz (2006 Remaster);The Waterboys;Fisherman's Blues
The Stolen Child (2006 Remaster);The Waterboys;Fisherman's Blues
Dunford's Fancy (2006 Remaster);The Waterboys;Fisherman's Blues
Sweet Thing (2006 Remaster);The Waterboys;Fisherman's Blues
Fisherman's Blues (2006 Remaster);The Waterboys;Fisherman's Blues
When Ye Go Away (2006 Remaster);The Waterboys;Fisherman's Blues
World Party (Extended Version);The Waterboys;Fisherman's Blues
This Land Is Your Land (2006 Remaster);The Waterboys;Fisherman's Blues
Has Anybody Here Seen Hank? (2006 Remaster);The Waterboys;Fisherman's Blues
And a Bang on the Ear (Extended);The Waterboys;Fisherman's Blues
You in the Sky;The Waterboys;Fisherman's Blues
Soon as I Get Home;The Waterboys;Fisherman's Blues
Let Me Feel Holy Again;The Waterboys;Fisherman's Blues
Meet Me at the Station;The Waterboys;Fisherman's Blues
Rattle My Bones and Shiver My Soul;The Waterboys;Fisherman's Blues
When Will We Be Married (1987 Recording);The Waterboys;Fisherman's Blues
Carolan's Welcome;The Waterboys;Fisherman's Blues
Killing My Heart (Alternative Version);The Waterboys;Fisherman's Blues
Fisherman's Blues (Alternative Version);The Waterboys;Fisherman's Blues
The Star and the Sea (2008 Remaster);The Waterboys;Room to Roam
Room to Roam (2008 Remaster);The Waterboys;Room to Roam
Islandman (2008 Remaster);The Waterboys;Room to Roam
A Man Is in Love (2008 Remaster);The Waterboys;Room to Roam
The Trip to Broadford (2008 Remaster);The Waterboys;Room to Roam
A Life of Sundays (2008 Remaster);The Waterboys;Room to Roam
The Raggle Taggle Gypsy (2008 Remaster);The Waterboys;Room to Roam
Spring Comes to Spiddal (2008 Remaster);The Waterboys;Room to Roam
Something That Is Gone (2008 Remaster);The Waterboys;Room to Roam
The Kings of Kerry (2008 Remaster);The Waterboys;Room to Roam
Upon the Wind and Waves (2008 Remaster);The Waterboys;Room to Roam
Song from the End of the World (2008 Remaster);The Waterboys;Room to Roam
Natural Bridge Blues (2008 Remaster);The Waterboys;Room to Roam
In Search of a Rose (2008 Remaster);The Waterboys;Room to Roam
Further Up, Further In (2008 Remaster);The Waterboys;Room to Roam
Bigger Picture (2008 Remaster);The Waterboys;Room to Roam
How Long Will I Love You (2008 Remaster);The Waterboys;Room to Roam
A Man Is in Love (Alternative Version);The Waterboys;Room to Roam
The Wyndy Wyndy Road;The Waterboys;Room to Roam
Twa Recruitin' Sergeants (Live);The Waterboys;Room to Roam
Sunny Sailor Boy;The Waterboys;Room to Roam
A Strathspey in the Rain at Dawn;The Waterboys;Room to Roam
The Raggle Taggle Gypsy (Live);The Waterboys;Room to Roam
The Wayward Wind;The Waterboys;Room to Roam
Three Ships;The Waterboys;Room to Roam
The Kings of Kerry;The Waterboys;Room to Roam
Danny Murphy / Florence;The Waterboys;Room to Roam
A Song for the Life (2008 Remaster);The Waterboys;Room to Roam
In Search of a Rose;The Waterboys;Room to Roam
Custer's Blues (Live);The Waterboys;Room to Roam
Down by the Sally Gardens;The Waterboys;Room to Roam
A Reel and a Stomp in the Kitchen;The Waterboys;Room to Roam
Sponsored Pedal Pusher's Blues;The Waterboys;Room to Roam
My Morag (The Exile's Dream);The Waterboys;Room to Roam
Winter Winter;The Waterboys;Dream Harder
Wonders Of Lewis;The Waterboys;Dream Harder
Preparing To Fly;The Waterboys;Dream Harder
Spiritual City;The Waterboys;Dream Harder
Good News;The Waterboys;Dream Harder
Glastonbury Song;The Waterboys;Dream Harder
The Return Of Pan;The Waterboys;Dream Harder
The New Life;The Waterboys;Dream Harder
The Return Of Jimi Hendrix;The Waterboys;Dream Harder
Love And Death;The Waterboys;Dream Harder
Suffer;The Waterboys;Dream Harder
Corn Circles;The Waterboys;Dream Harder
Riding Down To Mardi Gras;The Waterboys;Life, Death And Dennis Hopper
Frank (Let's F*ck);The Waterboys;Life, Death And Dennis Hopper
Rock Bottom;The Waterboys;Life, Death And Dennis Hopper
I Don't Know How I Made It;The Waterboys;Life, Death And Dennis Hopper
Katherine;The Waterboys;Life, Death And Dennis Hopper
Daria;The Waterboys;Life, Death And Dennis Hopper
Hopper's On Top (Genius);The Waterboys;Life, Death And Dennis Hopper
Transcendental Peruvian Blues;The Waterboys;Life, Death And Dennis Hopper
Blues For Terry Southern;The Waterboys;Life, Death And Dennis Hopper
Memories Of Monterey;The Waterboys;Life, Death And Dennis Hopper
Ten Years Gone;The Waterboys;Life, Death And Dennis Hopper
Live In The Moment, Baby;The Waterboys;Life, Death And Dennis Hopper
Freaks On Wheels;The Waterboys;Life, Death And Dennis Hopper
Michelle (Always Stay);The Waterboys;Life, Death And Dennis Hopper
Brooke / 1712 North Crescent Heights;The Waterboys;Life, Death And Dennis Hopper
Everybody Loves Dennis Hopper;The Waterboys;Life, Death And Dennis Hopper
Golf, They Say;The Waterboys;Life, Death And Dennis Hopper
Kansas;The Waterboys;Life, Death And Dennis Hopper
Hollywood '55;The Waterboys;Life, Death And Dennis Hopper
Aftermath;The Waterboys;Life, Death And Dennis Hopper
Andy (A Guy Like You);The Waterboys;Life, Death And Dennis Hopper
The Tourist;The Waterboys;Life, Death And Dennis Hopper
Freakout At The Mud Palace;The Waterboys;Life, Death And Dennis Hopper
Letter From An Unknown Girlfriend;The Waterboys;Life, Death And Dennis Hopper
Venice, California (Victoria) / The Passing Of Hopper;The Waterboys;Life, Death And Dennis Hopper
The Girl Who Slept for Scotland;The Waterboys;Modern Blues
Destinies Entwined;The Waterboys;Modern Blues
Long Strange Golden Road;The Waterboys;Modern Blues
November Tale;The Waterboys;Modern Blues
Beautiful Now;The Waterboys;Modern Blues
Nearest Thing to Hip;The Waterboys;Modern Blues
Still a Freak;The Waterboys;Modern Blues
Rosalind (You Married the Wrong Guy);The Waterboys;Modern Blues
I Can See Elvis;The Waterboys;Modern Blues
The Crash of Angel Wings;The Waterboys;Book of Lightning
Strange Arrangement;The Waterboys;Book of Lightning
It's Gonna Rain;The Waterboys;Book of Lightning
Everybody Takes a Tumble;The Waterboys;Book of Lightning
She Tried to Hold Me;The Waterboys;Book of Lightning
Sustain;The Waterboys;Book of Lightning
You in the Sky;The Waterboys;Book of Lightning
Love Will Shoot You Down;The Waterboys;Book of Lightning
Nobody's Baby Anymore;The Waterboys;Book of Lightning
The Man with the Wind at His Heels;The Waterboys;Book of Lightning
Trumpets (2004 Remaster);The Waterboys;This Is the Sea
The Pan Within (2004 Remaster);The Waterboys;This Is the Sea
Be My Enemy (2004 Remaster);The Waterboys;This Is the Sea
Old England (2004 Remaster);The Waterboys;This Is the Sea
The Whole of the Moon (2004 Remaster);The Waterboys;This Is the Sea
Don't Bang the Drum (2004 Remaster);The Waterboys;This Is the Sea
Spirit (2004 Remaster);The Waterboys;This Is the Sea
This Is the Sea (2004 Remaster);The Waterboys;This Is the Sea
Medicine Bow (2004 Remaster);The Waterboys;This Is the Sea
Medicine Jack (2004 Remaster);The Waterboys;This Is the Sea
Sleek White Schooner (2004 Remaster);The Waterboys;This Is the Sea
Sweet Thing (2004 Remaster);The Waterboys;This Is the Sea
Then You Hold Me (2004 Remaster);The Waterboys;This Is the Sea
I Am Not Here (2004 Remaster);The Waterboys;This Is the Sea
Spirit (Extended Version);The Waterboys;This Is the Sea
Beverly Penn (2004 Remaster);The Waterboys;This Is the Sea
High Far Soon (2004 Remaster);The Waterboys;This Is the Sea
This Is the Sea (Live);The Waterboys;This Is the Sea
Miracle (2004 Remaster);The Waterboys;This Is the Sea
The Waves (2004 Remaster);The Waterboys;This Is the Sea
Medicine Bow (Extended Version);The Waterboys;This Is the Sea
Towers Open Fire (2004 Remaster);The Waterboys;This Is the Sea
Even the Trees Are Dancing (2004 Remaster);The Waterboys;This Is the Sea
New York I Love You;The Waterboys;Out of All This Blue 
Girl in a Kayak;The Waterboys;Out of All This Blue 
The Memphis Fox;The Waterboys;Out of All This Blue 
Didn't We Walk on Water  (JessKav Mix);The Waterboys;Out of All This Blue 
Payo Payo Chin (Tokyo Hotel);The Waterboys;Out of All This Blue 
The Connemara Fox;The Waterboys;Out of All This Blue 
Nashville, Tennessee  (Live);The Waterboys;Out of All This Blue 
Skyclad Lady;The Waterboys;Out of All This Blue 
Payo Payo Chin;The Waterboys;Out of All This Blue 
The Girl in the Window Chair;The Waterboys;Out of All This Blue 
Mister Charisma;The Waterboys;Out of All This Blue 
Epiphany on Mott Street;The Waterboys;Out of All This Blue 
Return to Roppongi Hills;The Waterboys;Out of All This Blue 
Nashville, Tennessee;The Waterboys;Out of All This Blue 
Didn't We Walk on Water;The Waterboys;Out of All This Blue 
So in Love with You;The Waterboys;Out of All This Blue 
If I Was Your Boyfriend;The Waterboys;Out of All This Blue 
Love Walks In;The Waterboys;Out of All This Blue 
Do We Choose Who We Love;The Waterboys;Out of All This Blue 
If I Was Your Boyfriend  (Zeenie Mix);The Waterboys;Out of All This Blue 
Kinky's History Lesson;The Waterboys;Out of All This Blue 
Yamaben;The Waterboys;Out of All This Blue 
Santa Fe;The Waterboys;Out of All This Blue 
Mister Charisma  (Alternate Version);The Waterboys;Out of All This Blue 
The Elegant Companion;The Waterboys;Out of All This Blue 
If the Answer Is Yeah;The Waterboys;Out of All This Blue 
The Hammerhead Bar;The Waterboys;Out of All This Blue 
Monument;The Waterboys;Out of All This Blue 
If the Answer Is Yeah  (Alternate Version);The Waterboys;Out of All This Blue 
Santa Fe  (Instrumental);The Waterboys;Out of All This Blue 
Rokudenashiko;The Waterboys;Out of All This Blue 
Hiphopstrumental 4 (Scatman);The Waterboys;Out of All This Blue 
Morning Came Too Soon;The Waterboys;Out of All This Blue 
Man, What a Woman;The Waterboys;Out of All This Blue 
My Lord, What a Morning;The Waterboys;A Rock in the Weary Land 
The Charlatan's Lament;The Waterboys;A Rock in the Weary Land 
Night Falls on London;The Waterboys;A Rock in the Weary Land 
Crown;The Waterboys;A Rock in the Weary Land 
The Wind in the Wires;The Waterboys;A Rock in the Weary Land 
Lucky Day / Bad Advice;The Waterboys;A Rock in the Weary Land 
It's All Gone;The Waterboys;A Rock in the Weary Land 
Malediction;The Waterboys;A Rock in the Weary Land 
Let It Happen;The Waterboys;A Rock in the Weary Land 
We Are Jonah;The Waterboys;A Rock in the Weary Land 
His Word is Not His Bond;The Waterboys;A Rock in the Weary Land 
Is She Conscious?;The Waterboys;A Rock in the Weary Land 
Dumbing Down the World;The Waterboys;A Rock in the Weary Land 
My Love is My Rock in the Weary Land;The Waterboys;A Rock in the Weary Land 
The Last Rock Freak Out;The Waterboys;A Rock in the Weary Land 
Oh Yeah / I'll Be Satisfied;The Waterboys;A Rock in the Weary Land 
In the Long Low Weary Land;The Waterboys;A Rock in the Weary Land 
Anatomy of a Love Affair;The Waterboys;A Rock in the Weary Land 
My Love Is My Rock (Instrumental with Choir);The Waterboys;A Rock in the Weary Land 
Fanfare by Thighpaulsandra;The Waterboys;A Rock in the Weary Land 
Martin Decent;The Waterboys;A Rock in the Weary Land 
Never Been out of Love;The Waterboys;A Rock in the Weary Land 
Since the Fire Started Burning in My Soul;The Waterboys;A Rock in the Weary Land 
Dumbing Down the World (Live at Glastonbury);The Waterboys;A Rock in the Weary Land 
Carolan's Weird Welcome;The Waterboys;A Rock in the Weary Land 
Trouble Down Yonder;The Waterboys;A Rock in the Weary Land 
Is She Concious (Acoustic Demo);The Waterboys;A Rock in the Weary Land 
Sad Procession;The Waterboys;A Rock in the Weary Land 
It Bends Towards Justice;The Waterboys;A Rock in the Weary Land 
Is She Conscious (Funky Thumbs);The Waterboys;A Rock in the Weary Land 
Wintermind;The Waterboys;A Rock in the Weary Land 
Somewhere in the Bleak Mid-Distance Something Beautiful Is Born;The Waterboys;A Rock in the Weary Land 
The Height of His Head;The Waterboys;A Rock in the Weary Land 
Time, Space & The Bride's Bed;The Waterboys;A Rock in the Weary Land 
Good Luck, Seeker;The Waterboys;Good Luck, Seeker (Deluxe)
Dennis Hopper;The Waterboys;Good Luck, Seeker (Deluxe)
The Golden Work;The Waterboys;Good Luck, Seeker (Deluxe)
My Wanderings in the Weary Land;The Waterboys;Good Luck, Seeker (Deluxe)
Sticky Fingers;The Waterboys;Good Luck, Seeker (Deluxe)
Everchanging;The Waterboys;Good Luck, Seeker (Deluxe)
Postcard from the Celtic Dreamtime;The Waterboys;Good Luck, Seeker (Deluxe)
The Soul Singer;The Waterboys;Good Luck, Seeker (Deluxe)
Low Down in the Broom;The Waterboys;Good Luck, Seeker (Deluxe)
Beauty in Repetition;The Waterboys;Good Luck, Seeker (Deluxe)
Why Should I Love You?;The Waterboys;Good Luck, Seeker (Deluxe)
(You've Got to) Kiss a Frog or Two;The Waterboys;Good Luck, Seeker (Deluxe)
Freak Street;The Waterboys;Good Luck, Seeker (Deluxe)
The Land of Sunset;The Waterboys;Good Luck, Seeker (Deluxe)
Why Should I Love You? (Instrumental);The Waterboys;Good Luck, Seeker (Deluxe)
Dennis Hopper (Demo);The Waterboys;Good Luck, Seeker (Deluxe)
The Land of Sunset (Instrumental);The Waterboys;Good Luck, Seeker (Deluxe)
Beauty in Repetition (Instrumental);The Waterboys;Good Luck, Seeker (Deluxe)
My Wanderings in the Weary Land (Vocal Version);The Waterboys;Good Luck, Seeker (Deluxe)
The Soul Singer (Instrumental);The Waterboys;Good Luck, Seeker (Deluxe)
Postcard from the Celtic Dreamtime (Instrumental);The Waterboys;Good Luck, Seeker (Deluxe)
The Soul Singer (Demo);The Waterboys;Good Luck, Seeker (Deluxe)
Low Down in the Broom (Guitar/Vocal Version);The Waterboys;Good Luck, Seeker (Deluxe)
(You've Got To) Kiss a Frog or Two (Instrumental);The Waterboys;Good Luck, Seeker (Deluxe)
Ladbroke Grove Symphony;The Waterboys;Where The Action Is
London Mick;The Waterboys;Where The Action Is
Out of All This Blue;The Waterboys;Where The Action Is
Where The Action Is;The Waterboys;Where The Action Is
Take Me There I Will Follow You;The Waterboys;Where The Action Is
In My Time on Earth;The Waterboys;Where The Action Is
Piper at the Gates of Dawn;The Waterboys;Where The Action Is
And There's Love;The Waterboys;Where The Action Is
Right Side of Heartbreak (Wrong Side of Love);The Waterboys;Where The Action Is
Then She Made the Lasses O;The Waterboys;Where The Action Is
Shallow Form;Brian Eno;Liminal
Before Life;Brian Eno;Liminal
Part Of Us;Brian Eno;Liminal
Flower Women;Brian Eno;Liminal
Corona;Brian Eno;Liminal
The Last To Know;Brian Eno;Liminal
Little Boy;Brian Eno;Liminal
Shudder Like Crows;Brian Eno;Liminal
Ringing Ocean;Brian Eno;Liminal
Laundry Room;Brian Eno;Liminal
Procession;Brian Eno;Liminal
Too Far Gone;Elvis Costello;Almost Blue
How Much I Lied;Elvis Costello;Almost Blue
Success;Elvis Costello;Almost Blue
Tonight The Bottle Let Me Down;Elvis Costello;Almost Blue
Why Don't You Love Me (Like You Used To Do)?;Elvis Costello;Almost Blue
Good Year For The Roses;Elvis Costello;Almost Blue
Honey Hush;Elvis Costello;Almost Blue
Colour Of The Blues;Elvis Costello;Almost Blue
I'm Your Toy;Elvis Costello;Almost Blue
Sweet Dreams;Elvis Costello;Almost Blue
Sittin' And Thinkin';Elvis Costello;Almost Blue
Brown To Blue;Elvis Costello;Almost Blue
TKO (Boxing Day);Elvis Costello;Punch The Clock
The Invisible Man;Elvis Costello;Punch The Clock
Charm School;Elvis Costello;Punch The Clock
Everyday I Write The Book;Elvis Costello;Punch The Clock
Shipbuilding;Elvis Costello;Punch The Clock
King Of Thieves;Elvis Costello;Punch The Clock
The Greatest Thing;Elvis Costello;Punch The Clock
Let Them All Talk;Elvis Costello;Punch The Clock
Mouth Almighty;Elvis Costello;Punch The Clock
Pills & Soap;Elvis Costello;Punch The Clock
The Element Within Her;Elvis Costello;Punch The Clock
The World And His Wife;Elvis Costello;Punch The Clock
Love Went Mad;Elvis Costello;Punch The Clock
Human Hands;Elvis Costello;Imperial Bedroom
The Loved Ones;Elvis Costello;Imperial Bedroom
Beyond Belief;Elvis Costello;Imperial Bedroom
Little Savage;Elvis Costello;Imperial Bedroom
Boy With A Problem;Elvis Costello;Imperial Bedroom
Tears Before Bedtime;Elvis Costello;Imperial Bedroom
Almost Blue;Elvis Costello;Imperial Bedroom
You Little Fool;Elvis Costello;Imperial Bedroom
Kid About It;Elvis Costello;Imperial Bedroom
Pidgin English;Elvis Costello;Imperial Bedroom
Man Out Of Time;Elvis Costello;Imperial Bedroom
The Long Honeymoon;Elvis Costello;Imperial Bedroom
...And In Every Home;Elvis Costello;Imperial Bedroom
Shabby Doll;Elvis Costello;Imperial Bedroom
Town Cryer;Elvis Costello;Imperial Bedroom
My Science Fiction Twin (Album Version);Elvis Costello;Brutal Youth
Favourite Hour (Album Version);Elvis Costello;Brutal Youth
13 Steps Lead Down;Elvis Costello;Brutal Youth
Pony St. (Album Version);Elvis Costello;Brutal Youth
Clown Strike (Album Version);Elvis Costello;Brutal Youth
This Is Hell (Album Version);Elvis Costello;Brutal Youth
You Tripped at Every Step (Album Version);Elvis Costello;Brutal Youth
London's Brilliant Parade;Elvis Costello;Brutal Youth
Rocking Horse Road (Album Version);Elvis Costello;Brutal Youth
All the Rage;Elvis Costello;Brutal Youth
Kinder Murder;Elvis Costello;Brutal Youth
Still Too Soon to Know (Album Version);Elvis Costello;Brutal Youth
Just About Glad (Album Version);Elvis Costello;Brutal Youth
Sulky Girl;Elvis Costello;Brutal Youth
20% Amnesia (Album Version);Elvis Costello;Brutal Youth
Uncomplicated;Elvis Costello;Blood And Chocolate
Next Time Round;Elvis Costello;Blood And Chocolate
Battered Old Bird;Elvis Costello;Blood And Chocolate
I Want You;Elvis Costello;Blood And Chocolate
Honey Are You Straight Or Are You Blind;Elvis Costello;Blood And Chocolate
Tokyo Storm Warning;Elvis Costello;Blood And Chocolate
I Hope You're Happy Now;Elvis Costello;Blood And Chocolate
Blue Chair;Elvis Costello;Blood And Chocolate
Home Is Anywhere You Hang Your Head;Elvis Costello;Blood And Chocolate
Crimes Of Paris;Elvis Costello;Blood And Chocolate
Poor Napoleon;Elvis Costello;Blood And Chocolate
Love Field;Elvis Costello;Goodbye Cruel World
The Great Unknown;Elvis Costello;Goodbye Cruel World
Inch By Inch;Elvis Costello;Goodbye Cruel World
Joe Porterhouse;Elvis Costello;Goodbye Cruel World
Home Truth;Elvis Costello;Goodbye Cruel World
Worthless Thing;Elvis Costello;Goodbye Cruel World
The Deportees Club;Elvis Costello;Goodbye Cruel World
Sour Milk Cow Blues;Elvis Costello;Goodbye Cruel World
The Only Flame In Town;Elvis Costello;Goodbye Cruel World
I Wanna Be Loved;Elvis Costello;Goodbye Cruel World
Room With No Number;Elvis Costello;Goodbye Cruel World
Peace In Our Time;Elvis Costello;Goodbye Cruel World
The Comedians;Elvis Costello;Goodbye Cruel World
Shadow;Big Blue Ball;Big Blue Ball
Habibe;Big Blue Ball;Big Blue Ball
Rivers;Big Blue Ball;Big Blue Ball
Everything Comes from You;Big Blue Ball;Big Blue Ball
Burn You Up, Burn You Down;Big Blue Ball;Big Blue Ball
Exit Through You;Big Blue Ball;Big Blue Ball
Whole Thing;Big Blue Ball;Big Blue Ball
Forest;Big Blue Ball;Big Blue Ball
Altus Silva;Big Blue Ball;Big Blue Ball
Big Blue Ball;Big Blue Ball;Big Blue Ball
Jijy;Big Blue Ball;Big Blue Ball
The Glasgow Barrowlands;Eddi Reader;The Tree and the Bird and the Fish and the Bell
Broke Away;Wet Wet Wet;The Tree and the Bird and the Fish and the Bell
Jamie Foyers (Live);Dick Gaughan;The Tree and the Bird and the Fish and the Bell
The River;John Martyn;The Tree and the Bird and the Fish and the Bell
Mother Glasgow;Hue and Cry;The Tree and the Bird and the Fish and the Bell
The Real McCoy (Live);The Silencers;The Tree and the Bird and the Fish and the Bell
Prospect Street;The Big Dish;The Tree and the Bird and the Fish and the Bell
Regret;The Blue Nile;The Tree and the Bird and the Fish and the Bell
Are You Ready To Be Heartbroken;Lloyd Cole & Commotions;The Tree and the Bird and the Fish and the Bell
Southside;Texas;The Tree and the Bird and the Fish and the Bell
Jocelyn Square;Love and Money;The Tree and the Bird and the Fish and the Bell
Christmas & Glasgow;Deacon Blue;The Tree and the Bird and the Fish and the Bell
Body and Soul (Album Version);Dexter Gordon;'Round Midnight - Original Motion Picture Soundtrack
Chan's Song (Never Said) (Album Version);Herbie Hancock;'Round Midnight - Original Motion Picture Soundtrack
Rhythm-A-Ning (Album Version);Cedar Walton;'Round Midnight - Original Motion Picture Soundtrack
How Long Has This Been Going On? (Album Version);Dexter Gordon;'Round Midnight - Original Motion Picture Soundtrack
The Peacocks (Album Version);Herbie Hancock;'Round Midnight - Original Motion Picture Soundtrack
'Round Midnight (Album Version);Bobby McFerrin;'Round Midnight - Original Motion Picture Soundtrack
Bérangère's Nightmare (Album Version);Herbie Hancock;'Round Midnight - Original Motion Picture Soundtrack
Still Time (Album Version);Herbie Hancock;'Round Midnight - Original Motion Picture Soundtrack
Fair Weather;Herbie Hancock;'Round Midnight - Original Motion Picture Soundtrack
Minuit Aux Champs-Elysées (Album Version);Bobby Hutcherson;'Round Midnight - Original Motion Picture Soundtrack
Una Noche con Francis (Album Version);Herbie Hancock;'Round Midnight - Original Motion Picture Soundtrack
'Round Midnight (Live Version);Dexter Gordon;'Round Midnight - Original Motion Picture Soundtrack
Suheylâ;Kudsi Erguner;Plus from Us
Lone Bear;Tony Levin;Plus from Us
Triennale;Brian Eno;Plus from Us
Oasis;Peter Hammill;Plus from Us
Obiero;Ayub Ogada;Plus from Us
Morecambe Bay;Alex Gifford;Plus from Us
Best Friend, Paranoia;William Orbit;Plus from Us
Pine Tree & on the Street;Dmitri Pokrovsky Ensemble;Plus from Us
Silence (Remix);Manu Katché;Plus from Us
Down by the River;David Rhodes;Plus from Us
Rose Rhythm;Doudou N'diaye Rose;Plus from Us
Baladi We Hetta;Hossam Ramzy;Plus from Us
Dreams;Shankar 'n' Caroline;Plus from Us
El Conquistador;Daniel Lanois;Plus from Us
She Walks This Earth;Sting;A Love Affair: The Music Of Ivan Lins
You Moved Me To This;Lisa Fischer;A Love Affair: The Music Of Ivan Lins
Answered Prayers;New York Voices;A Love Affair: The Music Of Ivan Lins
Camaleao;Grover Washington Jr.;A Love Affair: The Music Of Ivan Lins
Elis;Peter White;A Love Affair: The Music Of Ivan Lins
Sweet Presence;Dianne Reeves;A Love Affair: The Music Of Ivan Lins
Nocturne;Brenda Russell;A Love Affair: The Music Of Ivan Lins
Somos Todos Iquais Nesta Noite;Ivan Lins;A Love Affair: The Music Of Ivan Lins
I'm Not Alone;Freddy Cole;A Love Affair: The Music Of Ivan Lins
Love Dance;Vanessa Williams;A Love Affair: The Music Of Ivan Lins
So Crazy For This Love;Chaka Khan;A Love Affair: The Music Of Ivan Lins
Mother Of Violence;Brian Eno;And I'll Scratch Yours
Mercy Street;Elbow;And I'll Scratch Yours
Shock The Monkey;Joseph Arthur;And I'll Scratch Yours
Biko;Paul Simon;And I'll Scratch Yours
Solsbury Hill;Lou Reed;And I'll Scratch Yours
Don't Give Up;Feist;And I'll Scratch Yours
Big Time;Randy Newman;And I'll Scratch Yours
I Don't Remember;David Byrne;And I'll Scratch Yours
Blood Of Eden;Regina Spektor;And I'll Scratch Yours
Games Without Frontiers;Arcade Fire;And I'll Scratch Yours
Not One Of Us;Stephin Merritt;And I'll Scratch Yours
Come Talk To Me;Bon Iver;And I'll Scratch Yours
Taksim Arghul (Live at WOMAD 1982);Musicians of the Nile;Live at WOMAD 1982
Cotton-Eyed Joe (Live at WOMAD 1982);The Chieftains;Live at WOMAD 1982
A Ritual Mask (Live at WOMAD 1982);Peter Hammill;Live at WOMAD 1982
Kama K’iwacu (Live at WOMAD 1982);The Drummers Of Burundi;Live at WOMAD 1982
I Have the Touch (Live at WOMAD 1982);Peter Gabriel;Live at WOMAD 1982
Gamelan Gong Kebyar (Live at WOMAD 1982);Sasano Muylo;Live at WOMAD 1982
Tabla Iqae (Live at WOMAD 1982);Musicians of the Nile;Live at WOMAD 1982
Big Bag (Live at WOMAD 1982);Pigbag;Live at WOMAD 1982
Wayo In-law (Live at WOMAD 1982);The Ivory Coasters;Live at WOMAD 1982
Salsa de Hoy (Live at WOMAD 1982);Salsa de Hoy;Live at WOMAD 1982
Key Release (Live at WOMAD 1982);Mark Springer;Live at WOMAD 1982
Biko (Live at WOMAD 1982);Peter Gabriel;Live at WOMAD 1982
Gahu (Live at WOMAD 1982);Ekome;Live at WOMAD 1982
You’re My Kind of Climate (Live at WOMAD 1982);Rip Rig And Panic;Live at WOMAD 1982
Raindrops Pattering on Banana Leaves (Live at WOMAD 1982);Tian Jin Music and Dance Ensemble;Live at WOMAD 1982
Mirror in the Bathroom (Live at WOMAD 1982);The Beat;Live at WOMAD 1982
Selling Out;Slim Gaillard;Absolute Beginners
Have You Ever Had It Blue?;Style Council;Absolute Beginners
Va Va Voom;Gil Evans;Absolute Beginners
Riot City;Jerry Dammers;Absolute Beginners
That's Motivation;David Bowie;Absolute Beginners
Rodrigo Bay;Working Week;Absolute Beginners
Having It All;Eighth Wonder featuring Patsy Kensit;Absolute Beginners
Absolute Beginners;David Bowie;Absolute Beginners
Killer Blow;Sade;Absolute Beginners
Quiet Life;Ray Davies;Absolute Beginners
Absolute Beginners (refrain);Gil Evans;Absolute Beginners
Boogie Stop Shuffle (Rough and the Smooth);Gil Evans;Absolute Beginners
Napoli;Clive Langer;Absolute Beginners
Cool Napoli;Gil Evans;Absolute Beginners
Landlords and Tenants;Laurel Aitken;Absolute Beginners
Better Git It In Your Soul (The Hot and the Cool);Gil Evans;Absolute Beginners
Volare (Nel blu dipinito di blu);David Bowie;Absolute Beginners
Santa Lucia;Ekow Abban;Absolute Beginners
Absolute Beginners (slight refrain);Gil Evans;Absolute Beginners
Little Cat (You've Never Had It So Good);Jonas;Absolute Beginners
Ted Ain't Ded;Tenpole Tudor;Absolute Beginners
Hallelujah;Sarah McLachlan;Here It Is: A Tribute to Leonard Cohen
Here It Is;Peter Gabriel;Here It Is: A Tribute to Leonard Cohen
Steer Your Way;Norah Jones;Here It Is: A Tribute to Leonard Cohen
Avalanche;Immanuel Wilkins;Here It Is: A Tribute to Leonard Cohen
Coming Back To You;James Taylor;Here It Is: A Tribute to Leonard Cohen
Hey, That's No Way To Say Goodbye;Luciana Souza;Here It Is: A Tribute to Leonard Cohen
If It Be Your Will;Mavis Staples;Here It Is: A Tribute to Leonard Cohen
Bird On The Wire;Bill Frisell;Here It Is: A Tribute to Leonard Cohen
Famous Blue Raincoat;Nathaniel Rateliff;Here It Is: A Tribute to Leonard Cohen
Seems So Long Ago, Nancy;David Gray;Here It Is: A Tribute to Leonard Cohen
Suzanne;Gregory Porter;Here It Is: A Tribute to Leonard Cohen
You Want It Darker;Iggy Pop;Here It Is: A Tribute to Leonard Cohen
(I'll Love You) Till the End of the World;Cave Nick and the Bad Seeds;Until the End of the World
The Adversary;Crime and the City Solution;Until the End of the World
Move with Me;Cherry Neneh;Until the End of the World
Sleeping in the Devil's Bed;Lanois Daniel;Until the End of the World
Until the End of the World;U2;Until the End of the World
Fretless;R.E.M.;Until the End of the World
Last Night Sleep;Can;Until the End of the World
Summer Kisses, Winter Tears;Cruise Julee;Until the End of the World
Love Theme (solo David Darling);Revell Graeme;Until the End of the World
Death's Door;Depeche Mode;Until the End of the World
Claire's Theme (solo David Darling);Revell Graeme;Until the End of the World
What's Good;Reed Lou;Until the End of the World
Opening Titles (solo David Darling);Revell Graeme;Until the End of the World
Calling All Angels (with K. D. Lang);Siberry Jane;Until the End of the World
Days;Costello Elvis;Until the End of the World
Humans From Earth;Burnett T-Bone;Until the End of the World
Finale;Revell Graeme (solo David Darling);Until the End of the World
Sax and Violins;Talking Heads;Until the End of the World
It Takes Time;Smith Patti and Fred;Until the End of the World
Oh Heavenly Salvation;Mark Bingham;Lost In The Stars: The Music Of Kurt Weill
Johnny Johnson Medley: Overture/Johnny's Melody/Aggie's Sewing Machine;Van Dyke Parks;Lost In The Stars: The Music Of Kurt Weill
The Ballad Of Mac The Knife;Sting;Lost In The Stars: The Music Of Kurt Weill
Hurricane Introductions;Mark Bingham;Lost In The Stars: The Music Of Kurt Weill
Der Kleine Leutnant Des Lieben Gottes (The Little Lieutenant of the Loving God);John Zorn;Lost In The Stars: The Music Of Kurt Weill
Lost In The Stars;Carla Bley;Lost In The Stars: The Music Of Kurt Weill
Klops Lied (Meatball Song);Elliott Sharp;Lost In The Stars: The Music Of Kurt Weill
Call From The Grave/Ballad In Which MacHeath Begs All Men For Forgiveness;Todd Rundgren;Lost In The Stars: The Music Of Kurt Weill
The Ballad Of The Soldier's Wife;Marianne Faithfull;Lost In The Stars: The Music Of Kurt Weill
Speak Low;Charlie Haden;Lost In The Stars: The Music Of Kurt Weill
Surabaya Johnny;Dagmar Krause;Lost In The Stars: The Music Of Kurt Weill
What Keeps Mankind Alive?;Tom Waits;Lost In The Stars: The Music Of Kurt Weill
Intro From Mahagonny Songspiel;Steve Weisberg;Lost In The Stars: The Music Of Kurt Weill
The Cannon Song;The Fowler Brothers;Lost In The Stars: The Music Of Kurt Weill
In No Man's Land;Van Dyke Parks;Lost In The Stars: The Music Of Kurt Weill
The Great Hall;Henry Threadgill;Lost In The Stars: The Music Of Kurt Weill
Alabama Song;Ralph Schuckett;Lost In The Stars: The Music Of Kurt Weill
Youkali Tango;The Armadillo String Quartet;Lost In The Stars: The Music Of Kurt Weill
September Song;Lou Reed;Lost In The Stars: The Music Of Kurt Weill
Johnny's Speech;Van Dyke Parks;Lost In The Stars: The Music Of Kurt Weill
Caroline  (Live at Live Aid, Wembley Stadium, 13th July 1985);Status Quo;Live Aid 
Hide And Seek  (Live at Live Aid, Wembley Stadium, 13th July 1985);Howard Jones;Live Aid 
Every Time You Go Away  (Live at Live Aid, Wembley Stadium, 13th July 1985);Paul Young;Live Aid 
Don't Waste My Time  (Live at Live Aid, Wembley Stadium, 13th July 1985);Status Quo;Live Aid 
Only When You Leave  (Live at Live Aid, Wembley Stadium, 13th July 1985);Spandau Ballet;Live Aid 
Every Breath You Take  (Live at Live Aid, Wembley Stadium, 13th July 1985);Sting;Live Aid 
Sunday Bloody Sunday  (Live at Live Aid, Wembley Stadium, 13th July 1985);U2;Live Aid 
Is It a Crime?  (Live at Live Aid, Wembley Stadium, 13th July 1986);Sade;Live Aid 
You're The Best Thing  (Live at Live Aid, Wembley Stadium, 13th July 1983);The Style Council;Live Aid 
Wide Boy  (Live at Live Aid, Wembley Stadium, 13th July 1982);Nik Kershaw;Live Aid 
The Riddle  (Live at Live Aid, Wembley Stadium, 13th July 1984);Nik Kershaw;Live Aid 
Message in a Bottle  (Live at Live Aid, Wembley Stadium, 13th July 1985);Sting;Live Aid 
I Don't Like Mondays  (Live at Live Aid, Wembley Stadium, 13th July 1985);The Boomtown Rats;Live Aid 
One Small Day  (Live at Live Aid, Wembley Stadium, 13th July 1985);Ultravox;Live Aid 
Roxanne  (Live at Live Aid, Wembley Stadium, 13th July 1985);Sting;Live Aid 
Driven to Tears  (Live at Live Aid, Wembley Stadium, 13th July 1985);Sting;Live Aid 
Your Love Is King  (Live at Live Aid, Wembley Stadium, 13th July 1985);Sade;Live Aid 
Virgin  (Live at Live Aid, Wembley Stadium, 13th July 1985);Spandau Ballet;Live Aid 
Royal Fanfare  (Live at Live Aid, Wembley Stadium, 13th July 1985);Coldstream Guards;Live Aid 
Slave To Love  (Live at Live Aid, Wembley Stadium, 13th July 1985);Bryan Ferry;Live Aid 
True  (Live at Live Aid, Wembley Stadium, 13th July 1985);Spandau Ballet;Live Aid 
Reap the Wild Wind  (Live at Live Aid, Wembley Stadium, 13th July 1984);Ultravox;Live Aid 
Drag Me Down  (Live at Live Aid, Wembley Stadium, 13th July 1985);The Boomtown Rats;Live Aid 
All You Need Is Love  (Live at Live Aid, Wembley Stadium, 13th July 1985);Elvis Costello;Live Aid 
Do They Know It's Christmas? / Come Back And Stay  (Live at Live Aid, Wembley Stadium, 13th July 1985);Paul Young;Live Aid 
The Big Boss Groove  (Live at Live Aid, Wembley Stadium, 13th July 1984);The Style Council;Live Aid 
Against All Odds (Take a Look at Me Now)  (Live at Live Aid, Wembley Stadium, 13th July 1985);Phil Collins;Live Aid 
Don Quixote  (Live at Live Aid, Wembley Stadium, 13th July 1983);Nik Kershaw;Live Aid 
Vienna  (Live at Live Aid, Wembley Stadium, 13th July 1985);Ultravox;Live Aid 
Walls Come Tumbling Down  (Live at Live Aid, Wembley Stadium, 13th July 1985);The Style Council;Live Aid 
Jealous Guy  (Live at Live Aid, Wembley Stadium, 13th July 1985);Bryan Ferry;Live Aid 
Bad  (Live at Live Aid, Wembley Stadium, 13th July 1985);U2;Live Aid 
In the Air Tonight  (Live at Live Aid, Wembley Stadium, 13th July 1985);Phil Collins;Live Aid 
Summer Of '69  (Live at Live Aid, John F. Kennedy Stadium, 13th July 1985);Bryan Adams;Live Aid 
Internationalists  (Live at Live Aid, Wembley Stadium, 13th July 1985);The Style Council;Live Aid 
Vive Le Rock  (Live at Live Aid, Wembley Stadium, 13th July 1985);Adam Ant;Live Aid 
Dancing With Tears In My Eyes  (Live at Live Aid, Wembley Stadium, 13th July 1985);Ultravox;Live Aid 
That's The Way Love Is  (Live at Live Aid, Wembley Stadium, 13th July 1985);Paul Young;Live Aid 
Kids Wanna Rock  (Live at Live Aid, John F. Kennedy Stadium, 13th July 1985);Bryan Adams;Live Aid 
Wouldn't It Be Good  (Live at Live Aid, Wembley Stadium, 13th July 1985);Nik Kershaw;Live Aid 
Rockin' All Over the World  (Live at Live Aid, Wembley Stadium, 13th July 1985);Status Quo;Live Aid 
Rat Trap  (Live at Live Aid, Wembley Stadium, 13th July 1985);The Boomtown Rats;Live Aid 
Long Long Way to Go  (Live at Live Aid, Wembley Stadium, 13th July 1984);Sting;Live Aid 
Why Can't We Live Together  (Live at Live Aid, Wembley Stadium, 13th July 1984);Sade;Live Aid 
The Reflex  (Live at Live Aid, John F. Kennedy Stadium, 13th July 1985);Duran Duran;Live Aid 
Imagine  (Live at Live Aid, John F. Kennedy Stadium, 13th July 1985);Patti LaBelle;Live Aid 
Holiday  (Live at Live Aid, John F. Kennedy Stadium, 13th July 1985);Madonna;Live Aid 
Green Manalishi  (Live at Live Aid, John F. Kennedy Stadium, 13th July 1985);Judas Priest;Live Aid 
Is This The World We Created?  (Live at Live Aid, Wembley Stadium, 13th July 1985);Queen;Live Aid 
Just What I Needed  (Live at Live Aid, John F. Kennedy Stadium, 13th July 1985);The Cars;Live Aid 
Refugee  (Live at Live Aid, John F. Kennedy Stadium, 13th July 1985);Tom Petty & The Heartbreakers;Live Aid 
Can't Fight This Feeling  (Live at Live Aid, John F. Kennedy Stadium, 13th July 1985);REO Speedwagon;Live Aid 
Forever Young  (Live at Live Aid, John F. Kennedy Stadium, 13th July 1985);Patti LaBelle;Live Aid 
Living After Midnight  (Live at Live Aid, John F. Kennedy Stadium, 13th July 1985);Judas Priest;Live Aid 
White Room  (Live at Live Aid, John F. Kennedy Stadium, 13th July 1985);Eric Clapton;Live Aid 
Union Of The Snake  (Live at Live Aid, John F. Kennedy Stadium, 13th July 1985);Duran Duran;Live Aid 
Roll With The Changes  (Live at Live Aid, John F. Kennedy Stadium, 13th July 1985);REO Speedwagon;Live Aid 
Get Into The Groove  (Live at Live Aid, John F. Kennedy Stadium, 13th July 1985);Madonna;Live Aid 
Needle And The Damage Done  (Live at Live Aid, John F. Kennedy Stadium, 13th July 1985);Neil Young;Live Aid 
Layla  (Live at Live Aid, John F. Kennedy Stadium, 13th July 1985);Eric Clapton;Live Aid 
Teach Your Children  (Live at Live Aid, John F. Kennedy Stadium, 13th July 1985);Crosby, Stills & Nash;Live Aid 
American Girl  (Live at Live Aid, John F. Kennedy Stadium, 13th July 1985);Tom Petty & The Heartbreakers;Live Aid 
Save A Prayer  (Live at Live Aid, John F. Kennedy Stadium, 13th July 1985);Duran Duran;Live Aid 
She's Waiting  (Live at Live Aid, John F. Kennedy Stadium, 13th July 1985);Eric Clapton;Live Aid 
Heartbreak City  (Live at Live Aid, John F. Kennedy Stadium, 13th July 1985);The Cars;Live Aid 
Revolution  (Live at Live Aid, John F. Kennedy Stadium, 13th July 1985);Thompson Twins;Live Aid 
Nothing Is Perfect (In God's Plan)  (Live at Live Aid, John F. Kennedy Stadium, 13th July 1985);Neil Young;Live Aid 
Paranoid  (Live at Live Aid, John F. Kennedy Stadium, 13th July 1985);Black Sabbath;Live Aid 
Do They Know It's Christmas?  (Live at Live Aid, Wembley Stadium, 13th July 1985);Band Aid;Live Aid 
In The Air Tonight  (Live at Live Aid, John F. Kennedy Stadium, 13th July 1985);Phil Collins;Live Aid 
Let It Be  (Live at Live Aid, Wembley Stadium, 13th July 1985);Paul McCartney;Live Aid 
Can I Get A Witness  (Live at Live Aid, Wembley Stadium, 13th July 1985);Elton John;Live Aid 
TVC15  (Live at Live Aid, Wembley Stadium, 13th July 1985);David Bowie;Live Aid 
We Are The Champions  (Live at Live Aid, Wembley Stadium, 13th July 1985);Queen;Live Aid 
Ghost Dancing  (Live at Live Aid, John F. Kennedy Stadium, 13th July 1985);Simple Minds;Live Aid 
Rocket Man  (Live at Live Aid, Wembley Stadium, 13th July 1985);Elton John;Live Aid 
Hammer To Fall  (Live at Live Aid, Wembley Stadium, 13th July 1985);Queen;Live Aid 
Modern Love  (Live at Live Aid, Wembley Stadium, 13th July 1985);David Bowie;Live Aid 
(Don't You) Forget About Me  (Live at Live Aid, John F. Kennedy Stadium, 13th July 1985);Simple Minds;Live Aid 
Money For Nothing  (Live at Live Aid, Wembley Stadium, 13th July 1985);Dire Straits;Live Aid 
Don't Go Breaking My Heart  (Live at Live Aid, Wembley Stadium, 13th July 1985);Elton John;Live Aid 
Surfin' USA  (Live at Live Aid, John F. Kennedy Stadium, 13th July 1985);The Beach Boys;Live Aid 
Bennie And The Jets  (Live at Live Aid, Wembley Stadium, 13th July 1985);Elton John;Live Aid 
Crazy Little Thing Called Love  (Live at Live Aid, Wembley Stadium, 13th July 1985);Queen;Live Aid 
Amazing Grace  (Live at Live Aid, John F. Kennedy Stadium, 13th July 1985);Joan Baez;Live Aid 
Bohemian Rhapsody / Radio Gaga  (Live at Live Aid, Wembley Stadium, 13th July 1985);Queen;Live Aid 
Madison Blues  (Live at Live Aid, John F. Kennedy Stadium, 13th July 1985);George Thorogood & The Destroyers;Live Aid 
Footloose  (Live at Live Aid, John F. Kennedy Stadium, 13th July 1985);Kenny Loggins;Live Aid 
We Will Rock You  (Live at Live Aid, Wembley Stadium, 13th July 1985);Queen;Live Aid 
Won't Get Fooled Again  (Live at Live Aid, Wembley Stadium, 13th July 1985);The Who;Live Aid 
Stop Your Sobbing / Back on the Chain Gang / Middle Of The Road  (Live at Live Aid, John F. Kennedy Stadium, 13th July 1985);The Pretenders;Live Aid 
Good Vibrations  (Live at Live Aid, John F. Kennedy Stadium, 13th July 1985);The Beach Boys;Live Aid 
Wouldn't It Be Nice  (Live at Live Aid, John F. Kennedy Stadium, 13th July 1985);The Beach Boys;Live Aid 
Don't Let The Sun Go Down On Me  (Live at Live Aid, Wembley Stadium, 13th July 1985);Elton John;Live Aid 
Love Reigh O'er Me  (Live at Live Aid, Wembley Stadium, 13th July 1985);The Who;Live Aid 
I'm Still Standing  (Live at Live Aid, Wembley Stadium, 13th July 1985);Elton John;Live Aid 
Rebel Rebel  (Live at Live Aid, Wembley Stadium, 13th July 1985);David Bowie;Live Aid 
Heroes  (Live at Live Aid, Wembley Stadium, 13th July 1985);David Bowie;Live Aid 
Sultans Of Swing  (Live at Live Aid, Wembley Stadium, 13th July 1985);Dire Straits;Live Aid 
We Are The World  (Live at Live Aid, John F. Kennedy Stadium, 13th July 1985);U.S.A. for Africa;Live Aid 
Just Another Night  (Live at Live Aid, John F. Kennedy Stadium, 13th July 1985);Mick Jagger;Live Aid 
Get Ready ('Cos Here I Come) / Ain't Too Proud To Beg / My Girl  (Live at Live Aid, John F. Kennedy Stadium, 13th July 1985);Hall & Oates;Live Aid 
Blowing In The Wind  (Live at Live Aid, John F. Kennedy Stadium, 13th July 1985);Bob Dylan;Live Aid 
Maneater  (Live at Live Aid, John F. Kennedy Stadium, 13th July 1985);Hall & Oates;Live Aid 
What You Need / Don't Change  (Live at Oz for Africa, Sydney Sports and Entertainment Centre, 13th July 1985);INXS;Live Aid 
State Of Shock / It's Only Rock 'N' Roll  (Live at Live Aid, John F. Kennedy Stadium, 13th July 1985);Mick Jagger;Live Aid 
Miss You  (Live at Live Aid, John F. Kennedy Stadium, 13th July 1985);Mick Jagger;Live Aid 
King Of Rock  (Live at Live Aid, John F. Kennedy Stadium, 13th July 1985);RUN DMC;Live Aid 
A World Of Difference  (Live in London, 13th July 1985);Cliff Richard;Live Aid 
Reach Out And Touch  (Live at Live Aid, John F. Kennedy Stadium, 13th July 1985);Ashford & Simpson;Live Aid 
Why I Sing The Blues / Don't Answer The Door / Rock Me Baby  (Live from the North Sea Jazz Festival, The Hague, 13th July 1985);B.B. King;Live Aid 
Between A Man And A Woman  (2018 Remaster);Kate Bush;The Sensual World 
This Woman's Work  (2018 Remaster);Kate Bush;The Sensual World 
Reaching Out  (2018 Remaster);Kate Bush;The Sensual World 
Love And Anger  (2018 Remaster);Kate Bush;The Sensual World 
The Fog  (2018 Remaster);Kate Bush;The Sensual World 
Never Be Mine  (2018 Remaster);Kate Bush;The Sensual World 
The Sensual World  (2018 Remaster);Kate Bush;The Sensual World 
Heads We're Dancing  (2018 Remaster);Kate Bush;The Sensual World 
Rocket's Tail  (2018 Remaster);Kate Bush;The Sensual World 
Deeper Understanding  (2018 Remaster);Kate Bush;The Sensual World 
All We Ever Look For  (2018 Remaster);Kate Bush;Never for Ever 
Egypt  (2018 Remaster);Kate Bush;Never for Ever 
Breathing  (2018 Remaster);Kate Bush;Never for Ever 
Night Scented Stock  (2018 Remaster);Kate Bush;Never for Ever 
Babooshka  (2018 Remaster);Kate Bush;Never for Ever 
Delius  (2018 Remaster);Kate Bush;Never for Ever 
Army Dreamers  (2018 Remaster);Kate Bush;Never for Ever 
Blow Away  (2018 Remaster);Kate Bush;Never for Ever 
The Infant Kiss  (2018 Remaster);Kate Bush;Never for Ever 
Violin  (2018 Remaster);Kate Bush;Never for Ever 
The Wedding List  (2018 Remaster);Kate Bush;Never for Ever 
Hello Earth  (2018 Remaster);Kate Bush;Hounds of Love 
Mother Stands For Comfort  (2018 Remaster);Kate Bush;Hounds of Love 
Jig Of Life  (2018 Remaster);Kate Bush;Hounds of Love 
Cloudbusting  (2018 Remaster);Kate Bush;Hounds of Love 
Under Ice  (2018 Remaster);Kate Bush;Hounds of Love 
Running Up That Hill (A Deal With God)  (2018 Remaster);Kate Bush;Hounds of Love 
And Dream Of Sheep  (2018 Remaster);Kate Bush;Hounds of Love 
Watching You Without Me  (2018 Remaster);Kate Bush;Hounds of Love 
Hounds Of Love  (2018 Remaster);Kate Bush;Hounds of Love 
The Morning Fog  (2018 Remaster);Kate Bush;Hounds of Love 
Waking The Witch  (2018 Remaster);Kate Bush;Hounds of Love 
The Big Sky  (2018 Remaster);Kate Bush;Hounds of Love 
Hounds of Love;Kate Bush;Before the Dawn [Disk 1]
Running Up That Hill;Kate Bush;Before the Dawn [Disk 1]
Top of the City;Kate Bush;Before the Dawn [Disk 1]
King of the Mountain;Kate Bush;Before the Dawn [Disk 1]
Lily;Kate Bush;Before the Dawn [Disk 1]
Never Be Mine;Kate Bush;Before the Dawn [Disk 1]
Joanni;Kate Bush;Before the Dawn [Disk 1]
Nocturn;Kate Bush;Before the Dawn [Disk 3]
An Architect's Dream;Kate Bush;Before the Dawn [Disk 3]
Tawny Moon;Kate Bush;Before the Dawn [Disk 3]
The Painter's Link;Kate Bush;Before the Dawn [Disk 3]
Sunset;Kate Bush;Before the Dawn [Disk 3]
Aerial Tal;Kate Bush;Before the Dawn [Disk 3]
Prologue;Kate Bush;Before the Dawn [Disk 3]
Aerial;Kate Bush;Before the Dawn [Disk 3]
Somewhere in Between;Kate Bush;Before the Dawn [Disk 3]
Prelude;Kate Bush;Before the Dawn [Disk 3]
Cloudbusting;Kate Bush;Before the Dawn [Disk 3]
Among Angels;Kate Bush;Before the Dawn [Disk 3]
Jig of Life;Kate Bush;Before the Dawn [Disk 2]
Under Ice;Kate Bush;Before the Dawn [Disk 2]
And Dream of Sheep;Kate Bush;Before the Dawn [Disk 2]
Little Light;Kate Bush;Before the Dawn [Disk 2]
Watching Them Without Her;Kate Bush;Before the Dawn [Disk 2]
Waking the Witch;Kate Bush;Before the Dawn [Disk 2]
Astronomer's Call;Kate Bush;Before the Dawn [Disk 2]
The Morning Fog;Kate Bush;Before the Dawn [Disk 2]
Hello Earth;Kate Bush;Before the Dawn [Disk 2]
Watching You Without Me;Kate Bush;Before the Dawn [Disk 2]
Don't Push Your Foot on the Heartbrake  (2018 Remaster);Kate Bush;Lionheart 
Hammer Horror  (2018 Remaster);Kate Bush;Lionheart 
In Search of Peter Pan  (2018 Remaster);Kate Bush;Lionheart 
Wow  (2018 Remaster);Kate Bush;Lionheart 
Symphony in Blue  (2018 Remaster);Kate Bush;Lionheart 
Coffee Homeground  (2018 Remaster);Kate Bush;Lionheart 
In the Warm Room  (2018 Remaster);Kate Bush;Lionheart 
Oh England My Lionheart  (2018 Remaster);Kate Bush;Lionheart 
Kashka from Baghdad  (2018 Remaster);Kate Bush;Lionheart 
Full House  (2018 Remaster);Kate Bush;Lionheart 
50 Words For Snow  (2018 Remaster);Kate Bush;50 Words for Snow 
Wild Man  (2018 Remaster);Kate Bush;50 Words for Snow 
Lake Tahoe  (2018 Remaster);Kate Bush;50 Words for Snow 
Snowed In At Wheeler Street  (2018 Remaster);Kate Bush;50 Words for Snow 
Misty  (2018 Remaster);Kate Bush;50 Words for Snow 
Snowflake  (2018 Remaster);Kate Bush;50 Words for Snow 
Among Angels  (2018 Remaster);Kate Bush;50 Words for Snow 
Eat The Music  (2018 Remaster);Kate Bush;The Red Shoes 
The Song Of Solomon  (2018 Remaster);Kate Bush;The Red Shoes 
Why Should I Love You?  (2018 Remaster);Kate Bush;The Red Shoes 
Big Stripey Lie  (2018 Remaster);Kate Bush;The Red Shoes 
Rubberband Girl  (2018 Remaster);Kate Bush;The Red Shoes 
You're The One  (2018 Remaster);Kate Bush;The Red Shoes 
Top Of The City  (2018 Remaster);Kate Bush;The Red Shoes 
Lily  (2018 Remaster);Kate Bush;The Red Shoes 
Constellation Of The Heart  (2018 Remaster);Kate Bush;The Red Shoes 
The Red Shoes  (2018 Remaster);Kate Bush;The Red Shoes 
Moments Of Pleasure  (2018 Remaster);Kate Bush;The Red Shoes 
And So Is Love  (2018 Remaster);Kate Bush;The Red Shoes 
Sat In Your Lap  (2018 Remaster);Kate Bush;The Dreaming 
Suspended In Gaffa  (2018 Remaster);Kate Bush;The Dreaming 
All The Love  (2018 Remaster);Kate Bush;The Dreaming 
Night Of The Swallow  (2018 Remaster);Kate Bush;The Dreaming 
Leave It Open  (2018 Remaster);Kate Bush;The Dreaming 
The Dreaming  (2018 Remaster);Kate Bush;The Dreaming 
There Goes A Tenner  (2018 Remaster);Kate Bush;The Dreaming 
Pull Out The Pin  (2018 Remaster);Kate Bush;The Dreaming 
Get Out Of My House  (2018 Remaster);Kate Bush;The Dreaming 
Houdini  (2018 Remaster);Kate Bush;The Dreaming 
The Kick Inside  (2018 Remaster);Kate Bush;The Kick Inside 
Moving  (2018 Remaster);Kate Bush;The Kick Inside 
L'Amour Looks Something Like You  (2018 Remaster);Kate Bush;The Kick Inside 
Strange Phenomena  (2018 Remaster);Kate Bush;The Kick Inside 
Them Heavy People  (2018 Remaster);Kate Bush;The Kick Inside 
The Saxophone Song  (2018 Remaster);Kate Bush;The Kick Inside 
Feel It  (2018 Remaster);Kate Bush;The Kick Inside 
James and the Cold Gun  (2018 Remaster);Kate Bush;The Kick Inside 
Room for the Life  (2018 Remaster);Kate Bush;The Kick Inside 
The Man with the Child in His Eyes  (2018 Remaster);Kate Bush;The Kick Inside 
Oh to Be in Love  (2018 Remaster);Kate Bush;The Kick Inside 
Kite  (2018 Remaster);Kate Bush;The Kick Inside 
Wuthering Heights  (2018 Remaster);Kate Bush;The Kick Inside 
Rubberband Girl  (2018 Remaster);Kate Bush;Director's Cut 
Song Of Solomon  (2018 Remaster);Kate Bush;Director's Cut 
Top Of The City  (2018 Remaster);Kate Bush;Director's Cut 
Flower Of The Mountain  (2018 Remaster);Kate Bush;Director's Cut 
Lily  (2018 Remaster);Kate Bush;Director's Cut 
Moments Of Pleasure  (2018 Remaster);Kate Bush;Director's Cut 
Deeper Understanding  (2018 Remaster);Kate Bush;Director's Cut 
Never Be Mine  (2018 Remaster);Kate Bush;Director's Cut 
And So Is Love  (2018 Remaster);Kate Bush;Director's Cut 
The Red Shoes  (2018 Remaster);Kate Bush;Director's Cut 
This Woman's Work  (2018 Remaster);Kate Bush;Director's Cut 
How To Be Invisible  (2018 Remaster);Kate Bush;Aerial 
Mrs. Bartolozzi  (2018 Remaster);Kate Bush;Aerial 
Pi  (2018 Remaster);Kate Bush;Aerial 
Bertie  (2018 Remaster);Kate Bush;Aerial 
Joanni  (2018 Remaster);Kate Bush;Aerial 
King Of The Mountain  (2018 Remaster);Kate Bush;Aerial 
A Coral Room  (2018 Remaster);Kate Bush;Aerial 
Prologue  (2018 Remaster);Kate Bush;Aerial 
Somewhere In Between  (2018 Remaster);Kate Bush;Aerial 
Prelude  (2018 Remaster);Kate Bush;Aerial 
Sunset  (2018 Remaster);Kate Bush;Aerial 
Aerial  (2018 Remaster);Kate Bush;Aerial 
An Architect's Dream  (2018 Remaster);Kate Bush;Aerial 
Aerial Tal  (2018 Remaster);Kate Bush;Aerial 
The Painter's Link  (2018 Remaster);Kate Bush;Aerial 
Nocturn  (2018 Remaster);Kate Bush;Aerial 
Absolute (Version - 2022 Remaster);Scritti Politti;Cupid & Psyche 85
Lover To Fall (2022 Remaster);Scritti Politti;Cupid & Psyche 85
Absolute (2022 Remaster);Scritti Politti;Cupid & Psyche 85
Wood Beez (2022 Remaster);Scritti Politti;Cupid & Psyche 85
Wood Beez (Version - 2022 Remaster);Scritti Politti;Cupid & Psyche 85
Don't Work That Hard (2022 Remaster);Scritti Politti;Cupid & Psyche 85
Hypnotize (Version - 2022 Remaster);Scritti Politti;Cupid & Psyche 85
A Little Knowledge (2022 Remaster);Scritti Politti;Cupid & Psyche 85
Flesh and Blood (2022 Remaster);Scritti Politti;Cupid & Psyche 85
The Word Girl (2022 Remaster);Scritti Politti;Cupid & Psyche 85
Hypnotize (2022 Remaster);Scritti Politti;Cupid & Psyche 85
Perfect Way (2022 Remaster);Scritti Politti;Cupid & Psyche 85
Small Talk (2022 Remaster);Scritti Politti;Cupid & Psyche 85
Sex (2026 Remaster);Scritti Politti;Songs to Remember
The Sweetest Girl (2026 Remaster);Scritti Politti;Songs to Remember
Gettin' Havin' and Holdin' (2026 Remaster);Scritti Politti;Songs to Remember
Lions After Slumber (2026 Remaster);Scritti Politti;Songs to Remember
Asylums in Jerusalem (2026 Remaster);Scritti Politti;Songs to Remember
Jacques Derrida (2026 Remaster);Scritti Politti;Songs to Remember
A Slow Soul (2026 Remaster);Scritti Politti;Songs to Remember
Faithless (2026 Remaster);Scritti Politti;Songs to Remember
Rock-a-boy Blue (2026 Remaster);Scritti Politti;Songs to Remember
Bam Salute;Scritti Politti;Provision
All That We Are;Scritti Politti;Provision
Overnite;Scritti Politti;Provision
First Boy In This Town (Lovesick);Scritti Politti;Provision
Philosophy Now;Scritti Politti;Provision
Sugar And Spice;Scritti Politti;Provision
Boom! There She Was;Scritti Politti;Provision
Oh Patti (Don't Feel Sorry For Loverboy);Scritti Politti;Provision
Best Thing Ever;Scritti Politti;Provision
Certainly (Live Version);Erykah Badu;Live
On & On (Live Version);Erykah Badu;Live
Boogie Nights / All Night (Live Version);Erykah Badu;Live
Rimshot (Intro) (Live Version);Erykah Badu;Live
Next Lifetime (Interlude) (Live Version);Erykah Badu;Live
Stay (Live Version);Erykah Badu;Live
Next Lifetime (Live Version);Erykah Badu;Live
Ye Yo (Live Version);Erykah Badu;Live
Tyrone (Extended Version);Erykah Badu;Live
Tyrone (Live Version);Erykah Badu;Live
Other Side Of The Game (Live Version);Erykah Badu;Live
Searching (Live Version);Erykah Badu;Live
Reprise (Erykah Badu/ 601215310924) (Live Version);Erykah Badu;Live
Apple Tree (Live Version);Erykah Badu;Live
Time's A  Wastin (Album Version);Erykah Badu;Mama's Gun
Didn't Cha Know (Album Version);Erykah Badu;Mama's Gun
Green Eyes (Album Version);Erykah Badu;Mama's Gun
Penitentiary Philosophy (Album Version);Erykah Badu;Mama's Gun
Cleva (Album Version);Erykah Badu;Mama's Gun
...& On (Album Version);Erykah Badu;Mama's Gun
Booty (Album Version);Erykah Badu;Mama's Gun
Bag Lady (Album Version);Erykah Badu;Mama's Gun
A.D. 2000 (Album Version);Erykah Badu;Mama's Gun
In Love With You (Album Version);Erykah Badu;Mama's Gun
My Life (Album Version);Erykah Badu;Mama's Gun
Hey Sugah (Interlude- Album Version);Erykah Badu;Mama's Gun
Orange Moon (Album Version);Erykah Badu;Mama's Gun
Kiss Me On My Neck (Album Version);Erykah Badu;Mama's Gun
Bag Lady (Cheeba Sac Radio);Erykah Badu;Mama's Gun
Gone Baby, Don't Be Long (Album Version);Erykah Badu;New Amerykah Part Two: Return Of The Ankh
Fall In Love (Your Funeral) (Album Version);Erykah Badu;New Amerykah Part Two: Return Of The Ankh
20 Feet Tall (Album Version);Erykah Badu;New Amerykah Part Two: Return Of The Ankh
Umm Hmm (Album Version);Erykah Badu;New Amerykah Part Two: Return Of The Ankh
Love (Album Version);Erykah Badu;New Amerykah Part Two: Return Of The Ankh
Out My Mind, Just In Time (Album Version);Erykah Badu;New Amerykah Part Two: Return Of The Ankh
Agitation (Album Version);Erykah Badu;New Amerykah Part Two: Return Of The Ankh
You Loving Me (Session) (Album Version);Erykah Badu;New Amerykah Part Two: Return Of The Ankh
Window Seat;Erykah Badu;New Amerykah Part Two: Return Of The Ankh
Get MuNNY (Album Version);Erykah Badu;New Amerykah Part Two: Return Of The Ankh
Incense (Album Version);Erykah Badu;New Amerykah Part Two: Return Of The Ankh
Master Teacher Medley;Erykah Badu;New Amerykah Part One (4th World War)
That Hump;Erykah Badu;New Amerykah Part One (4th World War)
Amerykahn Promise;Erykah Badu;New Amerykah Part One (4th World War)
Twinkle;Erykah Badu;New Amerykah Part One (4th World War)
Honey;Erykah Badu;New Amerykah Part One (4th World War)
The Cell;Erykah Badu;New Amerykah Part One (4th World War)
The Healer;Erykah Badu;New Amerykah Part One (4th World War)
My People;Erykah Badu;New Amerykah Part One (4th World War)
Me;Erykah Badu;New Amerykah Part One (4th World War)
Telephone;Erykah Badu;New Amerykah Part One (4th World War)
Soldier;Erykah Badu;New Amerykah Part One (4th World War)
Certainly (Flipped It);Erykah Badu;Baduizm
Appletree (Album Version);Erykah Badu;Baduizm
Certainly (Album Version);Erykah Badu;Baduizm
Sometimes (Album Version);Erykah Badu;Baduizm
Sometimes (Mix #9);Erykah Badu;Baduizm
Afro (Freestyle Skit);Erykah Badu;Baduizm
On & On (Album Version);Erykah Badu;Baduizm
Next Lifetime (Album Version);Erykah Badu;Baduizm
No Love (Album Version);Erykah Badu;Baduizm
4 Leaf Clover (Album Version);Erykah Badu;Baduizm
Other Side Of The Game (Album Version);Erykah Badu;Baduizm
Rim Shot (Outro);Erykah Badu;Baduizm
Drama (Album Version);Erykah Badu;Baduizm
Rim Shot (Intro);Erykah Badu;Baduizm
Love Of My Life Worldwide (Album Version);Erykah Badu;Worldwide Underground
Think Twice (Album Version);Erykah Badu;Worldwide Underground
Outro  (World Keeps Turnin') (Album Version);Erykah Badu;Worldwide Underground
Danger (Album Version);Erykah Badu;Worldwide Underground
I Want You (Album Version);Erykah Badu;Worldwide Underground
Woo (Album Version);Erykah Badu;Worldwide Underground
Hollywood (Album Version);Erykah Badu;Worldwide Underground
Bump It (Album Version);Erykah Badu;Worldwide Underground
Love Of My Life (An Ode To Hip Hop) (Album Version Edit);Erykah Badu;Worldwide Underground
Back In The Day (Album Version);Erykah Badu;Worldwide Underground
The Grind (Album Version);Erykah Badu;Worldwide Underground
Intro (World Keeps Turnin') (Album Version);Erykah Badu;Worldwide Underground
Jangada  (2019 Remaster);Fossati Ivano;Il grande mare che avremmo traversato 
Da Recife a Fortaleza  (2019 Remaster);Fossati Ivano;Il grande mare che avremmo traversato 
Il grande mare che avremmo traversato (Pt. II)  (2019 Remaster);Fossati Ivano;Il grande mare che avremmo traversato 
Il pozzo e il pendolo  (2019 Remaster);Fossati Ivano;Il grande mare che avremmo traversato 
All'ultimo amico  (2019 Remaster);Fossati Ivano;Il grande mare che avremmo traversato 
Il grande mare che avremmo traversato (Pt. I)  (2019 Remaster);Fossati Ivano;Il grande mare che avremmo traversato 
La realtà e il resto  (2019 Remaster);Fossati Ivano;Il grande mare che avremmo traversato 
Riflessioni in un giorno di luce nera  (2019 Remaster);Fossati Ivano;Il grande mare che avremmo traversato 
Vento caldo  (2019 Remaster);Fossati Ivano;Il grande mare che avremmo traversato 
Canto nuovo  (2019 Remaster);Fossati Ivano;Il grande mare che avremmo traversato 
Reunion;Ivano Fossati;L'arcangelo
Baci e saluti;Ivano Fossati;L'arcangelo
Pianissimo;Ivano Fossati;L'arcangelo
Denny;Ivano Fossati;L'arcangelo
L'arcangelo;Ivano Fossati;L'arcangelo
Il battito;Ivano Fossati;L'arcangelo
L'amore fa;Ivano Fossati;L'arcangelo
Aspettare stanca;Ivano Fossati;L'arcangelo
Ho sognato una strada;Ivano Fossati;L'arcangelo
La cinese;Ivano Fossati;L'arcangelo
Cara democrazia;Ivano Fossati;L'arcangelo
La bottega di filosofia;Ivano Fossati;Lampo viaggiatore
Il bacio sulla bocca;Ivano Fossati;Lampo viaggiatore
C'è tempo;Ivano Fossati;Lampo viaggiatore
Lampo, sogno di un macchinista ferroviere;Ivano Fossati;Lampo viaggiatore
Cartolina;Ivano Fossati;Lampo viaggiatore
Contemporaneo;Ivano Fossati;Lampo viaggiatore
Pane e coraggio;Ivano Fossati;Lampo viaggiatore
La bellezza stravagante;Ivano Fossati;Lampo viaggiatore
Io Sono Un Uomo Libero;Ivano Fossati;Lampo viaggiatore
Ombre e luce, domenica al cinema;Ivano Fossati;Lampo viaggiatore
Traslocando;Ivano Fossati;Le città di frontiera
I Ragazzi Cattivi;Ivano Fossati;Le città di frontiera
La musica che gira intorno;Ivano Fossati;Le città di frontiera
Un milione di città;Ivano Fossati;Le città di frontiera
Milano;Ivano Fossati;Le città di frontiera
Tico Palabra;Ivano Fossati;Le città di frontiera
Cow boys;Ivano Fossati;Le città di frontiera
Ma che sarà questa canzone;Ivano Fossati;Le città di frontiera
Quante estati, quanti inverni;Ivano Fossati;Le città di frontiera
Amore degli occhi;Ivano Fossati;Le città di frontiera
Piumetta;Ivano Fossati;Discanto
Lunario di settembre;Ivano Fossati;Discanto
Unica rosa;Ivano Fossati;Discanto
Albertina;Ivano Fossati;Discanto
Discanto;Ivano Fossati;Discanto
Italiani d'Argentina;Ivano Fossati;Discanto
Passalento;Ivano Fossati;Discanto
Lusitania;Ivano Fossati;Discanto
Confessione di Alonso Chisciano;Ivano Fossati;Discanto
Boogie;Fossati Ivano;Ventilazione
Ventilazione;Fossati Ivano;Ventilazione
Le Grandi Destinazioni;Fossati Ivano;Ventilazione
Viaggiatori d'occidente;Fossati Ivano;Ventilazione
Introduzione;Fossati Ivano;Ventilazione
Buona notte dolce notte;Fossati Ivano;Ventilazione
La locomotiva (The Rail Song);Fossati Ivano;Ventilazione
Il pilota;Fossati Ivano;Ventilazione
Parlare con gli occhi;Fossati Ivano;Ventilazione
Fuga da sud-est;Fossati Ivano;Ventilazione
La signora cantava il blues;Fossati Ivano;Panama e Dintorni
J'Adore Venise;Fossati Ivano;Panama e Dintorni
La costruzione di un amore;Fossati Ivano;Panama e Dintorni
Boxe;Fossati Ivano;Panama e Dintorni
Questa Guerra Come Và;Fossati Ivano;Panama e Dintorni
Se ti dicessi che ti amo;Fossati Ivano;Panama e Dintorni
Stazione;Fossati Ivano;Panama e Dintorni
Panama;Fossati Ivano;Panama e Dintorni
Il Rimedio;Fossati Ivano;Musica Moderna
Il Paese Dei Testimoni;Fossati Ivano;Musica Moderna
L'Amore Trasparente (Album Version);Fossati Ivano;Musica Moderna
La Guerra Dell'Acqua;Fossati Ivano;Musica Moderna
Miss America;Fossati Ivano;Musica Moderna
Last Minute;Fossati Ivano;Musica Moderna
Illusione;Dario Deidda;Musica Moderna
D'Amore Non Parliamo Più;Riccardo Tesi;Musica Moderna
Parole Che Si Dicono;Fossati Ivano;Musica Moderna
Musica Moderna;Fossati Ivano;Musica Moderna
Cantare A Memoria;Fossati Ivano;Musica Moderna
La scala dei santi (Album Version);Ivano Fossati;Macramè
L'amante;Ivano Fossati;Macramè
Labile;Ivano Fossati;Macramè
Stella benigna (la ragazza senza onore) (Album Version);Ivano Fossati;Macramè
Il canto dei mestieri (Album Version);Ivano Fossati;Macramè
Bella speranza (ti telefono da una guerra) (Album Version);Ivano Fossati;Macramè
L'orologio americano (Album Version);Ivano Fossati;Macramè
Speakering (Album Version);Ivano Fossati;Macramè
L'angelo e la pazienza;Ivano Fossati;Macramè
La vita segreta (Album Version);Ivano Fossati;Macramè
L'abito della sposa (Album Version);Ivano Fossati;Macramè
Milos;Fossati Ivano;Not One Word
A Due Voci Per Orchestra;Fossati Ivano;Not One Word
Besame mucho;Fossati Ivano;Not One Word
Not One Word;Fossati Ivano;Not One Word
Lampi;Fossati Ivano;Not One Word
Bells;Fossati Ivano;Not One Word
Roobenia;Fossati Ivano;Not One Word
Le Mot Imaginaire;Fossati Ivano;Not One Word
Brazzhelia;Fossati Ivano;Not One Word
Raining At My Door;Fossati Ivano;Not One Word
Theme For Duet;Fossati Ivano;Not One Word
Tango Disorientato;Fossati Ivano;Not One Word
The Wolves' House;Fossati Ivano;Not One Word
Theme for trio;Fossati Ivano;Not One Word
Lindbergh;Fossati Ivano;Lindbergh
La canzone popolare;Fossati Ivano;Lindbergh
Sigonella;Fossati Ivano;Lindbergh
Mio fratello che guardi il mondo;Fossati Ivano;Lindbergh
Poca voglia di fare il soldato;Fossati Ivano;Lindbergh
Notturno delle tre;Fossati Ivano;Lindbergh
La Barca Di Legno Di Rosa (Un Gran Mare Di Gente);Fossati Ivano;Lindbergh
La madonna nera;Fossati Ivano;Lindbergh
Il Disertore;Fossati Ivano;Lindbergh
Ci Sara' (Vita Controvento);Fossati Ivano;Lindbergh
Angelus;Fossati Ivano;La Disciplina della Terra
Iubilaeum bolero;Fossati Ivano;La Disciplina della Terra
Treno di ferro;Fossati Ivano;La Disciplina della Terra
Son tre mesi che non piove;Fossati Ivano;La Disciplina della Terra
Finale;Fossati Ivano;La Disciplina della Terra
La rondine;Fossati Ivano;La Disciplina della Terra
La mia giovinezza;Fossati Ivano;La Disciplina della Terra
Dancing sopra il mare;Fossati Ivano;La Disciplina della Terra
La disciplina della terra;Fossati Ivano;La Disciplina della Terra
Invisibile;Fossati Ivano;La Disciplina della Terra
Il motore del sentimento umano;Fossati Ivano;La Disciplina della Terra
Non è facile danzare;Fossati Ivano;700 Giorni
La Casa;Fossati Ivano;700 Giorni
Il passaggio dei partigiani;Fossati Ivano;700 Giorni
Gli amanti d'Irlanda;Fossati Ivano;700 Giorni
Buontempo;Fossati Ivano;700 Giorni
Dieci soldati;Fossati Ivano;700 Giorni
Giramore;Fossati Ivano;700 Giorni
Una notte in Italia;Fossati Ivano;700 Giorni
Quello Che Manca Al Mondo;Fossati Ivano;Decadancing
Settembre;Fossati Ivano;Decadancing
La Decadenza;Fossati Ivano;Decadancing
Tutto Questo Futuro;Fossati Ivano;Decadancing
La Normalità;Fossati Ivano;Decadancing
La Sconosciuta;Fossati Ivano;Decadancing
Se Non Oggi;Fossati Ivano;Decadancing
Nella Terra Del Vento;Edoardo De Angelis;Decadancing
Laura E L'avvenire;Fossati Ivano;Decadancing
Un Natale Borghese;Fossati Ivano;Decadancing
Lindbergh (Live Vol.2 Version);Ivano Fossati;Dal Vivo Volume 2 - Carte da decifrare
La Casa (Live Vol.2 Version);Ivano Fossati;Dal Vivo Volume 2 - Carte da decifrare
Carte Da Decifrare (Live Vol.2 Version);Ivano Fossati;Dal Vivo Volume 2 - Carte da decifrare
J'Adore Venise (Live Vol.2 Version);Ivano Fossati;Dal Vivo Volume 2 - Carte da decifrare
L'uomo coi capelli da ragazzo (Live Vol.2 Version);Ivano Fossati;Dal Vivo Volume 2 - Carte da decifrare
Discanto (Live Vol.2 Version);Ivano Fossati;Dal Vivo Volume 2 - Carte da decifrare
La Costruzione Di Un Amore (Live Vol.2 Version);Ivano Fossati;Dal Vivo Volume 2 - Carte da decifrare
La canzone popolare (Live Vol.2 Version);Ivano Fossati;Dal Vivo Volume 2 - Carte da decifrare
Italiani D'Argentina (Live Vol.2 Version);Ivano Fossati;Dal Vivo Volume 2 - Carte da decifrare
La musica che gira intorno (Live 'Vol.2 Version);Ivano Fossati;Dal Vivo Volume 2 - Carte da decifrare
E di nuovo cambio casa (Live Vol.2 Version);Ivano Fossati;Dal Vivo Volume 2 - Carte da decifrare
La volpe (Live Vol.2 Version);Ivano Fossati;Dal Vivo Volume 2 - Carte da decifrare
Panama (Live Vol. 1 Version);Ivano Fossati;Dal Vivo Volume 1 - Buontempo
Vola (Live Vol. 1 Version);Ivano Fossati;Dal Vivo Volume 1 - Buontempo
I Treni A Vapore (Live Vol. 1 Version);Ivano Fossati;Dal Vivo Volume 1 - Buontempo
Buontempo (Live Vol. 1 Version);Ivano Fossati;Dal Vivo Volume 1 - Buontempo
Naviganti (Live Vol. 1 Version);Ivano Fossati;Dal Vivo Volume 1 - Buontempo
Sonatina (Live Vol. 1 Version);Ivano Fossati;Dal Vivo Volume 1 - Buontempo
Questi posti davanti al mare (Live Vol. 1 Version);Ivano Fossati;Dal Vivo Volume 1 - Buontempo
La pianta tè (Live Vol. 1 Version);Ivano Fossati;Dal Vivo Volume 1 - Buontempo
Mio fratello che guardi il mondo (Live Vol. 1 Version);Ivano Fossati;Dal Vivo Volume 1 - Buontempo
Terra dove andare (Live Vol. 1 Version);Ivano Fossati;Dal Vivo Volume 1 - Buontempo
La pioggia di marzo (Live Vol. 1 Version);Ivano Fossati;Dal Vivo Volume 1 - Buontempo
Una notte in Italia (Live Vol. 1 Version);Ivano Fossati;Dal Vivo Volume 1 - Buontempo
Amore Degli Occhi (Live Vol. 1 Version);Ivano Fossati;Dal Vivo Volume 1 - Buontempo
La pianta del tè (parte seconda);Ivano Fossati;La pianta del tè
Le signore del ponte lance;Ivano Fossati;La pianta del tè
Chi guarda Genova;Ivano Fossati;La pianta del tè
La Costruzione Di Un Amore;Ivano Fossati;La pianta del tè
Caffe' Lontano;Ivano Fossati;La pianta del tè
L'uomo coi capelli da ragazzo;Ivano Fossati;La pianta del tè
La volpe;Ivano Fossati;La pianta del tè
Terra dove andare;Ivano Fossati;La pianta del tè
Questi posti davanti al mare;Ivano Fossati;La pianta del tè
La pianta tè;Ivano Fossati;La pianta del tè
Stasera Io Qui;Fossati Ivano;La Casa del Serpente
Matto;Fossati Ivano;La Casa del Serpente
La Vedette Non C'E';Fossati Ivano;La Casa del Serpente
Anna di primavera;Fossati Ivano;La Casa del Serpente
Non Ti Riconosco Più;Fossati Ivano;La Casa del Serpente
Manila 23;Fossati Ivano;La Casa del Serpente
Non può morire un'idea;Fossati Ivano;La Casa del Serpente
La casa del serpente;Fossati Ivano;La Casa del Serpente
I treni fantasma  (2019 Remaster);Fossati Ivano;Good-bye Indiana 
Storie per farmi amare  (2019 Remaster);Fossati Ivano;Good-bye Indiana 
Azteca  (2019 Remaster);Fossati Ivano;Good-bye Indiana 
Where Is Paradise  (2019 Remaster);Fossati Ivano;Good-bye Indiana 
Il grano e la luna  (2019 Remaster);Fossati Ivano;Good-bye Indiana 
Harvest Moon  (2019 Remaster);Fossati Ivano;Good-bye Indiana 
Good-bye Indiana  (2019 Remaster);Fossati Ivano;Good-bye Indiana 
Breathe (In the Air)  (Live from the Luck and Strange Concerts);David Gilmour;The Luck and Strange Concerts
A Great Day for Freedom  (Live from the Luck and Strange Concerts);David Gilmour;The Luck and Strange Concerts
Black Cat  (Live from the Luck and Strange Concerts);David Gilmour;The Luck and Strange Concerts
Sorrow  (Live from the Luck and Strange Concerts);David Gilmour;The Luck and Strange Concerts
Sings  (Live from the Luck and Strange Concerts);David Gilmour;The Luck and Strange Concerts
In Any Tongue  (Live from the Luck and Strange Concerts);David Gilmour;The Luck and Strange Concerts
The Piper's Call  (Live from the Luck and Strange Concerts);David Gilmour;The Luck and Strange Concerts
Luck and Strange  (Live from the Luck and Strange Concerts);David Gilmour;The Luck and Strange Concerts
Comfortably Numb  (Live from the Luck and Strange Concerts);David Gilmour;The Luck and Strange Concerts
Vita Brevis  (Live from the Luck and Strange Concerts);David Gilmour;The Luck and Strange Concerts
Time  (Live from the Luck and Strange Concerts);David Gilmour;The Luck and Strange Concerts
Fat Old Sun  (Live from the Luck and Strange Concerts);David Gilmour;The Luck and Strange Concerts
Dark and Velvet Nights  (Live from the Luck and Strange Concerts);David Gilmour;The Luck and Strange Concerts
Scattered  (Live from the Luck and Strange Concerts);David Gilmour;The Luck and Strange Concerts
Wish You Were Here  (Live from the Luck and Strange Concerts);David Gilmour;The Luck and Strange Concerts
Coming Back to Life  (Live from the Luck and Strange Concerts);David Gilmour;The Luck and Strange Concerts
The Great Gig in the Sky  (Live from the Luck and Strange Concerts);David Gilmour;The Luck and Strange Concerts
A Single Spark  (Live from the Luck and Strange Concerts);David Gilmour;The Luck and Strange Concerts
Marooned  (Live from the Luck and Strange Concerts);David Gilmour;The Luck and Strange Concerts
A Boat Lies Waiting  (Live from the Luck and Strange Concerts);David Gilmour;The Luck and Strange Concerts
Between Two Points  (Live from the Luck and Strange Concerts);David Gilmour;The Luck and Strange Concerts
High Hopes  (Live from the Luck and Strange Concerts);David Gilmour;The Luck and Strange Concerts
5 A.M.  (Live from the Luck and Strange Concerts);David Gilmour;The Luck and Strange Concerts
Scattered;David Gilmour;Luck and Strange
A Single Spark;David Gilmour;Luck and Strange
Dark and Velvet Nights;David Gilmour;Luck and Strange
Vita Brevis;David Gilmour;Luck and Strange
Luck and Strange;David Gilmour;Luck and Strange
Between Two Points;David Gilmour;Luck and Strange
Luck and Strange  (original Barn Jam);David Gilmour;Luck and Strange
The Piper's Call;David Gilmour;Luck and Strange
Sings;David Gilmour;Luck and Strange
Yes, I Have Ghosts;David Gilmour;Luck and Strange
Black Cat;David Gilmour;Luck and Strange
I'm Waiting For The Man;The Velvet Underground;The Velvet Underground & Nico - 45th Anniversary
I'll Be Your Mirror;The Velvet Underground;The Velvet Underground & Nico - 45th Anniversary
All Tomorrow's Parties;The Velvet Underground;The Velvet Underground & Nico - 45th Anniversary
The Black Angel's Death Song;The Velvet Underground;The Velvet Underground & Nico - 45th Anniversary
Venus In Furs;The Velvet Underground;The Velvet Underground & Nico - 45th Anniversary
There She Goes Again;The Velvet Underground;The Velvet Underground & Nico - 45th Anniversary
Femme Fatale;The Velvet Underground;The Velvet Underground & Nico - 45th Anniversary
Sunday Morning;The Velvet Underground;The Velvet Underground & Nico - 45th Anniversary
Run Run Run;The Velvet Underground;The Velvet Underground & Nico - 45th Anniversary
European Son;The Velvet Underground;The Velvet Underground & Nico - 45th Anniversary
Heroin;The Velvet Underground;The Velvet Underground & Nico - 45th Anniversary
Cool It Down  (2015 Remaster);The Velvet Underground;Loaded 
"Rock & Roll   (Full Length Version; 2015 Remaster)";The Velvet Underground;Loaded 
"Ride into the Sun   (Session Outtake; 2015 Remaster)";The Velvet Underground;Loaded 
"New Age   (Full Length Version; 2015 Remaster)";The Velvet Underground;Loaded 
Head Held High  (2015 Remaster);The Velvet Underground;Loaded 
I Found a Reason  (2015 Remaster);The Velvet Underground;Loaded 
"I Love You   (Session Outtake; 2015 Remaster)";The Velvet Underground;Loaded 
Oh! Sweet Nuthin'  (2015 Remaster);The Velvet Underground;Loaded 
Lonesome Cowboy Bill  (2015 Remaster);The Velvet Underground;Loaded 
"Ocean   (Session Outtake; 2015 Remaster)";The Velvet Underground;Loaded 
Train Round the Bend  (2015 Remaster);The Velvet Underground;Loaded 
"I'm Sticking With You   (Session Outtake; 2015 Remaster)";The Velvet Underground;Loaded 
"Sweet Jane   (Full Length Version; 2015 Remaster)";The Velvet Underground;Loaded 
Who Loves the Sun  (2015 Remaster);The Velvet Underground;Loaded 
Telegraphed Mistakes;David Sylvian;Wandermüde
Dark Pastoral;David Sylvian;Wandermüde
Velvet Revolution;David Sylvian;Wandermüde
The Farther Away I Am (Minus 30 Degrees);David Sylvian;Wandermüde
Saffron Laudanum;David Sylvian;Wandermüde
Deceleration;David Sylvian;Wandermüde
Trauma Ward;David Sylvian;Wandermüde
Girl (Live);Joe Jackson;State Theater New Jersey 2005 
Tiny Demons (Live);Todd Rundgren;State Theater New Jersey 2005 
Take It Like a Man (Live);Joe Jackson;State Theater New Jersey 2005 
Be My Number Two (Live);Joe Jackson;State Theater New Jersey 2005 
Alap (Live);Ethel;State Theater New Jersey 2005 
Hello, It's Me (Live);Todd Rundgren;State Theater New Jersey 2005 
The Other Me (Live);Joe Jackson;State Theater New Jersey 2005 
Love of the Common Man (Live);Todd Rundgren;State Theater New Jersey 2005 
Hometown (Live);Joe Jackson;State Theater New Jersey 2005 
Citizen Sane (Live);Joe Jackson;State Theater New Jersey 2005 
While My Guitar Gently Weeps (Live);Todd Rundgren;State Theater New Jersey 2005 
Love at First Light (Live);Joe Jackson;State Theater New Jersey 2005 
The Wheel (Live);Todd Rundgren;State Theater New Jersey 2005 
I Don't Want to Tie You Down (Live);Todd Rundgren;State Theater New Jersey 2005 
Sweet Hardwood: Shuffle (Live);Ethel;State Theater New Jersey 2005 
Free, Male and 21 (Live);Todd Rundgren;State Theater New Jersey 2005 
The Obvious Song (Live);Joe Jackson;State Theater New Jersey 2005 
Different for Girls (Live);Joe Jackson;State Theater New Jersey 2005 
Afterlife (Live);Todd Rundgren;State Theater New Jersey 2005 
Black and White (Live);Todd Rundgren;State Theater New Jersey 2005 
Steppin' Out (Live);Joe Jackson;State Theater New Jersey 2005 
Bang the Drum All Day (Live);Todd Rundgren;State Theater New Jersey 2005 
Is She Really Going out with Him (Live);Joe Jackson;State Theater New Jersey 2005 
Pretending to Care (Live);Todd Rundgren;State Theater New Jersey 2005 
Awkward Age (Live);Joe Jackson;State Theater New Jersey 2005 
Sweet Hardwood: Spiritual (Live);Ethel;State Theater New Jersey 2005 
Black Maria (Live);Todd Rundgren;State Theater New Jersey 2005 
Pelimanni’s Revenge (Live);Ethel;State Theater New Jersey 2005 
Compassion (Live);Todd Rundgren;State Theater New Jersey 2005 
Nepomuk’s Dances: Memory (Live);Ethel;State Theater New Jersey 2005 
Lysistrata (Live);Todd Rundgren;State Theater New Jersey 2005 
Leonard Cohen;OndaRock;Rock In Onda
Lucio Dalla;OndaRock;Rock In Onda
R.E.M.;OndaRock;Rock In Onda
Steely Dan;OndaRock;Rock In Onda
Jeff Lynne;OndaRock;Rock In Onda
China Crisis;OndaRock;Rock In Onda
Pietre miliari: Steely Dan - Deacon Blue;OndaRock;Rock In Onda
Fabrizio De André;OndaRock;Rock In Onda
Live Aid;OndaRock;Rock In Onda
Suzanne Vega;OndaRock;Rock In Onda
Paul Weller;OndaRock;Rock In Onda
Flavio Giurato - Le gocce di sudore più duro, a 40 anni da Il Tuffatore;OndaRock;Blah Blah Blah
La buona notte in musica - L'epopea di RaiStereoNotte (con G. Vigorito ed E. Sisti);OndaRock;Blah Blah Blah
Elogio del ritmo - Il groove infinito di Jeff Porcaro;OndaRock;Blah Blah Blah
Evaporated (Album Version);Ben Folds Five;Whatever And Ever Amen 
Song for the Dumped (Album Version);Ben Folds Five;Whatever And Ever Amen 
Steven's Last Night in Town (Album Version);Ben Folds Five;Whatever And Ever Amen 
Cigarette (Album Version);Ben Folds Five;Whatever And Ever Amen 
Air (Album Version);Ben Folds Five;Whatever And Ever Amen 
Fair (Album Version);Ben Folds Five;Whatever And Ever Amen 
Song For The Dumped (Japanese Version);Ben Folds Five;Whatever And Ever Amen 
Video Killed the Radio Star (Album Version);Ben Folds Five;Whatever And Ever Amen 
Mitchell Lane (Album Version);Ben Folds Five;Whatever And Ever Amen 
Smoke (Album Version);Ben Folds Five;Whatever And Ever Amen 
For All The Pretty People (Album Version);Ben Folds Five;Whatever And Ever Amen 
Theme From Dr. Pyser (Brendan O'Brien Studio Version);Ben Folds Five;Whatever And Ever Amen 
Battle of Who Could Care Less (Album Version);Ben Folds Five;Whatever And Ever Amen 
Kate (Album Version);Ben Folds Five;Whatever And Ever Amen 
Brick (Album Version);Ben Folds Five;Whatever And Ever Amen 
She Don't Use Jelly (Lounge-A-Palooza Version);Ben Folds Five;Whatever And Ever Amen 
Missing the War (Live at Sony Music Studios, New York, NY - June 1997) (Album Version);Ben Folds Five;Whatever And Ever Amen 
Selfless, Cold and Composed (Album Version);Ben Folds Five;Whatever And Ever Amen 
One Angry Dwarf and 200 Solemn Faces (Album Version);Ben Folds Five;Whatever And Ever Amen 
Biology;Joe Jackson;Beat Crazy
Fit;Joe Jackson;Beat Crazy
One To One;Joe Jackson;Beat Crazy
Mad At You (Album Version);Joe Jackson;Beat Crazy
Someone Up There;Joe Jackson;Beat Crazy
Pretty Boys;Joe Jackson;Beat Crazy
Battleground;Joe Jackson;Beat Crazy
Beat Crazy (Album Version);Joe Jackson;Beat Crazy
Crime Don't Pay;Joe Jackson;Beat Crazy
The Evil Eye;Joe Jackson;Beat Crazy
In Every Dream Home (A Nightmare);Joe Jackson;Beat Crazy
Thugz 'r' Us;Joe Jackson Band;Volume 4
Dirty Martini;Joe Jackson Band;Volume 4
Take It Like a Man;Joe Jackson Band;Volume 4
Blue Flame;Joe Jackson Band;Volume 4
Bright Grey;Joe Jackson Band;Volume 4
Fairy Dust;Joe Jackson Band;Volume 4
Chrome;Joe Jackson Band;Volume 4
Awkward Age;Joe Jackson Band;Volume 4
Still Alive;Joe Jackson Band;Volume 4
Love at First Light;Joe Jackson Band;Volume 4
Little Bit Stupid;Joe Jackson Band;Volume 4
Got the Time (Album Version);Joe Jackson Band;Afterlife [live]
Awkward Age (Album Version);Joe Jackson Band;Afterlife [live]
Fools in Love (Album Version);Joe Jackson Band;Afterlife [live]
Don't Wanna Be Like That (Album Version);Joe Jackson Band;Afterlife [live]
Steppin' Out (Album Version);Joe Jackson Band;Afterlife [live]
One More Time (Album Version);Joe Jackson Band;Afterlife [live]
Look Sharp! (Album Version);Joe Jackson Band;Afterlife [live]
Love at First Light (Album Version);Joe Jackson Band;Afterlife [live]
Beat Crazy (Album Version);Joe Jackson Band;Afterlife [live]
Take It Like a Man (Album Version);Joe Jackson Band;Afterlife [live]
Sunday Papers (Album Version);Joe Jackson Band;Afterlife [live]
Fairy Dust (Album Version);Joe Jackson Band;Afterlife [live]
Down to London (Album Version);Joe Jackson Band;Afterlife [live]
Non Ridere;Paolo Conte;Elegia
Il Regno Del Tango;Paolo Conte;Elegia
Bamboolah;Paolo Conte;Elegia
India;Paolo Conte;Elegia
Elegia;Paolo Conte;Elegia
La Vecchia Giacca Nuova;Paolo Conte;Elegia
Molto Lontano;Paolo Conte;Elegia
La Casa Cinese;Paolo Conte;Elegia
La Nostalgia Del Mocambo;Paolo Conte;Elegia
Sonno Elefante;Paolo Conte;Elegia
Frisco;Paolo Conte;Elegia
Chissà;Paolo Conte;Elegia
Sandwich Man;Paolo Conte;Elegia
Donna dal profumo di caffè;Paolo Conte;Snob
Tropical;Paolo Conte;Snob
Fandango;Paolo Conte;Snob
Snob;Paolo Conte;Snob
Signorina saponetta;Paolo Conte;Snob
Gente (Csidn);Paolo Conte;Snob
Ballerina;Paolo Conte;Snob
Tutti a casa;Paolo Conte;Snob
Maracas;Paolo Conte;Snob
Manuale di conversazione;Paolo Conte;Snob
Glamour;Paolo Conte;Snob
Argentina;Paolo Conte;Snob
Incontro;Paolo Conte;Snob
Si sposa l'Africa;Paolo Conte;Snob
L'uomo specchio;Paolo Conte;Snob
Diavolo Rosso;Paolo Conte;Appunti di viaggio
Hemingway;Paolo Conte;Appunti di viaggio
Lo zio;Paolo Conte;Appunti di viaggio
Dancing;Paolo Conte;Appunti di viaggio
Fuga All'Inglese;Paolo Conte;Appunti di viaggio
Gioco d'azzardo;Paolo Conte;Appunti di viaggio
Nord;Paolo Conte;Appunti di viaggio
La Frase;Paolo Conte;Appunti di viaggio
Zama;Paolo Conte;Amazing Game - Instrumental Music
Fuga Nell'Amazzonia In Re Minore;Paolo Conte;Amazing Game - Instrumental Music
Serenata Rustica;Paolo Conte;Amazing Game - Instrumental Music
Rumbomania;Paolo Conte;Amazing Game - Instrumental Music
Sharon;Paolo Conte;Amazing Game - Instrumental Music
Zinia;Paolo Conte;Amazing Game - Instrumental Music
Mannequins Tango;Paolo Conte;Amazing Game - Instrumental Music
La Danse;Paolo Conte;Amazing Game - Instrumental Music
À la provençale;Paolo Conte;Amazing Game - Instrumental Music
The Bridge;Paolo Conte;Amazing Game - Instrumental Music
Novelty Step;Paolo Conte;Amazing Game - Instrumental Music
F.F.F.F. (For Four Free Friends);Paolo Conte;Amazing Game - Instrumental Music
La Valse Fauve;Paolo Conte;Amazing Game - Instrumental Music
Changes All In Your Arms;Paolo Conte;Amazing Game - Instrumental Music
Song In D Flat;Paolo Conte;Amazing Game - Instrumental Music
Sirat Al Bunduqiyyah;Paolo Conte;Amazing Game - Instrumental Music
P.U.B.S.A.G. (Passa Una Bionda Sugli Anni Grigi);Paolo Conte;Amazing Game - Instrumental Music
Tips;Paolo Conte;Amazing Game - Instrumental Music
Amazing Game;Paolo Conte;Amazing Game - Instrumental Music
Largo Sonata Per O.R.;Paolo Conte;Amazing Game - Instrumental Music
En Bleu Marine;Paolo Conte;Amazing Game - Instrumental Music
Pomeriggio Zenzero;Paolo Conte;Amazing Game - Instrumental Music
Gli Amici Manichini;Paolo Conte;Amazing Game - Instrumental Music
Recitando;Paolo Conte;Aguaplano
Jimmy, ballando;Paolo Conte;Aguaplano
Nessuno mi ama;Paolo Conte;Aguaplano
Aguaplano;Paolo Conte;Aguaplano
Anni;Paolo Conte;Aguaplano
Gratis;Paolo Conte;Aguaplano
Ratafia;Paolo Conte;Aguaplano
Max;Paolo Conte;Aguaplano
Troppo difficile;Paolo Conte;Aguaplano
Blu notte;Paolo Conte;Aguaplano
Non sense;Paolo Conte;Aguaplano
Spassiunatamente;Paolo Conte;Aguaplano
Dopo le sei;Paolo Conte;Aguaplano
Languida;Paolo Conte;Aguaplano
Amada mia;Paolo Conte;Aguaplano
Paso doble;Paolo Conte;Aguaplano
Baci senza memoria;Paolo Conte;Aguaplano
La negra;Paolo Conte;Aguaplano
Midnight's Knock Out;Paolo Conte;Aguaplano
Hesitation;Paolo Conte;Aguaplano
Les tam-tam du paradis;Paolo Conte;Aguaplano
Sotto Le Stelle Del Jazz (Live);Paolo Conte;Paolo Conte Alla Scala - il Maestro è nell'anima
La Frase (Live);Paolo Conte;Paolo Conte Alla Scala - il Maestro è nell'anima
Aguaplano (Live);Paolo Conte;Paolo Conte Alla Scala - il Maestro è nell'anima
Il Maestro (Live);Paolo Conte;Paolo Conte Alla Scala - il Maestro è nell'anima
Recitando (Live);Paolo Conte;Paolo Conte Alla Scala - il Maestro è nell'anima
Diavolo Rosso (Live);Paolo Conte;Paolo Conte Alla Scala - il Maestro è nell'anima
Come Di (Live);Paolo Conte;Paolo Conte Alla Scala - il Maestro è nell'anima
Via Con Me (Live);Paolo Conte;Paolo Conte Alla Scala - il Maestro è nell'anima
Le Chic Et Le Charme (Live);Paolo Conte;Paolo Conte Alla Scala - il Maestro è nell'anima
Via Con Me (Reprise) (Live);Paolo Conte;Paolo Conte Alla Scala - il Maestro è nell'anima
Gli Impermeabili (Live);Paolo Conte;Paolo Conte Alla Scala - il Maestro è nell'anima
Dal Loggione (Live);Paolo Conte;Paolo Conte Alla Scala - il Maestro è nell'anima
Gioco D'Azzardo (Live);Paolo Conte;Paolo Conte Alla Scala - il Maestro è nell'anima
Alle Prese Con Una Verde Milonga (Live);Paolo Conte;Paolo Conte Alla Scala - il Maestro è nell'anima
Max (Live);Paolo Conte;Paolo Conte Alla Scala - il Maestro è nell'anima
Ratafià (Live);Paolo Conte;Paolo Conte Alla Scala - il Maestro è nell'anima
Uomo Camion (Live);Paolo Conte;Paolo Conte Alla Scala - il Maestro è nell'anima
Dancing (Live);Paolo Conte;Paolo Conte Alla Scala - il Maestro è nell'anima
Madeleine (Live);Paolo Conte;Paolo Conte Alla Scala - il Maestro è nell'anima
Sotto le stelle del jazz;Paolo Conte;Paolo Conte
Simpati-simpatia;Paolo Conte;Paolo Conte
Come mi vuoi?;Paolo Conte;Paolo Conte
Sparring Partner;Paolo Conte;Paolo Conte
L'avance;Paolo Conte;Paolo Conte
Come di;Paolo Conte;Paolo Conte
The Music, All?;Paolo Conte;Paolo Conte
Gli impermeabili;Paolo Conte;Paolo Conte
Macaco;Paolo Conte;Paolo Conte
Chiunque;Paolo Conte;Paolo Conte
Un gelato al limon  (Live);Paolo Conte;Concerti 
Diavolo rosso  (Live);Paolo Conte;Concerti 
Azzurro  (Live);Paolo Conte;Concerti 
Via con me  (Live);Paolo Conte;Concerti 
La ricostruzione del Mocambo  (Live);Paolo Conte;Concerti 
Boogie  (Live);Paolo Conte;Concerti 
Come di  (Live);Paolo Conte;Concerti 
Il nostro amico Angiolino  (Live);Paolo Conte;Concerti 
Hemingway  (Live);Paolo Conte;Concerti 
Sotto le stelle del jazz  (Live);Paolo Conte;Concerti 
Lo zio  (Live);Paolo Conte;Concerti 
Onda su onda  (Live);Paolo Conte;Concerti 
La Topolino amaranto  (Live);Paolo Conte;Concerti 
Dal loggione  (Live);Paolo Conte;Concerti 
Parigi  (Live);Paolo Conte;Concerti 
Genova per noi  (Live);Paolo Conte;Concerti 
Alle prese con una verde milonga  (Live);Paolo Conte;Concerti 
Una giornata al mare  (Live);Paolo Conte;Concerti 
Sono qui con te sempre piu solo  (Live);Paolo Conte;Concerti 
La fisarmonica di Stradella  (Live);Paolo Conte;Concerti 
Bartali  (Live);Paolo Conte;Concerti 
Boogie;Paolo Conte;Paris Milonga
L'ultima donna;Paolo Conte;Paris Milonga
La Vera Musica;Paolo Conte;Paris Milonga
Via con me;Paolo Conte;Paris Milonga
Pretend Pretend Pretend;Paolo Conte;Paris Milonga
Madeleine;Paolo Conte;Paris Milonga
Blue Haways;Paolo Conte;Paris Milonga
Un'Altra Vita;Paolo Conte;Paris Milonga
Parigi;Paolo Conte;Paris Milonga
Alle prese con una verde milonga;Paolo Conte;Paris Milonga
Novelty Step;Paolo Conte;Paolo Conte Original
It's A Green Dream;Paolo Conte;Paolo Conte Original
Aigrette Et Sa Valse (Instrumental);Paolo Conte;Paolo Conte Original
The Black Queen;Paolo Conte;Paolo Conte Original
Zama;Paolo Conte;Paolo Conte Original
Pomeriggio Zenzero;Paolo Conte;Paolo Conte Original
Tips;Paolo Conte;Paolo Conte Original
Guaracha (Instrumental);Paolo Conte;Paolo Conte Original
Sirat Al Bunduqiyyah;Paolo Conte;Paolo Conte Original
Rumbomania;Paolo Conte;Paolo Conte Original
En Bleu Marine;Paolo Conte;Paolo Conte Original
Dal Loggione;Paolo Conte;Un gelato al limon 
Angiolino;Paolo Conte;Un gelato al limon 
Sud America;Paolo Conte;Un gelato al limon 
Arte;Paolo Conte;Un gelato al limon 
Bartali;Paolo Conte;Un gelato al limon 
La donna d'inverno;Paolo Conte;Un gelato al limon 
Rebus;Paolo Conte;Un gelato al limon 
Un Gelato Al Limon;Paolo Conte;Un gelato al limon 
Blue Tangos;Paolo Conte;Un gelato al limon 
Uomo Camion;Paolo Conte;Un gelato al limon 
Happy Feet;Paolo Conte;Parole d'amore scritte a macchina
Eden;Paolo Conte;Parole d'amore scritte a macchina
Lupi Spelacchiati;Paolo Conte;Parole d'amore scritte a macchina
Il Maestro;Paolo Conte;Parole d'amore scritte a macchina
Colleghi trascurati;Paolo Conte;Parole d'amore scritte a macchina
Ho Ballato Di Tutto;Paolo Conte;Parole d'amore scritte a macchina
La Canoa Di Mezzanotte;Paolo Conte;Parole d'amore scritte a macchina
Dragon;Paolo Conte;Parole d'amore scritte a macchina
Mister Jive;Paolo Conte;Parole d'amore scritte a macchina
Ma Si T'à vò Scurda;Paolo Conte;Parole d'amore scritte a macchina
Un Vecchio Errore;Paolo Conte;Parole d'amore scritte a macchina
Parole D'Amore Scritte A Macchina;Paolo Conte;Parole d'amore scritte a macchina
02. Rainy Night in Tokyo DSD 512fs - 2ch;Artista Sconosciuto;Album Sconosciuto
06. Timeline DSD 512fs - 2ch;Artista Sconosciuto;Album Sconosciuto
09. Cherry Tree Song DSD 512fs - 2ch;Artista Sconosciuto;Album Sconosciuto
01. Come Runnin’ DSD 512fs - 2ch;Artista Sconosciuto;Album Sconosciuto
04. I’m Not in Love DSD 512fs - 2ch;Artista Sconosciuto;Album Sconosciuto
03. Believin’ it DSD 512fs - 2ch;Artista Sconosciuto;Album Sconosciuto
08. You Dream Flat Tires DSD 512fs - 2ch;Artista Sconosciuto;Album Sconosciuto
10. The Great City DSD 512fs - 2ch;Artista Sconosciuto;Album Sconosciuto
05. Broken Wings DSD 512fs - 2ch;Artista Sconosciuto;Album Sconosciuto
07. A Little More Each Day DSD 512fs - 2ch;Artista Sconosciuto;Album Sconosciuto
Reach Out (Extended Version);George Duke;Guardian of the Light
The War Fugue Interlude;George Duke;Guardian of the Light
Soon;George Duke;Guardian of the Light
Overture;George Duke;Guardian of the Light
Fly Away;George Duke;Guardian of the Light
Celebrate;George Duke;Guardian of the Light
Celebrate (Instrumental);George Duke;Guardian of the Light
Stand;George Duke;Guardian of the Light
Shane;George Duke;Guardian of the Light
Light;George Duke;Guardian of the Light
Born to Love You;George Duke;Guardian of the Light
You (Are the Light);George Duke;Guardian of the Light
Give Me Your Love;George Duke;Guardian of the Light
Reach Out;George Duke;Guardian of the Light
Brazilian Love Affair;George Duke;Guardian of the Light
Silly Fightin';George Duke;Guardian of the Light
Deepest Space;Hue And Cry;Pocketful of Stones
Beautiful Construction;Hue And Cry;Pocketful of Stones
Edge of the World;Hue And Cry;Pocketful of Stones
Let Her Go;Hue And Cry;Pocketful of Stones
Nobody Died;Hue And Cry;Pocketful of Stones
Pocketful of Stones;Hue And Cry;Pocketful of Stones
Easy Street;Hue And Cry;Pocketful of Stones
When We're Not Strong;Hue And Cry;Pocketful of Stones
It Happened Here;Hue And Cry;Pocketful of Stones
Conversation;Hue And Cry;Pocketful of Stones
Surprised By Joy;Hue And Cry;Pocketful of Stones
The Way She Flies;Hue And Cry;Pocketful of Stones
I Wish I Was In Love Again;Hue And Cry;September Songs
You Make Me Feel So Young;Hue And Cry;September Songs
Sunday;Hue And Cry;September Songs
Little Green Apples;Hue And Cry;September Songs
Fly Me to the Moon;Hue And Cry;September Songs
Gentle On My Mind;Hue And Cry;September Songs
Lonesome Road;Hue And Cry;September Songs
Where Is the One?;Hue And Cry;September Songs
Let's Fall In Love;Hue And Cry;September Songs
September Song;Hue And Cry;September Songs
Darkness Falls;Hue And Cry;Hot Wire
If You Want Changes;Hue And Cry;Hot Wire
Summer Head/Daze;Hue And Cry;Hot Wire
Duty to the Debtor;Hue And Cry;Hot Wire
I Can Have It All;Hue And Cry;Hot Wire
Fail You Better;Hue And Cry;Hot Wire
Carlos Takes the Fall;Hue And Cry;Hot Wire
Irreversible Situation;Hue And Cry;Hot Wire
Little Man;Hue And Cry;Hot Wire
Hand and Heart;Hue And Cry;Hot Wire
Goodbye To Me;Hue & Cry;Seduced And Abandoned
Truth;Hue & Cry;Seduced And Abandoned
Human Touch;Hue & Cry;Seduced And Abandoned
Just One Word;Hue & Cry;Seduced And Abandoned
Love Is The Master;Hue & Cry;Seduced And Abandoned
I Refuse;Hue & Cry;Seduced And Abandoned
History City;Hue & Cry;Seduced And Abandoned
Alligator Man;Hue & Cry;Seduced And Abandoned
Labour Of Love (Edit);Hue & Cry;Seduced And Abandoned
Something Warmer;Hue & Cry;Seduced And Abandoned
Strength To Strength;Hue & Cry;Seduced And Abandoned
Remote (Close The Show);Hue And Cry;Remote: Major To Minor.
Dollar William (Meets Lady Gaia);Hue And Cry;Remote: Major To Minor.
Where We Wish To Remain (Man With The Horn);Hue And Cry;Remote: Major To Minor.
Slow Train Home (Never Stop Looking);Hue And Cry;Remote: Major To Minor.
Three Foot Blasts Of Fire (Rollin' And Rumblin');Hue And Cry;Remote: Major To Minor.
Violently (Open To The Core);Hue And Cry;Remote: Major To Minor.
The Only Thing (Drone Song);Hue And Cry;Remote: Major To Minor.
Sweet Invisibility (Between The Cracks);Hue And Cry;Remote: Major To Minor.
Under Neon (Shanghai Calling Out);Hue And Cry;Remote: Major To Minor.
Ordinary Angel (GK's Story);Hue And Cry;Remote: Major To Minor.
Guy On The Wall (Explosion At The Door);Hue And Cry;Remote: Major To Minor.
Family Of Eyes (Hipster Stare);Hue And Cry;Remote: Major To Minor.
Spinning Top;Hue And Cry;Xmasday
Someday at Christmas;Hue And Cry;Xmasday
All Men Kind;Hue And Cry;Xmasday
Santa Claus is Coming to Town;Hue And Cry;Xmasday
Two Little Boys;Hue And Cry;Xmasday
Auntie Claus;Hue And Cry;Xmasday
Players of Games;Hue And Cry;Xmasday
We Free Kings;Hue And Cry;Xmasday
White City;Hue And Cry;Xmasday
Rockin' Robin;Hue And Cry;Xmasday
Long Term Lovers Of Pain;Hue & Cry;Stars Crash Down
Vera Drives;Hue & Cry;Stars Crash Down
She Makes A Sound;Hue & Cry;Stars Crash Down
Life As Text;Hue & Cry;Stars Crash Down
Woman In Time;Hue & Cry;Stars Crash Down
Making Strange;Hue & Cry;Stars Crash Down
Stars Crash Down;Hue & Cry;Stars Crash Down
My Salt Heart;Hue & Cry;Stars Crash Down
Late In The Day;Hue & Cry;Stars Crash Down
Remembrance And Gold (Album Version);Hue & Cry;Stars Crash Down
I Didn't Know;Hue & Cry;Next Move
Sign O' the Times;Hue & Cry;Next Move
Next Move;Hue & Cry;Next Move
Speed O' Lite;Hue & Cry;Next Move
Pawn of the Weekend;Hue & Cry;Next Move
She Moves Through the Wires;Hue & Cry;Next Move
24/7;Hue & Cry;Next Move
Sonny Cried;Hue & Cry;Next Move
Once in a Lifetime;Hue & Cry;Next Move
The Last Stop;Hue & Cry;Open Soul
Open Soul;Hue & Cry;Open Soul
Plan B;Hue & Cry;Open Soul
Connect;Hue & Cry;Open Soul
Crazy In Love  (Prelude);Hue & Cry;Open Soul
Twisted Heart;Hue & Cry;Open Soul
Stumble Through The Dance;Hue & Cry;Open Soul
Headin' For A Fall;Hue & Cry;Open Soul
Fireball;Hue & Cry;Open Soul
European Child;Hue & Cry;Open Soul
Crazy In Love;Hue & Cry;Open Soul
C'mon Legs;Hue & Cry;Open Soul
Looking For Linda;Hue & Cry;Remote
Guy On The Wall;Hue & Cry;Remote
Under Neon;Hue & Cry;Remote
Three Foot Blasts Of Fire;Hue & Cry;Remote
Ordinary Angel (Album Version);Hue & Cry;Remote
Sweet Invisibility;Hue & Cry;Remote
The Only Thing (More Powerful Than The Boss) (Album Version);Hue & Cry;Remote
Family Of Eyes;Hue & Cry;Remote
Where We Wish To Remain;Hue & Cry;Remote
Remote;Hue & Cry;Remote
Dollar William;Hue & Cry;Remote
Violently (Your Words Hit Me);Hue & Cry;Remote
Kinda Blue, Kinda Love;Hue And Cry;Everybody
Broken Gods;Hue And Cry;Everybody
In Our Ruins;Hue And Cry;Everybody
And Then You Bloom;Hue And Cry;Everybody
Force Majeure;Hue And Cry;Everybody
I Remember;Hue And Cry;Everybody
Everybody Deserves To Be Loved;Hue And Cry;Everybody
Dissolve and Disappear;Hue And Cry;Everybody
Stronger;Hue And Cry;Everybody
Make My Day;Hue And Cry;Everybody
Austere and Beautiful;Hue & Cry;Jazz Not Jazz
Iron Cage;Hue & Cry;Jazz Not Jazz
All True Man;Hue & Cry;Jazz Not Jazz
Remember Me;Hue & Cry;Jazz Not Jazz
Free Like You;Hue & Cry;Jazz Not Jazz
Good and Evil;Hue & Cry;Jazz Not Jazz
Virus of Love;Hue & Cry;Jazz Not Jazz
Makin' Whoopee;Hue & Cry;Jazz Not Jazz
How Do You Repair A Heart?;Hue & Cry;Jazz Not Jazz
Finally;Hue & Cry;Jazz Not Jazz
I'll Be There For You;Hue & Cry;Jazz Not Jazz
Cynical;Hue And Cry;Showtime !
Tinsel Show;Hue And Cry;Showtime !
Bright Young Thing;Hue And Cry;Showtime !
Perfect Life;Hue And Cry;Showtime !
Wrong Question Right Answer;Hue And Cry;Showtime !
He Said She Said;Hue And Cry;Showtime !
St. Christopher;Hue And Cry;Showtime !
Shadow of a Man;Hue And Cry;Showtime !
Just Say You Love Me;Hue And Cry;Showtime !
Bring Me Home;Hue And Cry;Showtime !
Hannah and James;Hue And Cry;Showtime !
All or None (Album Version);Pearl Jam;Riot Act
1/2 Full (Album Version);Pearl Jam;Riot Act
Ghost (Album Version);Pearl Jam;Riot Act
Help Help (Album Version);Pearl Jam;Riot Act
I Am Mine (Album Version);Pearl Jam;Riot Act
Can't Keep (Album Version);Pearl Jam;Riot Act
Green Disease (Album Version);Pearl Jam;Riot Act
Arc (Album Version);Pearl Jam;Riot Act
Bu$hleaguer (Album Version);Pearl Jam;Riot Act
You Are (Album Version);Pearl Jam;Riot Act
Thumbing My Way (Album Version);Pearl Jam;Riot Act
Cropduster (Album Version);Pearl Jam;Riot Act
Get Right (Album Version);Pearl Jam;Riot Act
Save You (Album Version);Pearl Jam;Riot Act
Love Boat Captain (Album Version);Pearl Jam;Riot Act
Cready Stomp (bonus track) (previously unreleased studio outtake);Pearl Jam;Vs.
Crazy Mary (Remastered) (2011 Remaster);Pearl Jam;Vs.
Elderly Woman Behind the Counter in a Small Town (Remastered) (2011 Remaster);Pearl Jam;Vs.
Blood (Remastered) (2011 Remaster);Pearl Jam;Vs.
Daughter (Remastered) (2011 Remaster);Pearl Jam;Vs.
Animal (Remastered) (2011 Remaster);Pearl Jam;Vs.
W.M.A. (Remastered) (2011 Remaster);Pearl Jam;Vs.
Rats (Remastered) (2011 Remaster);Pearl Jam;Vs.
Rearviewmirror (Remastered) (2011 Remaster);Pearl Jam;Vs.
Go (Remastered) (2011 Remaster);Pearl Jam;Vs.
Dissident (Remastered) (2011 Remaster);Pearl Jam;Vs.
Glorified G (Remastered) (2011 Remaster);Pearl Jam;Vs.
Hold On (bonus track);Pearl Jam;Vs.
Leash (Remastered) (2011 Remaster);Pearl Jam;Vs.
Indifference (Remastered) (2011 Remaster);Pearl Jam;Vs.
Wishlist (Album Version);Pearl Jam;Yield
Push Me, Pull Me (Album Version);Pearl Jam;Yield
Low Light (Album Version);Pearl Jam;Yield
Faithful (Album Version);Pearl Jam;Yield
In Hiding (Album Version);Pearl Jam;Yield
Brain of J. (Album Version);Pearl Jam;Yield
All Those Yesterdays (Album Version);Pearl Jam;Yield
Red Bar (Album Version);Pearl Jam;Yield
No Way (Album Version);Pearl Jam;Yield
Pilate (Album Version);Pearl Jam;Yield
Do the Evolution (Album Version);Pearl Jam;Yield
MFC (Album Version);Pearl Jam;Yield
Given to Fly (Album Version);Pearl Jam;Yield
I'm Open (Album Version);Pearl Jam;No Code
Mankind (Album Version);Pearl Jam;No Code
Present Tense (Album Version);Pearl Jam;No Code
Around The Bend (Album Version);Pearl Jam;No Code
Smile (Album Version);Pearl Jam;No Code
Habit (Album Version);Pearl Jam;No Code
Sometimes (Album Version);Pearl Jam;No Code
Hail, Hail (Album Version);Pearl Jam;No Code
Off He Goes (Album Version);Pearl Jam;No Code
Red Mosquito (Album Version);Pearl Jam;No Code
Who You Are (Album Version);Pearl Jam;No Code
In My Tree (Album Version);Pearl Jam;No Code
Lukin (Album Version);Pearl Jam;No Code
Why Go (Album Version);Pearl Jam;Ten
Oceans (Album Version);Pearl Jam;Ten
Release (Album Version);Pearl Jam;Ten
Porch (Album Version);Pearl Jam;Ten
Once (Album Version);Pearl Jam;Ten
Garden (Album Version);Pearl Jam;Ten
Black (Album Version);Pearl Jam;Ten
Alive (Album Version);Pearl Jam;Ten
Even Flow (Album Version);Pearl Jam;Ten
Jeremy (Album Version);Pearl Jam;Ten
Deep (Album Version);Pearl Jam;Ten
Rival (Album Version);Pearl Jam;Binaural
Soon Forget (Album Version);Pearl Jam;Binaural
Nothing As It Seems (Album Version);Pearl Jam;Binaural
Sleight Of Hand (Album Version);Pearl Jam;Binaural
Gods' Dice (Album Version);Pearl Jam;Binaural
Light Years (Album Version);Pearl Jam;Binaural
Insignificance (Album Version);Pearl Jam;Binaural
Breakerfall (Album Version);Pearl Jam;Binaural
Evacuation (Album Version);Pearl Jam;Binaural
Of The Girl (Album Version);Pearl Jam;Binaural
Thin Air (Album Version);Pearl Jam;Binaural
Parting Ways (Album Version);Pearl Jam;Binaural
Grievance (Album Version);Pearl Jam;Binaural
Immortality (Remastered) (2011 Remaster);Pearl Jam;Vitalogy
Not for You (Remastered) (2011 Remaster);Pearl Jam;Vitalogy
Last Exit (Remastered) (2011 Remaster);Pearl Jam;Vitalogy
Stupidmop (Remastered) (2011 Remaster);Pearl Jam;Vitalogy
Better Man (Guitar / Organ Only) (guitar/organ only, previously unreleased);Pearl Jam;Vitalogy
Pry, To (Remastered) (2011 Remaster);Pearl Jam;Vitalogy
Bugs (Remastered) (2011 Remaster);Pearl Jam;Vitalogy
Corduroy  (alternate take, previously unreleased);Pearl Jam;Vitalogy
Tremor Christ (Remastered) (2011 Remaster);Pearl Jam;Vitalogy
Nothingman (Remastered) (2011 Remaster);Pearl Jam;Vitalogy
Corduroy (Remastered) (2011 Remaster);Pearl Jam;Vitalogy
Spin the Black Circle (Remastered) (2011 Remaster);Pearl Jam;Vitalogy
Aya Davanita (Remastered) (2011 Remaster);Pearl Jam;Vitalogy
Whipping (Remastered) (2011 Remaster);Pearl Jam;Vitalogy
Better Man (2011 Remaster);Pearl Jam;Vitalogy
Nothingman  (demo, previously unreleased);Pearl Jam;Vitalogy
Satan's Bed (Remastered) (2011 Remaster);Pearl Jam;Vitalogy
Come Back  (Brendan O'Brien Mix);Pearl Jam;Pearl Jam (2017 Mix)
Big Wave  (Brendan O'Brien Mix);Pearl Jam;Pearl Jam (2017 Mix)
Marker In the Sand  (Brendan O'Brien Mix);Pearl Jam;Pearl Jam (2017 Mix)
Wasted Reprise  (Brendan O'Brien Mix);Pearl Jam;Pearl Jam (2017 Mix)
Severed Hand  (Brendan O'Brien Mix);Pearl Jam;Pearl Jam (2017 Mix)
Unemployable  (Brendan O'Brien Mix);Pearl Jam;Pearl Jam (2017 Mix)
World Wide Suicide  (Brendan O'Brien Mix);Pearl Jam;Pearl Jam (2017 Mix)
Army Reserve  (Brendan O'Brien Mix);Pearl Jam;Pearl Jam (2017 Mix)
Inside Job  (Brendan O'Brien Mix);Pearl Jam;Pearl Jam (2017 Mix)
Life Wasted  (Brendan O'Brien Mix);Pearl Jam;Pearl Jam (2017 Mix)
Gone  (Brendan O'Brien Mix);Pearl Jam;Pearl Jam (2017 Mix)
Comatose  (Brendan O'Brien Mix);Pearl Jam;Pearl Jam (2017 Mix)
Parachutes  (Brendan O'Brien Mix);Pearl Jam;Pearl Jam (2017 Mix)
Jóga;Björk;Homogenic
Unravel;Björk;Homogenic
Hunter;Björk;Homogenic
All Is Full Of Love (Howie's Version);Björk;Homogenic
Pluto;Björk;Homogenic
Alarm Call;Björk;Homogenic
All Neon Like;Björk;Homogenic
5 Years;Björk;Homogenic
Immature (Mark Bell's Version);Björk;Homogenic
Bachelorette;Björk;Homogenic
Kintsugi;Little Acres;Wait
Spinning Wheel;Little Acres;Wait
Wait;Little Acres;Wait
We Were Told Many Things;Little Acres;Wait
Moon Woman;Little Acres;Wait
Electric Chair (LP Version);Prince;Batman
Lemon Crush (LP Version);Prince;Batman
Scandalous (LP Version);Prince;Batman
Trust (LP Version);Prince;Batman
The Future (LP Version);Prince;Batman
The Arms of Orion (LP Version);Prince;Batman
Batdance (LP Version);Prince;Batman
Partyman (LP Version);Prince;Batman
Vicki Waiting (LP Version);Prince;Batman
Do Me, Baby (LP Version);Prince;Controversy
Controversy;Prince;Controversy
Annie Christian (LP Version);Prince;Controversy
Private Joy (LP Version);Prince;Controversy
Sexuality (LP Version);Prince;Controversy
Ronnie, Talk to Russia (LP Version);Prince;Controversy
Let's Work (LP Version);Prince;Controversy
Jack U Off (LP Version);Prince;Controversy
Strange Relationship (LP Version);Prince;"Sign ""O"" the Times"
Adore (LP Version);Prince;"Sign ""O"" the Times"
Forever in My Life (LP Version);Prince;"Sign ""O"" the Times"
It (LP Version);Prince;"Sign ""O"" the Times"
Hot Thing (LP Version);Prince;"Sign ""O"" the Times"
Play in the Sunshine (LP Version);Prince;"Sign ""O"" the Times"
It's Gonna Be a Beautiful Night  (Live LP Version);Prince;"Sign ""O"" the Times"
U Got the Look (LP Version);Prince;"Sign ""O"" the Times"
Housequake (LP Version);Prince;"Sign ""O"" the Times"
Sign 'O' the Times (LP Version);Prince;"Sign ""O"" the Times"
Slow Love (LP Version);Prince;"Sign ""O"" the Times"
The Cross (LP Version);Prince;"Sign ""O"" the Times"
The Ballad of Dorothy Parker (LP Version);Prince;"Sign ""O"" the Times"
Starfish and Coffee (LP Version);Prince;"Sign ""O"" the Times"
If I Was Your Girlfriend (LP Version);Prince;"Sign ""O"" the Times"
I Could Never Take the Place of Your Man (LP Version);Prince;"Sign ""O"" the Times"
When 2. R. In Love;Prince;The Black Album
Bobgeorge - Superfunkycalifragisexy - 2 Nigs United For West Compton - Rockhard In A Funky Place;Prince;The Black Album
Legrind - Cindy C. - Dead On It;Prince;The Black Album
So Blue;Prince;For You
Baby;Prince;For You
Just as Long as We're Together;Prince;For You
Soft and Wet;Prince;For You
Crazy You;Prince;For You
My Love Is Forever;Prince;For You
In Love;Prince;For You
I'm Yours;Prince;For You
For You;Prince;For You
Joy in Repetition (LP Version);Prince;Music from Graffiti Bridge
Can't Stop This Feeling I Got;Prince;Music from Graffiti Bridge
Tick, Tick, Bang (LP Version);Prince;Music from Graffiti Bridge
Shake (LP Version);The Time;Music from Graffiti Bridge
Release It (LP Version);The Time;Music from Graffiti Bridge
The Question of U (LP Version);Prince;Music from Graffiti Bridge
New Power Generation (LP Version);Prince;Music from Graffiti Bridge
The Latest Fashion (LP Version);Prince;Music from Graffiti Bridge
New Power Generation  (Pt.II   LP Version);Prince;Music from Graffiti Bridge
Thieves in the Temple (LP Version);Prince;Music from Graffiti Bridge
Love Machine (LP Version);The Time;Music from Graffiti Bridge
Elephants & Flowers (LP Version);Prince;Music from Graffiti Bridge
Round and Round (LP Version);Prince;Music from Graffiti Bridge
We Can Funk (LP Version);George Clinton;Music from Graffiti Bridge
Graffiti Bridge (LP Version);Prince;Music from Graffiti Bridge
Still Would Stand All Time (LP Version);Prince;Music from Graffiti Bridge
Melody Cool (LP Version);Prince;Music from Graffiti Bridge
Why You Wanna Treat Me so Bad?;Prince;Prince
It's Gonna Be Lonely;Prince;Prince
I Feel for You;Prince;Prince
Bambi;Prince;Prince
I Wanna Be Your Lover;Prince;Prince
When We're Dancing Close and Slow;Prince;Prince
With You;Prince;Prince
Still Waiting;Prince;Prince
Sexy Dancer;Prince;Prince
Eye No;Prince;Lovesexy
Alphabet St.;Prince;Lovesexy
Anna Stesia;Prince;Lovesexy
Positivity;Prince;Lovesexy
Lovesexy;Prince;Lovesexy
Glam Slam;Prince;Lovesexy
I Wish U Heaven;Prince;Lovesexy
Dance On;Prince;Lovesexy
When 2 R in Love;Prince;Lovesexy
Dirty Mind (LP Version);Prince;Dirty Mind
Uptown (LP Version);Prince;Dirty Mind
When You Were Mine (LP Version);Prince;Dirty Mind
Sister (LP Version);Prince;Dirty Mind
Head (LP Version);Prince;Dirty Mind
Gotta Broken Heart Again (LP Version);Prince;Dirty Mind
Partyup (LP Version);Prince;Dirty Mind
Do It All Night (LP Version);Prince;Dirty Mind
Lady Cab Driver  (2019 Remaster);Prince;1999 
D.M.S.R.  (2019 Remaster);Prince;1999 
International Lover  (2019 Remaster);Prince;1999 
Delirious  (2019 Remaster);Prince;1999 
Little Red Corvette  (2019 Remaster);Prince;1999 
Something In The Water (Does Not Compute)  (2019 Remaster);Prince;1999 
1999  (2019 Remaster);Prince;1999 
All The Critics Love U In New York  (2019 Remaster);Prince;1999 
Free  (2019 Remaster);Prince;1999 
Automatic  (2019 Remaster);Prince;1999 
Let's Pretend We're Married  (2019 Remaster);Prince;1999 
How Long (LP Version);Jackson Browne;World In Motion
My Personal Revenge;Jackson Browne;World In Motion
I Am a Patriot (LP Version);Jackson Browne;World In Motion
Anything Can Happen (LP Version);Jackson Browne;World In Motion
World in Motion (LP Version);Jackson Browne;World In Motion
When the Stone Begins to Turn (LP Version);Jackson Browne;World In Motion
Lights and Virtues (LP Version);Jackson Browne;World In Motion
Enough of the Night (LP Version);Jackson Browne;World In Motion
The Word Justice (LP Version);Jackson Browne;World In Motion
Chasing You into the Light (LP Version);Jackson Browne;World In Motion
Say It Isn't True (LP Version);Jackson Browne;Lawyers in Love
Knock on Any Door (LP Version);Jackson Browne;Lawyers in Love
For a Rocker (LP Version);Jackson Browne;Lawyers in Love
Tender Is the Night (LP Version);Jackson Browne;Lawyers in Love
Cut It Away (LP Version);Jackson Browne;Lawyers in Love
Lawyers in Love (LP Version);Jackson Browne;Lawyers in Love
On the Day (LP Version);Jackson Browne;Lawyers in Love
Downtown (LP Version);Jackson Browne;Lawyers in Love
Fountain of Sorrow  (Remastered);Jackson Browne;Late for the Sky 
For a Dancer  (Remastered);Jackson Browne;Late for the Sky 
The Road and the Sky  (Remastered);Jackson Browne;Late for the Sky 
Late for the Sky  (Remastered);Jackson Browne;Late for the Sky 
The Late Show  (Remastered);Jackson Browne;Late for the Sky 
Before the Deluge  (Remastered);Jackson Browne;Late for the Sky 
Walking Slow  (Remastered);Jackson Browne;Late for the Sky 
Farther On  (Remastered);Jackson Browne;Late for the Sky 
Intro-Looking East (Live);Jackson Browne;Solo Acoustic, Vol. 1
Barricades of Heaven (Live);Jackson Browne;Solo Acoustic, Vol. 1
Intro-Lives in the Balance;Jackson Browne;Solo Acoustic, Vol. 1
Too Many Angels (Live);Jackson Browne;Solo Acoustic, Vol. 1
Intro-Birds of St. Marks (Live);Jackson Browne;Solo Acoustic, Vol. 1
Your Bright Baby Blues (Live);Jackson Browne;Solo Acoustic, Vol. 1
Intro-For Everyman (Live);Jackson Browne;Solo Acoustic, Vol. 1
For a Dancer (Live);Jackson Browne;Solo Acoustic, Vol. 1
Intro-Fountain of Sorrow (Live);Jackson Browne;Solo Acoustic, Vol. 1
Intro-These Days (Live);Jackson Browne;Solo Acoustic, Vol. 1
For Everyman (Live);Jackson Browne;Solo Acoustic, Vol. 1
Lives in the Balance;Jackson Browne;Solo Acoustic, Vol. 1
Take It Easy (Live);Jackson Browne;Solo Acoustic, Vol. 1
The Pretender (Live);Jackson Browne;Solo Acoustic, Vol. 1
Looking East (Live);Jackson Browne;Solo Acoustic, Vol. 1
These Days (Live);Jackson Browne;Solo Acoustic, Vol. 1
Intro-The Pretender (Live);Jackson Browne;Solo Acoustic, Vol. 1
Intro-Take It Easy (Live);Jackson Browne;Solo Acoustic, Vol. 1
Birds of St. Marks (Live);Jackson Browne;Solo Acoustic, Vol. 1
Fountain of Sorrow (Live);Jackson Browne;Solo Acoustic, Vol. 1
You Love the Thunder  (Remastered);Jackson Browne;Running on Empty 
Running on Empty  (Remastered);Jackson Browne;Running on Empty 
Shaky Town  (Remastered);Jackson Browne;Running on Empty 
The Road  (Remastered);Jackson Browne;Running on Empty 
Rosie  (Remastered);Jackson Browne;Running on Empty 
Stay  (Remastered);Jackson Browne;Running on Empty 
Love Needs a Heart  (Remastered);Jackson Browne;Running on Empty 
The Load-Out  (Remastered);Jackson Browne;Running on Empty 
Nothing but Time  (Remastered);Jackson Browne;Running on Empty 
Cocaine  (Remastered);Jackson Browne;Running on Empty 
The Night Inside Me;Jackson Browne;Solo Acoustic Volume 2
Alive in the World;Jackson Browne;Solo Acoustic Volume 2
Redneck Friend;Jackson Browne;Solo Acoustic Volume 2
Intro;Jackson Browne;Solo Acoustic Volume 2
Never Stop;Jackson Browne;Solo Acoustic Volume 2
All Good Things;Jackson Browne;Solo Acoustic Volume 2
Intro;Jackson Browne;Solo Acoustic Volume 2
Something Fine;Jackson Browne;Solo Acoustic Volume 2
Intro;Jackson Browne;Solo Acoustic Volume 2
In the Shape of a Heart;Jackson Browne;Solo Acoustic Volume 2
Intro;Jackson Browne;Solo Acoustic Volume 2
Enough of the Night;Jackson Browne;Solo Acoustic Volume 2
Intro;Jackson Browne;Solo Acoustic Volume 2
My Stunning Mystery Companion;Jackson Browne;Solo Acoustic Volume 2
Sky Blue and Black;Jackson Browne;Solo Acoustic Volume 2
Intro;Jackson Browne;Solo Acoustic Volume 2
Casino Nation;Jackson Browne;Solo Acoustic Volume 2
Intro;Jackson Browne;Solo Acoustic Volume 2
Somebody's Baby;Jackson Browne;Solo Acoustic Volume 2
Black and White (LP Version);Jackson Browne;Lives in the Balance
For America (LP Version);Jackson Browne;Lives in the Balance
Soldier of Plenty (LP Version);Jackson Browne;Lives in the Balance
Till I Go Down (LP Version);Jackson Browne;Lives in the Balance
In the Shape of a Heart (LP Version);Jackson Browne;Lives in the Balance
Lawless Avenues (LP Version);Jackson Browne;Lives in the Balance
Lives in the Balance (LP Version);Jackson Browne;Lives in the Balance
Candy (LP Version);Jackson Browne;Lives in the Balance
The Fuse (LP Version);Jackson Browne;The Pretender
Here Come Those Tears Again (LP Version);Jackson Browne;The Pretender
The Pretender (LP Version);Jackson Browne;The Pretender
Daddy's Tune (LP Version);Jackson Browne;The Pretender
The Only Child (LP Version);Jackson Browne;The Pretender
Your Bright Baby Blues (LP Version);Jackson Browne;The Pretender
Linda Paloma (LP Version);Jackson Browne;The Pretender
Sleep's Dark and Silent Gate;Jackson Browne;The Pretender
Buchara;Nicola Alesini;Marco Polo
The Valley Of Pamir;Nicola Alesini;Marco Polo
Yangchow;Nicola Alesini;Marco Polo
Kubilay Khan;Nicola Alesini;Marco Polo
M. Polo;Nicola Alesini;Marco Polo
Sumatra;Nicola Alesini;Marco Polo
Quinsai, La Citta'del Cielo;Nicola Alesini;Marco Polo
Maya;Nicola Alesini;Marco Polo
Come Morning;Pier Luigi Andreoni;Marco Polo
Il Libro Dell'Incessante Accordo Con Il Cielo;Pier Luigi Andreoni;Marco Polo
The Golden Way;Nicola Alesini;Marco Polo
Samarca;Nicola Alesini;Marco Polo
Kristine From The 7th Grade (Live);Ben Folds;Ben Folds Live with The National Symphony Orchestra
Effington (with Tall Heights) (Live);Ben Folds;Ben Folds Live with The National Symphony Orchestra
You Don't Know Me (feat. Regina Spektor) (Live);Ben Folds;Ben Folds Live with The National Symphony Orchestra
Landed (Live);Ben Folds;Ben Folds Live with The National Symphony Orchestra
The Luckiest (Live);Ben Folds;Ben Folds Live with The National Symphony Orchestra
But Wait, There's More (Live);Ben Folds;Ben Folds Live with The National Symphony Orchestra
Gracie (Live);Ben Folds;Ben Folds Live with The National Symphony Orchestra
Moments (feat. Tall Heights) (Live);Ben Folds;Ben Folds Live with The National Symphony Orchestra
Fragile (Live);Ben Folds;Ben Folds Live with The National Symphony Orchestra
Still (from Over The Hedge) (Live);Ben Folds;Ben Folds Live with The National Symphony Orchestra
Cologne (Live);Ben Folds;Ben Folds Live with The National Symphony Orchestra
Still Fighting It (with Tall Heights) (Live);Ben Folds;Ben Folds Live with The National Symphony Orchestra
Capable of Anything (Live);Ben Folds;Ben Folds Live with The National Symphony Orchestra
Not The Same (Live);Ben Folds;Ben Folds Live with The National Symphony Orchestra
Feline (LP Version);Bobby McFerrin;Bobby McFerrin
Peace (LP Version);Bobby McFerrin;Bobby McFerrin
Jubilee (LP Version);Bobby McFerrin;Bobby McFerrin
Dance with Me (LP Version);Bobby McFerrin;Bobby McFerrin
You've Really Got a Hold on Me (LP Version);Bobby McFerrin;Bobby McFerrin
All Feets Can Dance (LP Version);Bobby McFerrin;Bobby McFerrin
Hallucinations (LP Version);Bobby McFerrin;Bobby McFerrin
Sightless Bird (LP Version);Bobby McFerrin;Bobby McFerrin
Moondance (LP Version);Bobby McFerrin;Bobby McFerrin
Chicken (LP Version);Bobby McFerrin;Bobby McFerrin
Moonlight (Album Version);Joe Jackson;Mike's Murder
Moonlight Theme;Joe Jackson;Mike's Murder
Zemeo;Joe Jackson;Mike's Murder
Memphis;Joe Jackson;Mike's Murder
Laundromat Monday;Joe Jackson;Mike's Murder
Cosmopolitan (Album Version);Joe Jackson;Mike's Murder
Breakdown;Joe Jackson;Mike's Murder
1-2-3 Go (This Town's  A Fairground) (Album Version);Joe Jackson;Mike's Murder
Rockin' in Rhythm;Joe Jackson;The Duke
I Got It Bad (And That Ain't Good);Joe Jackson;The Duke
Mood Indigo;Joe Jackson;The Duke
Isfahan;Joe Jackson;The Duke
Caravan;Joe Jackson;The Duke
I Ain't Got Nothin' but the Blues / Do Nothin' 'Til You Hear from Me;Joe Jackson;The Duke
Perdido / Satin Doll;Joe Jackson;The Duke
I'm Beginning to See the Light / Take the 'A' Train / Cotton Tail;Joe Jackson;The Duke
The Mooche / Black and Tan Fantasy;Joe Jackson;The Duke
It Don't Mean a Thing (If It Ain't Got That Swing);Joe Jackson;The Duke
Cancer (Album Version);Joe Jackson;Night And Day
T.V. Age (Album Version);Joe Jackson;Night And Day
Chinatown (Album Version);Joe Jackson;Night And Day
Steppin' Out (Album Version);Joe Jackson;Night And Day
Real Men (Album Version);Joe Jackson;Night And Day
Breaking Us In Two (Album Version);Joe Jackson;Night And Day
Another World (Album Version);Joe Jackson;Night And Day
Target (Album Version);Joe Jackson;Night And Day
A Slow Song (Album Version);Joe Jackson;Night And Day
(Do The) Instant Mash (Album Version);Joe Jackson;Look Sharp!
Pretty Girls (Album Version);Joe Jackson;Look Sharp!
One More Time (Album Version);Joe Jackson;Look Sharp!
Fools In Love (Album Version);Joe Jackson;Look Sharp!
Happy Loving Couples (Album Version);Joe Jackson;Look Sharp!
Baby Stick Around (Album Version);Joe Jackson;Look Sharp!
You Got The Fever (Single Version);Joe Jackson;Look Sharp!
Look Sharp! (Album Version);Joe Jackson;Look Sharp!
Sunday Papers (Album Version);Joe Jackson;Look Sharp!
Don't Ask Me (Single Version);Joe Jackson;Look Sharp!
Got The Time (Album Version);Joe Jackson;Look Sharp!
Throw It Away (Album Version);Joe Jackson;Look Sharp!
Is She Really Going Out With Him? (Album Version);Joe Jackson;Look Sharp!
San Francisco Fan (Album Version / Remastered 1999);Joe Jackson;Jumpin' Jive
You Run Your Mouth (And I'll Run My Business) (Album Version / Remastered 1999);Joe Jackson;Jumpin' Jive
We The Cats (Shall Hep Ya) (Album Version / Remastered 1999);Joe Jackson;Jumpin' Jive
What's The Use Of Getting Sober (When You're Gonna Get Drunk Again) (Album Version / Remastered 1999);Joe Jackson;Jumpin' Jive
Jumpin' Jive (Remastered);Joe Jackson;Jumpin' Jive
How Long Must I Wait For You (Album Version / Remastered 1999);Joe Jackson;Jumpin' Jive
Five Guys Named Moe (Album Version / Remastered 1999);Joe Jackson;Jumpin' Jive
Jumpin'  With Symphony Sid (Album Version / Remastered 1999);Joe Jackson;Jumpin' Jive
Tuxedo Junction (Album Version / Remastered 1999);Joe Jackson;Jumpin' Jive
Is You Is Or Is You Ain't My Baby (Album Version / Remastered 1999);Joe Jackson;Jumpin' Jive
You're My Meat (Album Version / Remastered 1999);Joe Jackson;Jumpin' Jive
Jack, You're Dead! (Album Version / Remastered 1999);Joe Jackson;Jumpin' Jive
Marilee;Joe Jackson;Tucker Soundtrack - The Man And His Dream
(He's A) Shape In A Drape (Tucker/Soundtrack Version);Joe Jackson;Tucker Soundtrack - The Man And His Dream
Captain Of Industry (Overture);Joe Jackson;Tucker Soundtrack - The Man And His Dream
Freedom Swing - Tucker Jingle;Joe Jackson;Tucker Soundtrack - The Man And His Dream
Lone Bank Loan Blues;Joe Jackson;Tucker Soundtrack - The Man And His Dream
Hangin' In Howard Hughes' Hangar;Joe Jackson;Tucker Soundtrack - The Man And His Dream
Factory;Joe Jackson;Tucker Soundtrack - The Man And His Dream
Speedway;Joe Jackson;Tucker Soundtrack - The Man And His Dream
Tiger Rag;Joe Jackson;Tucker Soundtrack - The Man And His Dream
Abe's Blues;Joe Jackson;Tucker Soundtrack - The Man And His Dream
The Trial;Joe Jackson;Tucker Soundtrack - The Man And His Dream
Toast Of The Town;Joe Jackson;Tucker Soundtrack - The Man And His Dream
No Chance Blues;Joe Jackson;Tucker Soundtrack - The Man And His Dream
Showtime In Chicago;Joe Jackson;Tucker Soundtrack - The Man And His Dream
Rhythm Delivery (Album Version);Joe Jackson;Tucker Soundtrack - The Man And His Dream
Vera;Joe Jackson;Tucker Soundtrack - The Man And His Dream
It Pays To Advertise;Joe Jackson;Tucker Soundtrack - The Man And His Dream
The Car Of Tomorrow - Today;Joe Jackson;Tucker Soundtrack - The Man And His Dream
Heart Of Ice (Album Version);Joe Jackson;Body And Soul
Be My Number Two (Album Version);Joe Jackson;Body And Soul
Loisaida (Album Version);Joe Jackson;Body And Soul
Not Here, Not Now (Album Version);Joe Jackson;Body And Soul
The Verdict (Album Version);Joe Jackson;Body And Soul
Go For It (Album Version);Joe Jackson;Body And Soul
Happy Ending (Album Version);Joe Jackson;Body And Soul
You Can't Get What You Want (Till You Know What You Want) (Album Version);Joe Jackson;Body And Soul
Cha Cha Loco (Album Version);Joe Jackson;Body And Soul
Sea Of Secrets;Joe Jackson;Night Music
Nocturne No. 1;Joe Jackson;Night Music
Ever After;Joe Jackson;Night Music
Lullaby;Joe Jackson;Night Music
Nocturne No. 2;Joe Jackson;Night Music
Nocturne No. 3;Joe Jackson;Night Music
Flying;Joe Jackson;Night Music
The Man Who Wrote Danny Boy;Joe Jackson;Night Music
Nocturne No. 4;Joe Jackson;Night Music
Only The Future;Joe Jackson;Night Music
Man In The Street (Live At The Roundabout Theatre, New York City/1986);Joe Jackson;Big World
Tonight And Forever (Live At The Roundabout Theatre, New York City/1986);Joe Jackson;Big World
The Jet Set (Live At The Roundabout Theatre, New York City/1986);Joe Jackson;Big World
Fifty Dollar Love Affair (Live At The Roundabout Theatre, New York City/1986);Joe Jackson;Big World
(It's A) Big World (Live At The Roundabout Theatre, New York City/1986);Joe Jackson;Big World
Shanghai Sky (Live At The Roundabout Theatre, New York City/1986);Joe Jackson;Big World
Tango Atlantico (Live At The Roundabout Theatre, New York City/1986);Joe Jackson;Big World
Soul Kiss (Live At The Roundabout Theatre, New York City/1986);Joe Jackson;Big World
Home Town (Live At The Roundabout Theatre, New York City/1986);Joe Jackson;Big World
Wild West (Live At The Roundabout Theatre, New York City/1986);Joe Jackson;Big World
We Can't Live Together (Live At The Roundabout Theatre, New York City/1986);Joe Jackson;Big World
Survival (Live At The Roundabout Theatre, New York City/1986);Joe Jackson;Big World
Precious Time (Live At The Roundabout Theatre, New York City/1986);Joe Jackson;Big World
Right And Wrong (Live At The Roundabout Theatre, New York City/1986);Joe Jackson;Big World
Forty Years (Live At The Roundabout Theatre, New York City/1986);Joe Jackson;Big World
Neon Rain;Joe Jackson;Fast Forward
The Blue Time;Joe Jackson;Fast Forward
King of the City;Joe Jackson;Fast Forward
So You Say;Joe Jackson;Fast Forward
Satellite;Joe Jackson;Fast Forward
Keep on Dreaming;Joe Jackson;Fast Forward
Junkie Diva;Joe Jackson;Fast Forward
Good Bye Jonny;Joe Jackson;Fast Forward
If I Could See Your Face;Joe Jackson;Fast Forward
See No Evil;Joe Jackson;Fast Forward
Fast Forward;Joe Jackson;Fast Forward
If It Wasn't for You;Joe Jackson;Fast Forward
Poor Thing;Joe Jackson;Fast Forward
A Little Smile;Joe Jackson;Fast Forward
Far Away;Joe Jackson;Fast Forward
Ode to Joy;Joe Jackson;Fast Forward
Citizen Sane (Album Version);Joe Jackson;Rain
The Uptown Train (Album Version);Joe Jackson;Rain
Too Tough (Album Version);Joe Jackson;Rain
Invisible Man (Album Version);Joe Jackson;Rain
Wasted Time (Album Version);Joe Jackson;Rain
A Place in the Rain (Album Version);Joe Jackson;Rain
Rush Across the Road (Album Version);Joe Jackson;Rain
Good Bad Boy (Album Version);Joe Jackson;Rain
King Pleasure Time (Album Version);Joe Jackson;Rain
Solo (So Low) (Album Version);Joe Jackson;Rain
No Pasaran;Joe Jackson;Will Power
Symphony In One Movement;Joe Jackson;Will Power
Solitude;Joe Jackson;Will Power
Nocturne;Joe Jackson;Will Power
Will Power;Joe Jackson;Will Power
Friend Better;Joe Jackson;Fool
Fabulously Absolute;Joe Jackson;Fool
Big Black Cloud;Joe Jackson;Fool
Dave;Joe Jackson;Fool
Strange Land;Joe Jackson;Fool
Fool;Joe Jackson;Fool
Alchemy;Joe Jackson;Fool
32 Kisses;Joe Jackson;Fool
End of the Pier;Joe Jackson;Hope and Fury
After All This Time;Joe Jackson;Hope and Fury
See You in September;Joe Jackson;Hope and Fury
Welcome to Burning-By-Sea;Joe Jackson;Hope and Fury
The Face;Joe Jackson;Hope and Fury
I'm Not Sorry;Joe Jackson;Hope and Fury
Fabulous People;Joe Jackson;Hope and Fury
Made God Laugh;Joe Jackson;Hope and Fury
Do Do Do;Joe Jackson;Hope and Fury
One To One (The Beat Crazy Tour / 1980);Joe Jackson;Joe Jackson Live 1980 - 1986
Fools In Love (The Night And Day Tour / 1983);Joe Jackson;Joe Jackson Live 1980 - 1986
Is She Really Going Out With Him? (Live);Joe Jackson;Joe Jackson Live 1980 - 1986
On Your Radio (The Night And Day Tour / 1983);Joe Jackson;Joe Jackson Live 1980 - 1986
Beat Crazy (The Beat Crazy Tour / 1980);Joe Jackson;Joe Jackson Live 1980 - 1986
Look Sharp! (The Night And Day Tour / 1983);Joe Jackson;Joe Jackson Live 1980 - 1986
Is She Really Going Out With Him? (The Beat Crazy Tour / 1980);Joe Jackson;Joe Jackson Live 1980 - 1986
Got The Time (The Beat Crazy Tour / 1980);Joe Jackson;Joe Jackson Live 1980 - 1986
I'm The Man (The Beat Crazy Tour / 1980);Joe Jackson;Joe Jackson Live 1980 - 1986
Cancer (The Night And Day Tour / 1983);Joe Jackson;Joe Jackson Live 1980 - 1986
Don't  Wanna Be Like That (The Beat Crazy Tour / 1980);Joe Jackson;Joe Jackson Live 1980 - 1986
It's Different For Girls (The Big World Tour /1986);Joe Jackson;Joe Jackson Live 1980 - 1986
Be My Number Two (The Big World Tour /1986);Joe Jackson;Joe Jackson Live 1980 - 1986
You Can't Get What You Want (Till You Know What You Want) (The Big World Tour /1986);Joe Jackson;Joe Jackson Live 1980 - 1986
Memphis (The Body And Soul Tour / 1984);Joe Jackson;Joe Jackson Live 1980 - 1986
Real Men (The Body And Soul Tour / 1984);Joe Jackson;Joe Jackson Live 1980 - 1986
Breaking Us In Two (The Big World Tour /1986);Joe Jackson;Joe Jackson Live 1980 - 1986
Sunday Papers (The Body And Soul Tour / 1984);Joe Jackson;Joe Jackson Live 1980 - 1986
Steppin' Out (The Big World Tour /1986);Joe Jackson;Joe Jackson Live 1980 - 1986
Is She Really Going Out With Him? (The Body And Soul Tour / 1984 / Acoustic Version);Joe Jackson;Joe Jackson Live 1980 - 1986
Jumpin Jive (The Big World Tour /1986);Joe Jackson;Joe Jackson Live 1980 - 1986
A Slow Song (The Body And Soul Tour / 1984);Joe Jackson;Joe Jackson Live 1980 - 1986
Friday (Album Version);Joe Jackson;I'm The Man
Get That Girl (Album Version);Joe Jackson;I'm The Man
On Your Radio (Album Version);Joe Jackson;I'm The Man
It's Different For Girls (Album Version);Joe Jackson;I'm The Man
Amateur Hour (Album Version);Joe Jackson;I'm The Man
Geraldine And John (Album Version);Joe Jackson;I'm The Man
I'm The Man (Album Version);Joe Jackson;I'm The Man
Kinda Kute (Album Version);Joe Jackson;I'm The Man
The Band Wore Blue Shirts (Album Version);Joe Jackson;I'm The Man
Don't Wanna Be Like That (Album Version);Joe Jackson;I'm The Man
Symphony No. 1: First Movement (Instrumental);Joe Jackson;Joe Jackson: Symphony No. 1
Symphony No. 1: Slow Movement (Instrumental);Joe Jackson;Joe Jackson: Symphony No. 1
Symphony No. 1: Last Movement (Variations) (Instrumental);Joe Jackson;Joe Jackson: Symphony No. 1
Symphony No. 1: Fast Movement (Instrumental);Joe Jackson;Joe Jackson: Symphony No. 1
Oh Well;Joe Jackson;Laughter And Lust
My House;Joe Jackson;Laughter And Lust
Obvious Song;Joe Jackson;Laughter And Lust
Hit Single;Joe Jackson;Laughter And Lust
Drowning;Joe Jackson;Laughter And Lust
The Other Me;Joe Jackson;Laughter And Lust
When You're Not Around;Joe Jackson;Laughter And Lust
It's All Too Much;Joe Jackson;Laughter And Lust
Stranger Than Fiction;Joe Jackson;Laughter And Lust
Goin' Downtown;Joe Jackson;Laughter And Lust
Trying To Cry;Joe Jackson;Laughter And Lust
Jamie G.;Joe Jackson;Laughter And Lust
The Old Songs;Joe Jackson;Laughter And Lust
Love Got Lost (Vocal);Joe Jackson;Joe Jackson: Night and Day II
Happyland (Vocal);Joe Jackson;Joe Jackson: Night and Day II
Prelude (Vocal);Joe Jackson;Joe Jackson: Night and Day II
Hell of a Town (Vocal);Joe Jackson;Joe Jackson: Night and Day II
Stranger Than You (Vocal);Joe Jackson;Joe Jackson: Night and Day II
Stay (Vocal);Joe Jackson;Joe Jackson: Night and Day II
Just Because (Vocal);Joe Jackson;Joe Jackson: Night and Day II
Glamour and Pain (Vocal);Joe Jackson;Joe Jackson: Night and Day II
Dear Mom (Vocal);Joe Jackson;Joe Jackson: Night and Day II
Why (Vocal);Joe Jackson;Joe Jackson: Night and Day II
The Human Touch (Album Version);Joe Jackson;Blaze Of Glory
Acropolis Now (Album Version);Joe Jackson;Blaze Of Glory
Evil Empire (Album Version);Joe Jackson;Blaze Of Glory
Nineteen Forever (Album Version);Joe Jackson;Blaze Of Glory
Rant And Rave (Album Version);Joe Jackson;Blaze Of Glory
Down To London (Album Version);Joe Jackson;Blaze Of Glory
Blaze Of Glory (Album Version);Joe Jackson;Blaze Of Glory
Tomorrow's World (Album Version);Joe Jackson;Blaze Of Glory
Discipline;Joe Jackson;Blaze Of Glory
Me And You (Against The World);Joe Jackson;Blaze Of Glory
Sentimental Thing (Album Version);Joe Jackson;Blaze Of Glory
The Best I Can Do (Album Version);Joe Jackson;Blaze Of Glory
I.G.Y.;Donald Fagen;The Nightfly
New Frontier;Donald Fagen;The Nightfly
Green Flower Street;Donald Fagen;The Nightfly
The Goodbye Look;Donald Fagen;The Nightfly
Ruby Baby;Donald Fagen;The Nightfly
Walk Between Raindrops;Donald Fagen;The Nightfly
Maxine;Donald Fagen;The Nightfly
The Nightfly;Donald Fagen;The Nightfly
Morph the Cat  (Reprise);Donald Fagen;Morph The Cat 
What I Do;Donald Fagen;Morph The Cat 
Mary Shut the Garden Door;Donald Fagen;Morph The Cat 
The Great Pagoda of Funn;Donald Fagen;Morph The Cat 
H Gang;Donald Fagen;Morph The Cat 
The Night Belongs to Mona;Donald Fagen;Morph The Cat 
Brite Nitegown;Donald Fagen;Morph The Cat 
Morph the Cat;Donald Fagen;Morph The Cat 
Security Joan;Donald Fagen;Morph The Cat 
I.G.Y. (Live From The Beacon Theatre);Donald Fagen;The Nightfly: Live
New Frontier (Live From The Beacon Theatre);Donald Fagen;The Nightfly: Live
Green Flower Street (Live From The Beacon Theatre);Donald Fagen;The Nightfly: Live
The Goodbye Look (Live From The Beacon Theatre);Donald Fagen;The Nightfly: Live
Ruby Baby (Live From The Orpheum Theatre);Donald Fagen;The Nightfly: Live
Walk Between Raindrops (Live From The Orpheum Theatre);Donald Fagen;The Nightfly: Live
Maxine (Live From The Beacon Theatre);Donald Fagen;The Nightfly: Live
The Nightfly (Live From The Beacon Theatre);Donald Fagen;The Nightfly: Live
I'm Not the Same Without You;Donald Fagen;Sunken Condos
Planet D'Rhonda;Donald Fagen;Sunken Condos
Good Stuff;Donald Fagen;Sunken Condos
Memorabilia;Donald Fagen;Sunken Condos
Slinky Thing;Donald Fagen;Sunken Condos
The New Breed;Donald Fagen;Sunken Condos
Weather in My Head;Donald Fagen;Sunken Condos
Miss Marlene;Donald Fagen;Sunken Condos
Out of the Ghetto;Donald Fagen;Sunken Condos
I.G.Y.;Donald Fagen;Cheap Xmas: Donald Fagen Complete (Édition StudioMasters)
New Frontier;Donald Fagen;Cheap Xmas: Donald Fagen Complete (Édition StudioMasters)
Green Flower Street;Donald Fagen;Cheap Xmas: Donald Fagen Complete (Édition StudioMasters)
The Goodbye Look;Donald Fagen;Cheap Xmas: Donald Fagen Complete (Édition StudioMasters)
Ruby Baby;Donald Fagen;Cheap Xmas: Donald Fagen Complete (Édition StudioMasters)
Walk Between Raindrops;Donald Fagen;Cheap Xmas: Donald Fagen Complete (Édition StudioMasters)
Maxine;Donald Fagen;Cheap Xmas: Donald Fagen Complete (Édition StudioMasters)
The Nightfly;Donald Fagen;Cheap Xmas: Donald Fagen Complete (Édition StudioMasters)
Morph the Cat  (Reprise);Donald Fagen;Cheap Xmas: Donald Fagen Complete (Édition StudioMasters)
What I Do;Donald Fagen;Cheap Xmas: Donald Fagen Complete (Édition StudioMasters)
Mary Shut the Garden Door;Donald Fagen;Cheap Xmas: Donald Fagen Complete (Édition StudioMasters)
The Great Pagoda of Funn;Donald Fagen;Cheap Xmas: Donald Fagen Complete (Édition StudioMasters)
H Gang;Donald Fagen;Cheap Xmas: Donald Fagen Complete (Édition StudioMasters)
Brite Nightgown;Donald Fagen;Cheap Xmas: Donald Fagen Complete (Édition StudioMasters)
The Night Belongs to Mona;Donald Fagen;Cheap Xmas: Donald Fagen Complete (Édition StudioMasters)
Morph the Cat;Donald Fagen;Cheap Xmas: Donald Fagen Complete (Édition StudioMasters)
Security Joan;Donald Fagen;Cheap Xmas: Donald Fagen Complete (Édition StudioMasters)
On the Dunes;Donald Fagen;Cheap Xmas: Donald Fagen Complete (Édition StudioMasters)
Teahouse on the Tracks;Donald Fagen;Cheap Xmas: Donald Fagen Complete (Édition StudioMasters)
Tomorrow's Girls;Donald Fagen;Cheap Xmas: Donald Fagen Complete (Édition StudioMasters)
Snowbound;Donald Fagen;Cheap Xmas: Donald Fagen Complete (Édition StudioMasters)
Countermoon;Donald Fagen;Cheap Xmas: Donald Fagen Complete (Édition StudioMasters)
Florida Room;Donald Fagen;Cheap Xmas: Donald Fagen Complete (Édition StudioMasters)
Trans-Island Skyway;Donald Fagen;Cheap Xmas: Donald Fagen Complete (Édition StudioMasters)
Springtime;Donald Fagen;Cheap Xmas: Donald Fagen Complete (Édition StudioMasters)
I'm Not the Same Without You;Donald Fagen;Cheap Xmas: Donald Fagen Complete (Édition StudioMasters)
Planet D'Rhonda;Donald Fagen;Cheap Xmas: Donald Fagen Complete (Édition StudioMasters)
Good Stuff;Donald Fagen;Cheap Xmas: Donald Fagen Complete (Édition StudioMasters)
Memorabilia;Donald Fagen;Cheap Xmas: Donald Fagen Complete (Édition StudioMasters)
Slinky Thing;Donald Fagen;Cheap Xmas: Donald Fagen Complete (Édition StudioMasters)
The New Breed;Donald Fagen;Cheap Xmas: Donald Fagen Complete (Édition StudioMasters)
Weather in My Head;Donald Fagen;Cheap Xmas: Donald Fagen Complete (Édition StudioMasters)
Miss Marlene;Donald Fagen;Cheap Xmas: Donald Fagen Complete (Édition StudioMasters)
Out of the Ghetto;Donald Fagen;Cheap Xmas: Donald Fagen Complete (Édition StudioMasters)
True Companion  (Soundtrack Version);Donald Fagen;Cheap Xmas: Donald Fagen Complete (Édition StudioMasters)
Century's End;Donald Fagen;Cheap Xmas: Donald Fagen Complete (Édition StudioMasters)
Hank's Pad  (Live);Donald Fagen;Cheap Xmas: Donald Fagen Complete (Édition StudioMasters)
Confide in Me  (Demo);Donald Fagen;Cheap Xmas: Donald Fagen Complete (Édition StudioMasters)
Viva Viva Rock 'N' Roll  (Live);Donald Fagen;Cheap Xmas: Donald Fagen Complete (Édition StudioMasters)
Shanghai Confidential;Donald Fagen;Cheap Xmas: Donald Fagen Complete (Édition StudioMasters)
Rhymes;Donald Fagen;Cheap Xmas: Donald Fagen Complete (Édition StudioMasters)
Blue Lou (From the Motion Picture Glengarry Glenn Ross);Donald Fagen;Cheap Xmas: Donald Fagen Complete (Édition StudioMasters)
Big Noise New York  (Demo);Donald Fagen;Cheap Xmas: Donald Fagen Complete (Édition StudioMasters)
Green Flower Street  (Live at the Beacon);Donald Fagen;Cheap Xmas: Donald Fagen Complete (Édition StudioMasters)
On the Dunes;Donald Fagen;Kamakiriad 
Teahouse on the Tracks;Donald Fagen;Kamakiriad 
Tomorrow's Girls;Donald Fagen;Kamakiriad 
Snowbound;Donald Fagen;Kamakiriad 
Countermoon;Donald Fagen;Kamakiriad 
Florida Room;Donald Fagen;Kamakiriad 
Trans-Island Skyway;Donald Fagen;Kamakiriad 
Springtime;Donald Fagen;Kamakiriad 
Used to Be a Sweet Boy  (2014 Remaster);Morrissey;Vauxhall and I 
The Lazy Sunbathers  (2014 Remaster);Morrissey;Vauxhall and I 
Spring-Heeled Jim  (2014 Remaster);Morrissey;Vauxhall and I 
Billy Budd  (2014 Remaster);Morrissey;Vauxhall and I 
Why Don't You Find out for Yourself  (2014 Remaster);Morrissey;Vauxhall and I 
I Am Hated for Loving  (2014 Remaster);Morrissey;Vauxhall and I 
Lifeguard Sleeping, Girl Drowning  (2014 Remaster);Morrissey;Vauxhall and I 
Hold on to Your Friends  (2014 Remaster);Morrissey;Vauxhall and I 
Speedway  (2014 Remaster);Morrissey;Vauxhall and I 
Now My Heart Is Full  (2014 Remaster);Morrissey;Vauxhall and I 
The More You Ignore Me, the Closer I Get  (2014 Remaster);Morrissey;Vauxhall and I 
Everyday Is Like Sunday  (2011 Remaster);Morrissey;Viva Hate (2011 - Remaster)
Angel Angel Down We Go Together  (2011 Remaster);Morrissey;Viva Hate (2011 - Remaster)
Little Man, What Now?  (2011 Remaster);Morrissey;Viva Hate (2011 - Remaster)
Suedehead  (2011 Remaster);Morrissey;Viva Hate (2011 - Remaster)
Bengali in Platforms  (2011 Remaster);Morrissey;Viva Hate (2011 - Remaster)
I Don't Mind If You Forget Me  (2011 Remaster);Morrissey;Viva Hate (2011 - Remaster)
Alsatian Cousin  (2011 Remaster);Morrissey;Viva Hate (2011 - Remaster)
Break up the Family  (2011 Remaster);Morrissey;Viva Hate (2011 - Remaster)
Late Night, Maudlin Street  (2011 Remaster);Morrissey;Viva Hate (2011 - Remaster)
Margaret on the Guillotine  (2011 Remaster);Morrissey;Viva Hate (2011 - Remaster)
Dial-a-Cliché  (2011 Remaster);Morrissey;Viva Hate (2011 - Remaster)
Treat Me Like a Human Being  (2011 Remaster);Morrissey;Viva Hate (2011 - Remaster)
We Hate It When Our Friends Become Successful  (2014 Remaster);Morrissey;Your Arsenal (Definitive Master)
I Know It's Gonna Happen Someday  (2014 Remaster);Morrissey;Your Arsenal (Definitive Master)
Tomorrow  (2014 Remaster);Morrissey;Your Arsenal (Definitive Master)
Seasick, yet Still Docked  (2014 Remaster);Morrissey;Your Arsenal (Definitive Master)
You're Gonna Need Someone on Your Side  (2014 Remaster);Morrissey;Your Arsenal (Definitive Master)
You're the One for Me, Fatty  (2014 Remaster);Morrissey;Your Arsenal (Definitive Master)
We'll Let You Know  (2014 Remaster);Morrissey;Your Arsenal (Definitive Master)
Certain People I Know  (2014 Remaster);Morrissey;Your Arsenal (Definitive Master)
Glamorous Glue  (2014 Remaster);Morrissey;Your Arsenal (Definitive Master)
The National Front Disco  (2014 Remaster);Morrissey;Your Arsenal (Definitive Master)
Planets;Butler, Blake & Grant;Murmurs
Winter;Butler, Blake & Grant;Murmurs
Dark & Lonely;Butler, Blake & Grant;Murmurs
Did I Say;Butler, Blake & Grant;Murmurs
Souvenir;Butler, Blake & Grant;Murmurs
Me & Magdalena;Butler, Blake & Grant;Murmurs
Not Alone;Butler, Blake & Grant;Murmurs
People Move On;Butler, Blake & Grant;Murmurs
Last Ship On The River;Butler, Blake & Grant;Murmurs
Does It All Add Up To Nothing;Butler, Blake & Grant;Murmurs
One And One Is Two;Butler, Blake & Grant;Butler, Blake and Grant
Rosus Posus;Butler, Blake & Grant;Butler, Blake and Grant
The 90s;Butler, Blake & Grant;Butler, Blake and Grant
Bring An End;Butler, Blake & Grant;Butler, Blake and Grant
Seemed She Always Knew;Butler, Blake & Grant;Butler, Blake and Grant
The Old Mortality;Butler, Blake & Grant;Butler, Blake and Grant
Down By The Sea;Butler, Blake & Grant;Butler, Blake and Grant
Girl With a Little Black Number;Butler, Blake & Grant;Butler, Blake and Grant
Writing's On The Wall;Butler, Blake & Grant;Butler, Blake and Grant
There's Always Something You Can Change;Butler, Blake & Grant;Butler, Blake and Grant
When Doves Cry (LP Version);Prince;Purple Rain
Darling Nikki (LP Version);Prince;Purple Rain
Let's Go Crazy (LP Version);Prince;Purple Rain
Computer Blue (LP Version);Prince;Purple Rain
I Would Die 4 U;Prince;Purple Rain
Baby I'm a Star (LP Version);Prince;Purple Rain
The Beautiful Ones (LP Version);Prince;Purple Rain
Take Me with U (LP Version);Prince;Purple Rain
Purple Rain;Prince;Purple Rain
Little Red Corvette  (Live In Syracuse, March 30, 1985 - 2022 Remaster);Prince;Prince and The Revolution: Live 
International Lover  (Live In Syracuse, March 30, 1985 - 2022 Remaster);Prince;Prince and The Revolution: Live 
Baby I'm a Star  (Live In Syracuse, March 30, 1985 - 2022 Remaster);Prince;Prince and The Revolution: Live 
Possessed  (Live In Syracuse, March 30, 1985 - 2022 Remaster);Prince;Prince and The Revolution: Live 
Do Me, Baby  (Live In Syracuse, March 30, 1985 - 2022 Remaster);Prince;Prince and The Revolution: Live 
Delirious  (Live In Syracuse, March 30, 1985 - 2022 Remaster);Prince;Prince and The Revolution: Live 
Computer Blue  (Live In Syracuse, March 30, 1985 - 2022 Remaster);Prince;Prince and The Revolution: Live 
Yankee Doodle  (Live In Syracuse, March 30, 1985 - 2022 Remaster);Prince;Prince and The Revolution: Live 
I Would Die 4 U  (Live In Syracuse, March 30, 1985 - 2022 Remaster);Prince;Prince and The Revolution: Live 
The Beautiful Ones  (Live In Syracuse, March 30, 1985 - 2022 Remaster);Prince;Prince and The Revolution: Live 
Irresistible Bitch  (Live In Syracuse, March 30, 1985 - 2022 Remaster);Prince;Prince and The Revolution: Live 
When Doves Cry  (Live In Syracuse, March 30, 1985 - 2022 Remaster);Prince;Prince and The Revolution: Live 
How Come U Don't Call Me Anymore  (Live In Syracuse, March 30, 1985 - 2022 Remaster);Prince;Prince and The Revolution: Live 
Let's Go Crazy  (Live In Syracuse, March 30, 1985 - 2022 Remaster);Prince;Prince and The Revolution: Live 
1999  (Live In Syracuse, March 30, 1985 - 2022 Remaster);Prince;Prince and The Revolution: Live 
Purple Rain  (Live In Syracuse, March 30, 1985 - 2022 Remaster);Prince;Prince and The Revolution: Live 
Darling Nikki  (Live In Syracuse, March 30, 1985 - 2022 Remaster);Prince;Prince and The Revolution: Live 
Let's Pretend We're Married  (Live In Syracuse, March 30, 1985 - 2022 Remaster);Prince;Prince and The Revolution: Live 
Take Me With U  (Live In Syracuse, March 30, 1985 - 2022 Remaster);Prince;Prince and The Revolution: Live 
God  (Live In Syracuse, March 30, 1985 - 2022 Remaster);Prince;Prince and The Revolution: Live 
Anotherloverholenyohead (LP Version);Prince;Parade - Music from the Motion Picture Under the Cherry Moon
Mountains (LP Version);Prince;Parade - Music from the Motion Picture Under the Cherry Moon
Under the Cherry Moon (LP Version);Prince;Parade - Music from the Motion Picture Under the Cherry Moon
I Wonder U (LP Version);Prince;Parade - Music from the Motion Picture Under the Cherry Moon
Girls & Boys (LP Version);Prince;Parade - Music from the Motion Picture Under the Cherry Moon
Venus De Milo (LP Version);Prince;Parade - Music from the Motion Picture Under the Cherry Moon
New Position (LP Version);Prince;Parade - Music from the Motion Picture Under the Cherry Moon
Christopher Tracy's Parade (LP Version);Prince;Parade - Music from the Motion Picture Under the Cherry Moon
Life Can Be so Nice (LP Version);Prince;Parade - Music from the Motion Picture Under the Cherry Moon
Sometimes It Snows in April (LP Version);Prince;Parade - Music from the Motion Picture Under the Cherry Moon
Kiss (LP Version);Prince;Parade - Music from the Motion Picture Under the Cherry Moon
Do U Lie? (LP Version);Prince;Parade - Music from the Motion Picture Under the Cherry Moon
"America (12"" Version)  (2025 Remaster)";Prince;Around the World in a Day (Deluxe Edition) 
Pop Life  (2025 Remaster);Prince;Around the World in a Day (Deluxe Edition) 
The Ladder  (2025 Remaster);Prince;Around the World in a Day (Deluxe Edition) 
Around the World in a Day  (2025 Remaster);Prince;Around the World in a Day (Deluxe Edition) 
America  (2025 Remaster);Prince;Around the World in a Day (Deluxe Edition) 
Paisley Park  (2025 Remaster);Prince;Around the World in a Day (Deluxe Edition) 
Raspberry Beret  (2025 Remaster);Prince;Around the World in a Day (Deluxe Edition) 
Condition of the Heart  (2025 Remaster);Prince;Around the World in a Day (Deluxe Edition) 
Temptation  (2025 Remaster);Prince;Around the World in a Day (Deluxe Edition) 
Tamborine  (2025 Remaster);Prince;Around the World in a Day (Deluxe Edition) 
"Hello  (7"" Version)";Prince;Around the World in a Day (Deluxe Edition) 
4 the Tears in Your Eyes ('We Are The World' Version)  (2025 Remaster);Prince;Around the World in a Day (Deluxe Edition) 
Pop Life (Extended Version)  (2025 Remaster);Prince;Around the World in a Day (Deluxe Edition) 
She's Always in My Hair  (New Mix);Prince;Around the World in a Day (Deluxe Edition) 
"She's Always in My Hair (7"" Version)  (2025 Remaster)";Prince;Around the World in a Day (Deluxe Edition) 
4 the Tears in Your Eyes ('The Hits/The B-Sides' Version)  (2025 Remaster);Prince;Around the World in a Day (Deluxe Edition) 
"Girl  (7"" Version)";Prince;Around the World in a Day (Deluxe Edition) 
Raspberry Beret (New Mix)  (2025 Remaster);Prince;Around the World in a Day (Deluxe Edition) 
Paisley Park (Remix)  (2025 Remaster);Prince;Around the World in a Day (Deluxe Edition) 
"Girl (12"" Version)  (2025 Remaster)";Prince;Around the World in a Day (Deluxe Edition) 
Hello (Fresh Dance Mix)  (2025 Remaster);Prince;Around the World in a Day (Deluxe Edition) 
Pop Life (Fresh Dance Mix)  (2025 Remaster);Prince;Around the World in a Day (Deluxe Edition) 
The Dove;Linda Hoover;I Mean to Shine
4+20;Linda Hoover;I Mean to Shine
In a Station;Linda Hoover;I Mean to Shine
Roll Back the Meaning;Linda Hoover;I Mean to Shine
Autumn;Linda Hoover;I Mean to Shine
Jones;Linda Hoover;I Mean to Shine
I Mean to Shine;Linda Hoover;I Mean to Shine
City Mug;Linda Hoover;I Mean to Shine
Turn My Friend Away;Linda Hoover;I Mean to Shine
Roaring of the Lamb;Linda Hoover;I Mean to Shine
Mama Tears;Linda Hoover;I Mean to Shine
Le funi;Flavio Giurato;Marco Polo
La Provvidenza;Flavio Giurato;Marco Polo
Marco Polo;Flavio Giurato;Marco Polo
Marco e Monica;Flavio Giurato;Marco Polo
L'oriente;Flavio Giurato;Marco Polo
Il gran khan;Flavio Giurato;Marco Polo
Vela e mare;Flavio Giurato;Marco Polo
I punti cardinali;Flavio Giurato;Marco Polo
Nel deserto armeno;Flavio Giurato;Marco Polo
Centocelle;Flavio Giurato;Il Manuale Del Cantautore
Praga;Flavio Giurato;Il Manuale Del Cantautore
Mi-lang;Flavio Giurato;Il Manuale Del Cantautore
I Dinosauri;Flavio Giurato;Il Manuale Del Cantautore
L'ufficialino;Flavio Giurato;Il Manuale Del Cantautore
La Giulia Bianca;Flavio Giurato;Il Manuale Del Cantautore
Core Addannato;Flavio Giurato;Il Manuale Del Cantautore
Il Manuale Del Cantautore;Flavio Giurato;Il Manuale Del Cantautore
La Tentazione;Flavio Giurato;Il Manuale Del Cantautore
Silvia Baraldini;Flavio Giurato;Il Manuale Del Cantautore
Ustica;Flavio Giurato;Il Manuale Del Cantautore
Il Caso Nesta;Flavio Giurato;Il Manuale Del Cantautore
Il Console Generale;Flavio Giurato;Il Console Generale
Ricarica;Flavio Giurato;Il Console Generale
Laura e il Cubano;Flavio Giurato;Il Console Generale
La prossima liberazione;Flavio Giurato;Il Console Generale
Intrepid Cosmonaut;Flavio Giurato;Il Console Generale
Tahiti Tamurè;Flavio Giurato;Il Console Generale
Caravan;Flavio Giurato;Il Console Generale
Atene 4;Flavio Giurato;Il Console Generale
L'acchiappatore dell'acqua;Flavio Giurato;Il tuffatore
Valterchiari;Flavio Giurato;Il tuffatore
Orbetello;Flavio Giurato;Il tuffatore
Marcia nuziale;Flavio Giurato;Il tuffatore
La scuola di Congas;Flavio Giurato;Il tuffatore
La stanza del mezzosogno;Flavio Giurato;Il tuffatore
Notte di concerto;Flavio Giurato;Il tuffatore
Orbetello ali e nomi;Flavio Giurato;Il tuffatore
Introduzione;Flavio Giurato;Il tuffatore
Il tuffatore;Flavio Giurato;Il tuffatore
Il coro dei ragazzi;Flavio Giurato;Il tuffatore
Simone;Flavio Giurato;Il tuffatore
L'ipocrisia;Flavio Giurato;Le promesse del mondo
Agua mineral;Flavio Giurato;Le promesse del mondo
Snuff Song;Flavio Giurato;Le promesse del mondo
Soundcheck;Flavio Giurato;Le promesse del mondo
Digos;Flavio Giurato;Le promesse del mondo
I lupi;Flavio Giurato;Le promesse del mondo
Ponte Salario;Flavio Giurato;Le promesse del mondo
Le promesse del mondo;Flavio Giurato;Le promesse del mondo
In mezzo al cammino;Flavio Giurato;Le promesse del mondo
Time  (2023 Remaster);Pink Floyd;The Dark Side Of The Moon (50th Anniversary) 
Us And Them  (2023 Remaster);Pink Floyd;The Dark Side Of The Moon (50th Anniversary) 
The Great Gig In The Sky  (2023 Remaster);Pink Floyd;The Dark Side Of The Moon (50th Anniversary) 
On The Run  (2023 Remaster);Pink Floyd;The Dark Side Of The Moon (50th Anniversary) 
Brain Damage  (2023 Remaster);Pink Floyd;The Dark Side Of The Moon (50th Anniversary) 
Speak To Me  (2023 Remaster);Pink Floyd;The Dark Side Of The Moon (50th Anniversary) 
Breathe (In The Air)  (2023 Remaster);Pink Floyd;The Dark Side Of The Moon (50th Anniversary) 
Money  (2023 Remaster);Pink Floyd;The Dark Side Of The Moon (50th Anniversary) 
Eclipse  (2023 Remaster);Pink Floyd;The Dark Side Of The Moon (50th Anniversary) 
Any Colour You Like  (2023 Remaster);Pink Floyd;The Dark Side Of The Moon (50th Anniversary) 
Terminal Frost  (2019 Remix);Pink Floyd;A Momentary Lapse Of Reason
Signs Of Life  (2019 Remix);Pink Floyd;A Momentary Lapse Of Reason
Learning To Fly  (2019 Remix);Pink Floyd;A Momentary Lapse Of Reason
Yet Another Movie  (2019 Remix);Pink Floyd;A Momentary Lapse Of Reason
On The Turning Away  (2019 Remix);Pink Floyd;A Momentary Lapse Of Reason
Round And Around  (2019 Remix);Pink Floyd;A Momentary Lapse Of Reason
The Dogs Of War  (2019 Remix);Pink Floyd;A Momentary Lapse Of Reason
A New Machine (Pt. 2)  (2019 Remix);Pink Floyd;A Momentary Lapse Of Reason
Sorrow  (2019 Remix);Pink Floyd;A Momentary Lapse Of Reason
A New Machine (Pt. 1)  (2019 Remix);Pink Floyd;A Momentary Lapse Of Reason
One Slip  (2019 Remix);Pink Floyd;A Momentary Lapse Of Reason
Money ;Pink Floyd;Live at Knebworth 1990
Wish You Were Here ;Pink Floyd;Live at Knebworth 1990
Shine On You Crazy Diamond (Pts. 1-5) ;Pink Floyd;Live at Knebworth 1990
Sorrow ;Pink Floyd;Live at Knebworth 1990
Run Like Hell ;Pink Floyd;Live at Knebworth 1990
The Great Gig In The Sky ;Pink Floyd;Live at Knebworth 1990
Comfortably Numb ;Pink Floyd;Live at Knebworth 1990
Dogs  (2018 Remix);Pink Floyd;Animals 
Pigs On The Wing 2  (2018 Remix);Pink Floyd;Animals 
Pigs (Three Different Ones)  (2018 Remix);Pink Floyd;Animals 
Sheep  (2018 Remix);Pink Floyd;Animals 
Pigs On The Wing 1  (2018 Remix);Pink Floyd;Animals 
Welcome to the Machine;Pink Floyd;Wish You Were Here 50
Wish You Were Here;Pink Floyd;Wish You Were Here 50
Shine On You Crazy Diamond (Pts. 1-5);Pink Floyd;Wish You Were Here 50
Have a Cigar;Pink Floyd;Wish You Were Here 50
Shine On You Crazy Diamond (Pts. 6-9);Pink Floyd;Wish You Were Here 50
You've Got To Be Crazy (Live from the Los Angeles Sports Arena, 1975);Pink Floyd;Wish You Were Here 50
Brain Damage (Live from the Los Angeles Sports Arena, 1975);Pink Floyd;Wish You Were Here 50
Any Colour You Like (Live from the Los Angeles Sports Arena, 1975);Pink Floyd;Wish You Were Here 50
Money (Live from the Los Angeles Sports Arena, 1975);Pink Floyd;Wish You Were Here 50
Speak to Me (Live from the Los Angeles Sports Arena, 1975);Pink Floyd;Wish You Were Here 50
Shine On You Crazy Diamond (Pts. 6-9) (Live from the Los Angeles Sports Arena, 1975);Pink Floyd;Wish You Were Here 50
Echoes (Live from the Los Angeles Sports Arena, 1975);Pink Floyd;Wish You Were Here 50
The Great Gig in the Sky (Live from the Los Angeles Sports Arena, 1975);Pink Floyd;Wish You Were Here 50
Us and Them (Live from the Los Angeles Sports Arena, 1975);Pink Floyd;Wish You Were Here 50
Breathe (In the Air) (Live from the Los Angeles Sports Arena, 1975);Pink Floyd;Wish You Were Here 50
Raving And Drooling (Live from the Los Angeles Sports Arena, 1975);Pink Floyd;Wish You Were Here 50
On the Run (Live from the Los Angeles Sports Arena, 1975);Pink Floyd;Wish You Were Here 50
Have a Cigar (Live from the Los Angeles Sports Arena, 1975);Pink Floyd;Wish You Were Here 50
Shine On You Crazy Diamond (Pts. 1-5) (Live from the Los Angeles Sports Arena, 1975);Pink Floyd;Wish You Were Here 50
Eclipse (Live from the Los Angeles Sports Arena, 1975);Pink Floyd;Wish You Were Here 50
Time (Live from the Los Angeles Sports Arena, 1975);Pink Floyd;Wish You Were Here 50
The Machine Song (Roger's Demo);Pink Floyd;Wish You Were Here 50
Shine On You Crazy Diamond (Early Instrumental Version, Rough Mix);Pink Floyd;Wish You Were Here 50
Wish You Were Here (Pedal Steel Instrumental Mix);Pink Floyd;Wish You Were Here 50
Wine Glasses;Pink Floyd;Wish You Were Here 50
Wish You Were Here;Pink Floyd;Wish You Were Here 50
The Machine Song (Demo #2, Revisited);Pink Floyd;Wish You Were Here 50
Shine On You Crazy Diamond (Pts. 1-9, New Stereo Mix);Pink Floyd;Wish You Were Here 50
Wish You Were Here (Take 1);Pink Floyd;Wish You Were Here 50
Have A Cigar (Alternate Version);Pink Floyd;Wish You Were Here 50
Side 2, Pt. 2: Skins (Stereo 96kHz/24bit);Pink Floyd;The Endless River
Side 1, Pt. 3: Ebb and Flow (Stereo 96kHz/24bit);Pink Floyd;The Endless River
Side 1, Pt. 2: It's What We Do (Stereo 96kHz/24bit);Pink Floyd;The Endless River
Side 3, Pt. 1: The Lost Art of Conversation (Stereo 96kHz/24bit);Pink Floyd;The Endless River
Side 1, Pt. 1: Things Left Unsaid (Stereo 96kHz/24bit);Pink Floyd;The Endless River
Side 2, Pt. 3: Unsung (Stereo 96kHz/24bit);Pink Floyd;The Endless River
Side 4, Pt. 4: Louder Than Words (Stereo 96kHz/24bit);Pink Floyd;The Endless River
Side 3, Pt. 2: On Noodle Street (Stereo 96kHz/24bit);Pink Floyd;The Endless River
Side 3, Pt. 5: Autumn '68 (Stereo 96kHz/24bit);Pink Floyd;The Endless River
Side 4, Pt. 1: Calling (Stereo 96kHz/24bit);Pink Floyd;The Endless River
Side 4, Pt. 3: Surfacing (Stereo 96kHz/24bit);Pink Floyd;The Endless River
Side 3, Pt. 7: Talkin' Hawkin' (Stereo 96kHz/24bit);Pink Floyd;The Endless River
Side 3, Pt. 6: Allons-y  (Stereo 96kHz/24bit);Pink Floyd;The Endless River
Side 4, Pt. 2: Eyes to Pearls (Stereo 96kHz/24bit);Pink Floyd;The Endless River
Side 2, Pt. 1: Sum (Stereo 96kHz/24bit);Pink Floyd;The Endless River
Side 3, Pt. 4: Allons-y (1) (Stereo 96kHz/24bit);Pink Floyd;The Endless River
Side 2, Pt. 4: Anisina (Stereo 96kHz/24bit);Pink Floyd;The Endless River
Side 3, Pt. 3: Night Light (Stereo 96kHz/24bit);Pink Floyd;The Endless River
Keep Talking ;Pink Floyd;The Division Bell 
Poles Apart ;Pink Floyd;The Division Bell 
Coming Back To Life ;Pink Floyd;The Division Bell 
Cluster One ;Pink Floyd;The Division Bell 
Wearing The Inside Out ;Pink Floyd;The Division Bell 
Lost For Words ;Pink Floyd;The Division Bell 
High Hopes ;Pink Floyd;The Division Bell 
Marooned ;Pink Floyd;The Division Bell 
Take It Back ;Pink Floyd;The Division Bell 
A Great Day For Freedom ;Pink Floyd;The Division Bell 
What Do You Want From Me ;Pink Floyd;The Division Bell 
Goodbye Blue Sky ;Pink Floyd;The Wall
Young Lust ;Pink Floyd;The Wall
In The Flesh? ;Pink Floyd;The Wall
The Thin Ice ;Pink Floyd;The Wall
Mother ;Pink Floyd;The Wall
One Of My Turns ;Pink Floyd;The Wall
The Happiest Days Of Our Lives ;Pink Floyd;The Wall
Goodbye Cruel World ;Pink Floyd;The Wall
Empty Spaces ;Pink Floyd;The Wall
Another Brick In The Wall, Pt. 1 ;Pink Floyd;The Wall
Another Brick In The Wall, Pt. 3 ;Pink Floyd;The Wall
Another Brick In The Wall, Pt. 2 ;Pink Floyd;The Wall
Don't Leave Me Now ;Pink Floyd;The Wall
Bring The Boys Back Home ;Pink Floyd;The Wall
Hey You ;Pink Floyd;The Wall
Run Like Hell ;Pink Floyd;The Wall
The Show Must Go On ;Pink Floyd;The Wall
Outside The Wall ;Pink Floyd;The Wall
In The Flesh ;Pink Floyd;The Wall
Nobody Home ;Pink Floyd;The Wall
Stop ;Pink Floyd;The Wall
Vera ;Pink Floyd;The Wall
Waiting For The Worms ;Pink Floyd;The Wall
The Trial ;Pink Floyd;The Wall
Comfortably Numb ;Pink Floyd;The Wall
Is There Anybody Out There? ;Pink Floyd;The Wall
When The Tigers Broke Free ;Pink Floyd;The Final Cut
Your Possible Pasts ;Pink Floyd;The Final Cut
Two Suns In The Sunset ;Pink Floyd;The Final Cut
Southampton Dock ;Pink Floyd;The Final Cut
The Final Cut ;Pink Floyd;The Final Cut
The Post War Dream;Pink Floyd;The Final Cut
The Gunner's Dream ;Pink Floyd;The Final Cut
One Of The Few ;Pink Floyd;The Final Cut
The Fletcher Memorial Home ;Pink Floyd;The Final Cut
Not Now John ;Pink Floyd;The Final Cut
Paranoid Eyes ;Pink Floyd;The Final Cut
The Hero's Return ;Pink Floyd;The Final Cut
Get Your Filthy Hands Off My Desert ;Pink Floyd;The Final Cut
Yet Another Movie  (Live);Pink Floyd;Delicate Sound Of Thunder
Sorrow  (Live);Pink Floyd;Delicate Sound Of Thunder
Shine On You Crazy Diamond  (Live);Pink Floyd;Delicate Sound Of Thunder
Learning To Fly  (Live);Pink Floyd;Delicate Sound Of Thunder
On The Turning Away  (Live);Pink Floyd;Delicate Sound Of Thunder
The Dogs Of War  (Live);Pink Floyd;Delicate Sound Of Thunder
Round And Around  (Live);Pink Floyd;Delicate Sound Of Thunder
Money  (Live);Pink Floyd;Delicate Sound Of Thunder
Another Brick In The Wall (Part 2)  (Live);Pink Floyd;Delicate Sound Of Thunder
Run Like Hell  (Live);Pink Floyd;Delicate Sound Of Thunder
Wish You Were Here  (Live);Pink Floyd;Delicate Sound Of Thunder
One Of These Days  (Live);Pink Floyd;Delicate Sound Of Thunder
Comfortably Numb  (Live);Pink Floyd;Delicate Sound Of Thunder
Us And Them  (Live);Pink Floyd;Delicate Sound Of Thunder
Time  (Live);Pink Floyd;Delicate Sound Of Thunder
The Farther Away I Am;Daryl Hall;Sacred Songs
NYCNY;Daryl Hall;Sacred Songs
Something In 4/4 Time;Daryl Hall;Sacred Songs
Babs and Babs;Daryl Hall;Sacred Songs
Don't Leave Me Alone With Her;Daryl Hall;Sacred Songs
Without Tears;Daryl Hall;Sacred Songs
Survive;Daryl Hall;Sacred Songs
Why Was It So Easy;Daryl Hall;Sacred Songs
Sacred Songs;Daryl Hall;Sacred Songs
Urban Landscape;Daryl Hall;Sacred Songs
Standing On The Corner Of The Third World;Tears For Fears;The Seeds Of Love
Sowing The Seeds Of Love;Tears For Fears;The Seeds Of Love
Woman In Chains;Tears For Fears;The Seeds Of Love
Bad Man's Song;Tears For Fears;The Seeds Of Love
Famous Last Words;Tears For Fears;The Seeds Of Love
Advice For The Young At Heart;Tears For Fears;The Seeds Of Love
Year Of The Knife;Tears For Fears;The Seeds Of Love
Swords And Knives;Tears For Fears;The Seeds Of Love
Year Of The Knife (Early Mix / Instrumental Version);Tears For Fears;The Seeds Of Love
Sowing The Seeds Of Love (Early Mix / Instrumental);Tears For Fears;The Seeds Of Love
Sowing The Seeds Of Love (Alternate Mix);Tears For Fears;The Seeds Of Love
Year Of The Knife (Instrumental Version);Tears For Fears;The Seeds Of Love
Year Of The Knife (Overture);Tears For Fears;The Seeds Of Love
"Johnny Panic And The Bible Of Dreams (Mix One / 7"" Edit)";Tears For Fears;The Seeds Of Love
"Year Of The Knife (Steve Chase 7"" Remix)";Tears For Fears;The Seeds Of Love
Bad Man's Song (Early Mix);Tears For Fears;The Seeds Of Love
Year Of The Knife (Canadian Single Version / Instrumental);Tears For Fears;The Seeds Of Love
Woman In Chains (Reprise);Tears For Fears;The Seeds Of Love
Woman In Chains (US Radio Edit 2);Tears For Fears;The Seeds Of Love
Tears Roll Down (Alternate Mix);Tears For Fears;The Seeds Of Love
Famous Last Words (French Radio Edit);Tears For Fears;The Seeds Of Love
Advice For The Young At Heart (Backing Track);Tears For Fears;The Seeds Of Love
Woman In Chains (Instrumental Version 2);Tears For Fears;The Seeds Of Love
"Sowing The Seeds Of Love (7"" Version)";Tears For Fears;The Seeds Of Love
Tears Roll Down;Tears For Fears;The Seeds Of Love
Woman In Chains (Single Version);Tears For Fears;The Seeds Of Love
Johnny Panic And The Bible Of Dreams (Instrumental Version);Tears For Fears;The Seeds Of Love
Woman In Chains (US Radio Edit);Tears For Fears;The Seeds Of Love
Year Of The Knife (Canadian Single Version);Tears For Fears;The Seeds Of Love
Advice For The Young At Heart (Italian Radio Edit);Tears For Fears;The Seeds Of Love
Johnny Panic And The Bible Of Dreams;Tears For Fears;The Seeds Of Love
Johnny Panic And The Bible Of Dreams (Mix One);Tears For Fears;The Seeds Of Love
Music For Tables;Tears For Fears;The Seeds Of Love
My Life In The Suicide Ranks;Tears For Fears;The Seeds Of Love
Always In The Past;Tears For Fears;The Seeds Of Love
Sowing The Seeds Of Love (US Radio Edit);Tears For Fears;The Seeds Of Love
Johnny Panic And The Bible Of Dreams (Mix Two);Tears For Fears;The Seeds Of Love
"Advice For The Young At Heart (7"" Version)";Tears For Fears;The Seeds Of Love
Woman In Chains (Townhouse Live Jam Sessions);Tears For Fears;The Seeds Of Love
Rhythm Of Life (Demo);Tears For Fears;The Seeds Of Love
Bad Man's Song (Townhouse Live Jam Sessions);Tears For Fears;The Seeds Of Love
Bad Man's Song (Langer / Winstanley Version / Instrumental Version);Tears For Fears;The Seeds Of Love
Broken (Townhouse Live Jam Sessions);Tears For Fears;The Seeds Of Love
Rhythm Of Life (Townhouse Live Jam Sessions);Tears For Fears;The Seeds Of Love
Standing On The Corner Of The Third World (Townhouse Live Jam Sessions);Tears For Fears;The Seeds Of Love
Sowing The Seeds Of Love (Instrumental / Demo);Tears For Fears;The Seeds Of Love
Advice For The Young At Heart (Demo);Tears For Fears;The Seeds Of Love
Swords And Knives (Demo);Tears For Fears;The Seeds Of Love
Bad Man's Song (Medley / Reprise / Townhouse Live Jam Sessions);Tears For Fears;The Seeds Of Love
Famous Last Words (Demo);Tears For Fears;The Seeds Of Love
Sea Song;Tears For Fears;Saturnine Martial & Lunatic
Schrodinger's Cat;Tears For Fears;Saturnine Martial & Lunatic
The Body Wah;Tears For Fears;Saturnine Martial & Lunatic
The Marauders;Tears For Fears;Saturnine Martial & Lunatic
The Big Chair;Tears For Fears;Saturnine Martial & Lunatic
When In Love With A Blind Man;Tears For Fears;Saturnine Martial & Lunatic
Always In The Past;Tears For Fears;Saturnine Martial & Lunatic
My Life In The Suicide Ranks;Tears For Fears;Saturnine Martial & Lunatic
Johnny Panic And The Bible Of Dreams (Fluke Remix);Tears For Fears;Saturnine Martial & Lunatic
Bloodletting Go;Tears For Fears;Saturnine Martial & Lunatic
Pharaohs (Single Version);Tears For Fears;Saturnine Martial & Lunatic
Deja-Vu And The Sins Of Science;Tears For Fears;Saturnine Martial & Lunatic
Ashes To Ashes;Tears For Fears;Saturnine Martial & Lunatic
New Star;Tears For Fears;Saturnine Martial & Lunatic
Lord Of Karma;Tears For Fears;Saturnine Martial & Lunatic
The Way You Are;Tears For Fears;Saturnine Martial & Lunatic
Tears Roll Down;Tears For Fears;Saturnine Martial & Lunatic
Empire Building;Tears For Fears;Saturnine Martial & Lunatic
Mad World;Tears For Fears;The Hurting
The Prisoner;Tears For Fears;The Hurting
Watch Me Bleed;Tears For Fears;The Hurting
Ideas As Opiates;Tears For Fears;The Hurting
The Way You Are (Extended);Tears For Fears;The Hurting
Pale Shelter (Long Version);Tears For Fears;The Hurting
The Hurting;Tears For Fears;The Hurting
Change (Extended Version);Tears For Fears;The Hurting
Pale Shelter (2nd Single Version);Tears For Fears;The Hurting
Change;Tears For Fears;The Hurting
Memories Fade;Tears For Fears;The Hurting
Suffer The Children;Tears For Fears;The Hurting
Mad World (World Remix);Tears For Fears;The Hurting
Start Of The Breakdown;Tears For Fears;The Hurting
Head Over Heels (Live From Franklin, TN);Tears For Fears;Songs For A Nervous Planet
The Girl That I Call Home;Tears For Fears;Songs For A Nervous Planet
Emily Said;Tears For Fears;Songs For A Nervous Planet
Pale Shelter (Live From Franklin, TN);Tears For Fears;Songs For A Nervous Planet
Mad World (Live From Franklin, TN);Tears For Fears;Songs For A Nervous Planet
Secret World (Live From Franklin, TN);Tears For Fears;Songs For A Nervous Planet
Suffer The Children (Live From Franklin, TN);Tears For Fears;Songs For A Nervous Planet
Sowing The Seeds Of Love (Live From Franklin, TN);Tears For Fears;Songs For A Nervous Planet
Change (Live From Franklin, TN);Tears For Fears;Songs For A Nervous Planet
Woman In Chains (Live From Franklin, TN);Tears For Fears;Songs For A Nervous Planet
Shout (Live From Franklin, TN);Tears For Fears;Songs For A Nervous Planet
Badman’s Song (Live From Franklin, TN);Tears For Fears;Songs For A Nervous Planet
Everybody Wants To Rule The World (Live From Franklin, TN);Tears For Fears;Songs For A Nervous Planet
Long, Long, Long Time (Live From Franklin, TN);Tears For Fears;Songs For A Nervous Planet
Rivers Of Mercy (Live From Franklin, TN);Tears For Fears;Songs For A Nervous Planet
Break The Man (Live From Franklin, TN);Tears For Fears;Songs For A Nervous Planet
The Tipping Point (Live From Franklin, TN);Tears For Fears;Songs For A Nervous Planet
Say Goodbye To Mum And Dad;Tears For Fears;Songs For A Nervous Planet
Astronaut;Tears For Fears;Songs For A Nervous Planet
My Demons (Live From Franklin, TN);Tears For Fears;Songs For A Nervous Planet
No Small Thing (Live From Franklin, TN);Tears For Fears;Songs For A Nervous Planet
Break It Down Again (Live From Franklin, TN);Tears For Fears;Songs For A Nervous Planet
Mr. Pessimist;Tears For Fears;Elemental
Power;Tears For Fears;Elemental
Dog's A Best Friend's Dog;Tears For Fears;Elemental
Brian Wilson Said;Tears For Fears;Elemental
Cold;Tears For Fears;Elemental
Elemental;Tears For Fears;Elemental
Gas Giants;Tears For Fears;Elemental
Fish Out Of Water;Tears For Fears;Elemental
Goodnight Song;Tears For Fears;Elemental
Break It Down Again;Tears For Fears;Elemental
Sorry (Album Version);Tears For Fears;Raoul and The Kings of Spain
Falling Down (Album Version);Tears For Fears;Raoul and The Kings of Spain
Sketches of Pain (Album Version);Tears For Fears;Raoul and The Kings of Spain
I Choose You (Album Version);Tears For Fears;Raoul and The Kings of Spain
Los Reyes Catolicos (Album Version);Tears For Fears;Raoul and The Kings of Spain
Me And My Big Ideas (Album Version);Tears For Fears;Raoul and The Kings of Spain
Los Reyes Catolicos (Reprise) (Album Version);Tears For Fears;Raoul and The Kings of Spain
Don't Drink The Water (Album Version);Tears For Fears;Raoul and The Kings of Spain
Secrets (Album Version);Tears For Fears;Raoul and The Kings of Spain
Raoul and The Kings of Spain (Album Version);Tears For Fears;Raoul and The Kings of Spain
God's Mistake (Album Version);Tears For Fears;Raoul and The Kings of Spain
Humdrum and Humble (Album Version);Tears For Fears;Raoul and The Kings of Spain
Listen;Tears For Fears;Songs From The Big Chair
Shout (2014 Steven Wilson Mix);Tears For Fears;Songs From The Big Chair
Mothers Talk;Tears For Fears;Songs From The Big Chair
I Believe (2014 Steven Wilson Mix);Tears For Fears;Songs From The Big Chair
The Working Hour (2014 Steven Wilson Mix);Tears For Fears;Songs From The Big Chair
Shout;Tears For Fears;Songs From The Big Chair
Listen (2014 Steven Wilson Mix);Tears For Fears;Songs From The Big Chair
Everybody Wants To Rule The World (2014 Steven Wilson Mix);Tears For Fears;Songs From The Big Chair
Everybody Wants To Rule The World;Tears For Fears;Songs From The Big Chair
Broken (2014 Steven Wilson Mix);Tears For Fears;Songs From The Big Chair
Head Over Heels (2014 Steven Wilson Mix);Tears For Fears;Songs From The Big Chair
Head Over Heels / Broken;Tears For Fears;Songs From The Big Chair
The Working Hour;Tears For Fears;Songs From The Big Chair
Mothers Talk (2014 Steven Wilson Mix);Tears For Fears;Songs From The Big Chair
I Believe;Tears For Fears;Songs From The Big Chair
Broken;Tears For Fears;Songs From The Big Chair
Who You Are;Tears For Fears;Everybody Loves a Happy Ending
Everybody Loves a Happy Ending;Tears For Fears;Everybody Loves a Happy Ending
Ladybird;Tears For Fears;Everybody Loves a Happy Ending
The Devil;Tears For Fears;Everybody Loves a Happy Ending
Secret World;Tears For Fears;Everybody Loves a Happy Ending
Quiet Ones;Tears For Fears;Everybody Loves a Happy Ending
Last Days on Earth;Tears For Fears;Everybody Loves a Happy Ending
Size of Sorrow;Tears For Fears;Everybody Loves a Happy Ending
Killing with Kindness;Tears For Fears;Everybody Loves a Happy Ending
Who Killed Tangerine;Tears For Fears;Everybody Loves a Happy Ending
Closest Thing to Heaven;Tears For Fears;Everybody Loves a Happy Ending
Call Me Mellow;Tears For Fears;Everybody Loves a Happy Ending
The Tipping Point;Tears For Fears;The Tipping Point
Break The Man;Tears For Fears;The Tipping Point
Please Be Happy;Tears For Fears;The Tipping Point
Long, Long, Long Time;Tears For Fears;The Tipping Point
Master Plan;Tears For Fears;The Tipping Point
End Of Night;Tears For Fears;The Tipping Point
My Demons;Tears For Fears;The Tipping Point
Stay;Tears For Fears;The Tipping Point
No Small Thing;Tears For Fears;The Tipping Point
Rivers Of Mercy;Tears For Fears;The Tipping Point
2nd Emotion (Album Version);Rosie Vela;Zazu
Interlude (Album Version);Rosie Vela;Zazu
Zazu (Album Version);Rosie Vela;Zazu
Magic Smile;Rosie Vela;Zazu
Sunday (Album Version);Rosie Vela;Zazu
Boxs (Album Version);Rosie Vela;Zazu
Tonto (Album Version);Rosie Vela;Zazu
Taxi (Album Version);Rosie Vela;Zazu
Fool's Paradise (Album Version);Rosie Vela;Zazu
Goodnight and Goodmorning;Hall & Oates;Whole Oats
Lilly (Are You Happy);Hall & Oates;Whole Oats
They Needed Each Other;Hall & Oates;Whole Oats
Georgie;Hall & Oates;Whole Oats
I'm Sorry;Hall & Oates;Whole Oats
Fall in Philadelphia;Hall & Oates;Whole Oats
All Our Love;Hall & Oates;Whole Oats
Waterwheel;Hall & Oates;Whole Oats
Southeast City Window;Hall & Oates;Whole Oats
Thank You For...;Hall & Oates;Whole Oats
Lazyman;Hall & Oates;Whole Oats
Kerry;Hall & Oates;Bigger Than Both Of Us
London, Luck & Love;Hall & Oates;Bigger Than Both Of Us
Crazy Eyes;Hall & Oates;Bigger Than Both Of Us
Room To Breathe;Hall & Oates;Bigger Than Both Of Us
Rich Girl;Hall & Oates;Bigger Than Both Of Us
Do What You Want, Be What You Are;Hall & Oates;Bigger Than Both Of Us
Falling;Hall & Oates;Bigger Than Both Of Us
You'll Never Learn;Hall & Oates;Bigger Than Both Of Us
Back Together Again;Hall & Oates;Bigger Than Both Of Us
Some Men (Remastered);Hall & Oates;Private Eyes (Expanded Edition)
Head Above Water (Remastered);Hall & Oates;Private Eyes (Expanded Edition)
Your Imagination (Remastered 2003);Hall & Oates;Private Eyes (Expanded Edition)
Did It In A Minute (Remastered 2003);Hall & Oates;Private Eyes (Expanded Edition)
Tell Me What You Want (Remastered);Hall & Oates;Private Eyes (Expanded Edition)
I Can't Go For That (No Can Co) (Extended Club Mix);Hall & Oates;Private Eyes (Expanded Edition)
Looking For A Good Sign (Remastered);Hall & Oates;Private Eyes (Expanded Edition)
Unguarded Minute (Remastered);Hall & Oates;Private Eyes (Expanded Edition)
Mano A Mano (Remastered);Hall & Oates;Private Eyes (Expanded Edition)
Friday Let Me Down (Remastered);Hall & Oates;Private Eyes (Expanded Edition)
Your Imagination (Disco Remix);Hall & Oates;Private Eyes (Expanded Edition)
I Can't Go For That (No Can Do) (Remastered 2003);Hall & Oates;Private Eyes (Expanded Edition)
Private Eyes (Remastered 2003);Hall & Oates;Private Eyes (Expanded Edition)
Laughing Boy;Hall & Oates;Abandoned Luncheonette
Abandoned Luncheonette;Hall & Oates;Abandoned Luncheonette
Everytime I Look at You;Hall & Oates;Abandoned Luncheonette
I'm Just a Kid (Don't Make Me Feel Like a Man);Hall & Oates;Abandoned Luncheonette
Las Vegas Turnaround (The Stewardess Song);Hall & Oates;Abandoned Luncheonette
When the Morning Comes;Hall & Oates;Abandoned Luncheonette
She's Gone;Various Interprets;Abandoned Luncheonette
Had I Known You Better Then;Hall & Oates;Abandoned Luncheonette
Lady Rain;Hall & Oates;Abandoned Luncheonette
Man on a Mission;Hall & Oates;Do It for Love
Getaway Car;Hall & Oates;Do It for Love
Do It for Love;Hall & Oates;Do It for Love
Breath of Your Life;Hall & Oates;Do It for Love
Love in a Dangerous Time;Hall & Oates;Do It for Love
Make You Stay;Hall & Oates;Do It for Love
Life's Too Short;Hall & Oates;Do It for Love
Intuition;Hall & Oates;Do It for Love
Heartbreak Time;Hall & Oates;Do It for Love
Someday We'll Know (feat. Todd Rundgren);Hall & Oates;Do It for Love
Miss DJ;Hall & Oates;Do It for Love
Something About You;Hall & Oates;Do It for Love
(She) Got Me Bad;Hall & Oates;Do It for Love
Forever for You;Hall & Oates;Do It for Love
Diddy Doo Wop (I Hear The Voices) (Remastered);Hall & Oates;Voices
Big Kids (Remastered);Hall & Oates;Voices
How Does It Feel To Be Back (Remastered 2003);Hall & Oates;Voices
Hard To Be In Love With You (Remastered);Hall & Oates;Voices
You Make My Dreams (Remastered 2003);Hall & Oates;Voices
Africa (Remastered);Hall & Oates;Voices
Everytime You Go Away (Remastered 2003);Hall & Oates;Voices
Gotta Lotta Nerve (Perfect Perfect) (Remastered);Hall & Oates;Voices
You've Lost That Loving Feeling (Remastered 2003);Hall & Oates;Voices
Kiss On My List (Remastered 2003);Hall & Oates;Voices
United State (Remastered);Hall & Oates;Voices
Talking All Night;Hall & Oates;Ooh Yeah!
Realove;Hall & Oates;Ooh Yeah!
Everything Your Heart Desires;Hall & Oates;Ooh Yeah!
Downtown Life;Hall & Oates;Ooh Yeah!
I'm In Pieces;Hall & Oates;Ooh Yeah!
Rocket To God;Hall & Oates;Ooh Yeah!
Soul Love;Hall & Oates;Ooh Yeah!
Missed Opportunity;Hall & Oates;Ooh Yeah!
Keep On Pushin' Love;Hall & Oates;Ooh Yeah!
Rockability;Hall & Oates;Ooh Yeah!
One On One (Live at the Apollo Theater, Harlem, NY - May 1985);Daryl Hall;Live at the Apollo
Everytime You Go Away (Live at the Apollo Theater, Harlem, NY - May 1985);Daryl Hall;Live at the Apollo
I Can't Go for That (No Can Do) (Live at the Apollo Theater, Harlem, NY - May 1985);Daryl Hall;Live at the Apollo
When Something Is Wrong with My Baby (Live at the Apollo Theater, Harlem, NY - May 1985);Daryl Hall;Live at the Apollo
Apollo Medley (Live at the Apollo Theater, Harlem, NY - May 1985);Daryl Hall & John Oates;Live at the Apollo
Adult Education (Live at the Apollo Theater, Harlem, NY - May 1985);Daryl Hall;Live at the Apollo
Possession Obsession (Live at the Apollo Theater, Harlem, NY - May 1985);Daryl Hall;Live at the Apollo
Who Said The World Was Fair;Hall & Oates;X-Static (Expanded Edition)
Times Up (Alone Tonight);Hall & Oates;X-Static (Expanded Edition)
Intravino;Hall & Oates;X-Static (Expanded Edition)
Number One;Hall & Oates;X-Static (Expanded Edition)
The Woman Comes And Goes;Hall & Oates;X-Static (Expanded Edition)
No Brain No Pain;Hall & Oates;X-Static (Expanded Edition)
All You Want Is Heaven;Hall & Oates;X-Static (Expanded Edition)
Wait for Me;Hall & Oates;X-Static (Expanded Edition)
Hallafon;Hall & Oates;X-Static (Expanded Edition)
Bebop Drop;Hall & Oates;X-Static (Expanded Edition)
Portable Radio;Hall & Oates;X-Static (Expanded Edition)
Running From Paradise;Hall & Oates;X-Static (Expanded Edition)
Everywhere I Look;Hall & Oates;Change Of Season
Don't Hold Back Your Love;Hall & Oates;Change Of Season
So Close (Unplugged);Hall & Oates;Change Of Season
Change Of Season;Hall & Oates;Change Of Season
Starting All Over Again;Hall & Oates;Change Of Season
Halfway There;Hall & Oates;Change Of Season
Heavy Rain;Hall & Oates;Change Of Season
Give It Up (Old Habits);Hall & Oates;Change Of Season
I Ain't Gonna Take It This Time;Hall & Oates;Change Of Season
Sometimes A Mind Changes;Hall & Oates;Change Of Season
So Close;Hall & Oates;Change Of Season
Only Love;Daryl Hall;Change Of Season
Grounds for Separation;Hall & Oates;Daryl Hall & John Oates (The Silver Album)
Soldering;Hall & Oates;Daryl Hall & John Oates (The Silver Album)
Ennui On the Mountain;Hall & Oates;Daryl Hall & John Oates (The Silver Album)
Ice;Hall & Oates;Daryl Hall & John Oates (The Silver Album)
Out of Me, Out of You;Hall & Oates;Daryl Hall & John Oates (The Silver Album)
What's Important To Me;Hall & Oates;Daryl Hall & John Oates (The Silver Album)
Gino (The Manager);Hall & Oates;Daryl Hall & John Oates (The Silver Album)
Sara Smile;Hall & Oates;Daryl Hall & John Oates (The Silver Album)
Camellia;Hall & Oates;Daryl Hall & John Oates (The Silver Album)
(You Know) It Doesn't Matter Anymore;Hall & Oates;Daryl Hall & John Oates (The Silver Album)
Nothing At All;Hall & Oates;Daryl Hall & John Oates (The Silver Album)
Alone Too Long;Hall & Oates;Daryl Hall & John Oates (The Silver Album)
I Can Dream About You;Hall & Oates;Our Kind of Soul
Soul Violins;Hall & Oates;Our Kind of Soul
I'll Be Around;Hall & Oates;Our Kind of Soul
After the Dance;Hall & Oates;Our Kind of Soul
Don't Turn Your Back on Me;Hall & Oates;Our Kind of Soul
Me & Mrs. Jones  (Live);Hall & Oates;Our Kind of Soul
Can't Get Enough of Your Love;Hall & Oates;Our Kind of Soul
Whatcha See Is Whatcha Get;Hall & Oates;Our Kind of Soul
Rock Steady;Hall & Oates;Our Kind of Soul
Let Love Take Control;Hall & Oates;Our Kind of Soul
Fading Away;Hall & Oates;Our Kind of Soul
Standing in the Shadows of Love;Hall & Oates;Our Kind of Soul
Used to Be My Girl;Hall & Oates;Our Kind of Soul
Ooh Child;Hall & Oates;Our Kind of Soul
You Are Everything;Hall & Oates;Our Kind of Soul
I'm Still In Love with You;Hall & Oates;Our Kind of Soul
Neither One of Us;Hall & Oates;Our Kind of Soul
Love TKO;Hall & Oates;Our Kind of Soul
Better Watch Your Back;Hall & Oates;War Babies
War Baby Son of Zorro;Hall & Oates;War Babies
"Johnny Gore and the ""C"" Eaters";Hall & Oates;War Babies
You're Much Too Soon;Hall & Oates;War Babies
70's Scenario;Hall & Oates;War Babies
Can't Stop the Music (He Played It Much Too Long);Hall & Oates;War Babies
I'm Watching You (A Mutant Romance);Hall & Oates;War Babies
Screaming Through December;Hall & Oates;War Babies
Is It a Star;Hall & Oates;War Babies
Beane G. and the Rose Tattoo;Hall & Oates;War Babies
Possession Obsession;Daryl Hall;Big Bam Boom
Cold Dark and Yesterday;Daryl Hall;Big Bam Boom
All American Girl;Daryl Hall;Big Bam Boom
Method of Modern Love;Hall & Oates;Big Bam Boom
Bank On Your Love;Daryl Hall;Big Bam Boom
Dance On Your Knees;Daryl Hall;Big Bam Boom
Out of Touch  (Video Mix);Hall & Oates;Big Bam Boom
Some Things Are Better Left Unsaid;Daryl Hall;Big Bam Boom
Going Thru the Motions;Daryl Hall;Big Bam Boom
Bad Habits and Infections;Hall & Oates;Beauty On a Back Street
You Must Be Good for Something;Hall & Oates;Beauty On a Back Street
Love Hurts (Love Heals);Hall & Oates;Beauty On a Back Street
Bigger Than Both of Us;Hall & Oates;Beauty On a Back Street
The Girl Who Used to Be;Hall & Oates;Beauty On a Back Street
Winged Bull;Hall & Oates;Beauty On a Back Street
The Emptyness;Hall & Oates;Beauty On a Back Street
Don't Change;Hall & Oates;Beauty On a Back Street
Why Do Lovers Break Each Other's Heart?;Hall & Oates;Beauty On a Back Street
The Sky Is Falling;Hall & Oates;Marigold Sky
Hold on to Yourself  (Remix);Hall & Oates;Marigold Sky
Out of the Blue;Hall & Oates;Marigold Sky
Romeo Is Bleeding  (Radio Edit);Hall & Oates;Marigold Sky
Throw the Roses Away;Hall & Oates;Marigold Sky
Promise Ain't Enough;Hall & Oates;Marigold Sky
Love out Loud;Hall & Oates;Marigold Sky
Marigold Sky;Hall & Oates;Marigold Sky
War of Words;Hall & Oates;Marigold Sky
Time Won't Pass Me By;Hall & Oates;Marigold Sky
Romeo Is Bleeding;Hall & Oates;Marigold Sky
Hold on to Yourself;Hall & Oates;Marigold Sky
The Sky Is Falling  (Hot Mix);Hall & Oates;Marigold Sky
I Don't Think So;Hall & Oates;Marigold Sky
Want To;Hall & Oates;Marigold Sky
Melody For A Memory;Pat Martin;Along The Red Ledge
Alley Katz;Hall & Oates;Along The Red Ledge
It's A Laugh;Hall & Oates;Along The Red Ledge
Don't Blame It On Love;Hall & Oates;Along The Red Ledge
Have I Been Away Too Long;Hall & Oates;Along The Red Ledge
Serious Music;Pat Martin;Along The Red Ledge
I Don't Wanna Lose You;Various Interprets;Along The Red Ledge
The Last Time;Hall & Oates;Along The Red Ledge
August Day;Hall & Oates;Along The Red Ledge
Pleasure Beach;Pat Martin;Along The Red Ledge
Kiss On My List (Live In Dublin / 2014);Shane Theriot;Live In Dublin
Sara Smile (Live In Dublin / 2014);Shane Theriot;Live In Dublin
Family Man (Live In Dublin / 2014);Hall & Oates;Live In Dublin
You Make My Dreams (Live In Dublin / 2014);Shane Theriot;Live In Dublin
Do What You Want, Be What You Are (Live In Dublin / 2014);Shane Theriot;Live In Dublin
Maneater (Live In Dublin / 2014);Shane Theriot;Live In Dublin
Rich Girl (Live In Dublin / 2014);Shane Theriot;Live In Dublin
Out Of Touch (Live In Dublin / 2014);Shane Theriot;Live In Dublin
I Can't Go For That (No Can Do) (Live In Dublin / 2014);Shane Theriot;Live In Dublin
It's Uncanny (Live In Dublin / 2014);Shane Theriot;Live In Dublin
Say It Isn't So (Live In Dublin / 2014);Shane Theriot;Live In Dublin
Las Vegas Turnaround (Live In Dublin / 2014);Shane Theriot;Live In Dublin
Private Eyes (Live In Dublin / 2014);Shane Theriot;Live In Dublin
Back Together Again (Live In Dublin / 2014);Shane Theriot;Live In Dublin
She's Gone (Live In Dublin / 2014);Shane Theriot;Live In Dublin
Italian Girls;Hall & Oates;H2O
At Tension;Hall & Oates;H2O
Family Man;Hall & Oates;H2O
Guessing Games;Hall & Oates;H2O
Open All Night;Hall & Oates;H2O
Maneater;Hall & Oates;H2O
Go Solo;Hall & Oates;H2O
One On One;Hall & Oates;H2O
Delayed Reaction;Hall & Oates;H2O
Crime Pays;Hall & Oates;H2O
Art of Heartbreak;Hall & Oates;H2O
Keep The Planet Spinning;Bill LaBounty;Love At The End Of The World
She Played Me;Bill LaBounty;Love At The End Of The World
Livin'It Up;Bill LaBounty;Love At The End Of The World
Anything I Can Do;Bill LaBounty;Love At The End Of The World
People Are Human;Bill LaBounty;Love At The End Of The World
Rainbow Road;Bill LaBounty;Love At The End Of The World
I'll Work It Out;Bill LaBounty;Love At The End Of The World
I'm Still Here;Bill LaBounty;Love At The End Of The World
When Blue Was A Color;Bill LaBounty;Love At The End Of The World
The Weekend;Bill LaBounty;Love At The End Of The World
Love At The End Of The World;Bill LaBounty;Love At The End Of The World
Secrets;Bill LaBounty;Bill LaBounty
Slow Fade;Bill LaBounty;Bill LaBounty
Never Gonna Look Back;Bill LaBounty;Bill LaBounty
Dream On;Bill LaBounty;Bill LaBounty
Look Who's Lonely Now;Bill LaBounty;Bill LaBounty
Comin' Back;Bill LaBounty;Bill LaBounty
Didn't Want To Say Goodbye;Bill LaBounty;Bill LaBounty
It Used To Be Me;Bill LaBounty;Bill LaBounty
Nobody's Fool;Bill LaBounty;Bill LaBounty
Livin' It Up;Bill LaBounty;Bill LaBounty
Since I Don't See You Anymore;Chris Rea;Tennis
Tennis;Chris Rea;Tennis
Sweet Kiss;Chris Rea;Tennis
Only with You;Chris Rea;Tennis
For Ever and Ever;Chris Rea;Tennis
Stick It;Chris Rea;Tennis
Good News;Chris Rea;Tennis
Friends Across the Water;Chris Rea;Tennis
Dancing Girls;Chris Rea;Tennis
Every Time I See You Smile;Chris Rea;Tennis
No Work Today;Chris Rea;Tennis
Distant Summers;Chris Rea;Tennis
Candles;Chris Rea;Water Sign
Out of the Darkness;Chris Rea;Water Sign
Deep Water;Chris Rea;Water Sign
Nothing's Happening by the Sea;Chris Rea;Water Sign
I Can Hear Your Heartbeat;Chris Rea;Water Sign
Hey You;Chris Rea;Water Sign
Let It Loose;Chris Rea;Water Sign
Midnight Blue;Chris Rea;Water Sign
Texas;Chris Rea;Water Sign
Love's Strange Ways;Chris Rea;Water Sign
Lucky Day  (2019 Remaster);Chris Rea;On the Beach  
Just Passing Through  (2019 Remaster);Chris Rea;On the Beach  
Little Blonde Plaits  (2019 Remaster);Chris Rea;On the Beach  
Giverny  (2019 Remaster);Chris Rea;On the Beach  
On the Beach  (2019 Remaster);Chris Rea;On the Beach  
Light of Hope  (2019 Remaster);Chris Rea;On the Beach  
Two Roads  (2019 Remaster);Chris Rea;On the Beach  
It's All Gone  (2019 Remaster);Chris Rea;On the Beach  
Hello Friend  (2019 Remaster);Chris Rea;On the Beach  
Auf immer und ewig  (2019 Remaster);Chris Rea;On the Beach  
If Anybody Asks You  (2019 Remaster);Chris Rea;On the Beach  
Let's Dance  (2019 Remaster);Chris Rea;On the Beach  
"Hello Friend   (Re-Record; 2019 Remaster)";Chris Rea;On the Beach  
Driving Home for Christmas  (2019 Remaster);Chris Rea;On the Beach  
Look out for Me  (2019 Remaster);Chris Rea;On the Beach  
"On the Beach (Special Remix)  (Sepcial Remix; 2019 Remaster)";Chris Rea;On the Beach  
Steel River   (Live at Montreux, 1986, 2019 Remaster);Chris Rea;On the Beach  
It's All Gone (Live at Montreux, 1986)  (2019 Remaster);Chris Rea;On the Beach  
"On the Beach   (Special Extended Remix; 2019 Remaster)";Chris Rea;On the Beach  
Crack That Mould  (2019 Remaster);Chris Rea;On the Beach  
Bless Them All  (2019 Remaster);Chris Rea;On the Beach  
"It's All Gone (From ''New Light Through Old Windows'')  (From New Light Through Old Windows; 2019 Remaster)";Chris Rea;On the Beach  
Freeway  (2019 Remaster);Chris Rea;On the Beach  
Holding Out;Chris Rea;Wired to the Moon
Wired to the Moon;Chris Rea;Wired to the Moon
Shine Shine Shine;Chris Rea;Wired to the Moon
I Don't Know What It Is but I Love It;Chris Rea;Wired to the Moon
Ace of Hearts;Chris Rea;Wired to the Moon
Bombollini;Chris Rea;Wired to the Moon
Touché D'Amour;Chris Rea;Wired to the Moon
Reasons;Chris Rea;Wired to the Moon
Winning;Chris Rea;Wired to the Moon
Looking for a Rainbow;Chris Rea;The Road to Hell
Your Warm and Tender Love;Chris Rea;The Road to Hell
The Road to Hell Part 2;Chris Rea;The Road to Hell
That's What They Always Say;Chris Rea;The Road to Hell
The Road to Hell Part 1;Chris Rea;The Road to Hell
You Must Be Evil;Chris Rea;The Road to Hell
Daytona;Chris Rea;The Road to Hell
I Just Wanna Be with You;Chris Rea;The Road to Hell
Texas;Chris Rea;The Road to Hell
Tell Me There's a Heaven;Chris Rea;The Road to Hell
If You Choose to Go;Chris Rea;Chris Rea
Just Want to Be with You;Chris Rea;Chris Rea
Do It for Your Love;Chris Rea;Chris Rea
Goodbye Little Colombus;Chris Rea;Chris Rea
Every Beat of My Heart;Chris Rea;Chris Rea
Guitar Street;Chris Rea;Chris Rea
Loving You;Chris Rea;Chris Rea
Do You Still Dream?;Chris Rea;Chris Rea
One Sweet and Tender Touch;Chris Rea;Chris Rea
Runaway;Chris Rea;Chris Rea
When You Know Your Love Has Died;Chris Rea;Chris Rea
Curse of the Traveller  (2019 Remaster);Chris Rea;Dancing with Strangers  
Joys of Christmas  (2019 Remaster);Chris Rea;Dancing with Strangers  
September Blue  (2019 Remaster);Chris Rea;Dancing with Strangers  
Que Sera  (2019 Remaster);Chris Rea;Dancing with Strangers  
Loving You Again  (2019 Remaster);Chris Rea;Dancing with Strangers  
I Can't Dance to That  (2019 Remaster);Chris Rea;Dancing with Strangers  
Let's Dance  (2019 Remaster);Chris Rea;Dancing with Strangers  
That Girl of Mine  (2019 Remaster);Chris Rea;Dancing with Strangers  
Gonna Buy a Hat  (2019 Remaster);Chris Rea;Dancing with Strangers  
Josie's Tune  (2019 Remaster);Chris Rea;Dancing with Strangers  
Windy Town  (2019 Remaster);Chris Rea;Dancing with Strangers  
Danielle's Breakfast  (2019 Remaster);Chris Rea;Dancing with Strangers  
"Que Sera    (Single Version; Re-Recorded '88; 2019 Remaster)";Chris Rea;Dancing with Strangers  
Loving You Again (Live)  (2019 Remaster);Chris Rea;Dancing with Strangers  
Let's Dance   (Remix, 2019 Remaster);Chris Rea;Dancing with Strangers  
"On the Beach    (Summer '88; 2019 Remaster)";Chris Rea;Dancing with Strangers  
Footsteps in the Snow  (2019 Remaster);Chris Rea;Dancing with Strangers  
Rudolph's Rotor Arm;Chris Rea;Dancing with Strangers  
Smile  (2019 Remaster);Chris Rea;Dancing with Strangers  
Donahue's Broken Wheel  (2019 Remaster);Chris Rea;Dancing with Strangers  
"Que Sera   (Down Under Mix; 2019 Remaster)";Chris Rea;Dancing with Strangers  
I'm Taking the Day Out  (2019 Remaster);Chris Rea;Dancing with Strangers  
Josephine  (2019 Remaster);Chris Rea;Dancing with Strangers  
Yes I Do  (2019 Remaster);Chris Rea;Dancing with Strangers  
I Don't Care Anymore  (2019 Remaster);Chris Rea;Dancing with Strangers  
Se Sequi  (2019 Remaster);Chris Rea;Dancing with Strangers  
Driving Home for Christmas  (2019 Remaster);Chris Rea;Dancing with Strangers  
"I Can Hear Your Heartbeat   (Extended Mix; 2019 Remaster)";Chris Rea;Dancing with Strangers  
Love Turns to Lies  (2019 Remaster);Chris Rea;Shamrock Diaries  
One Golden Rule  (2019 Remaster);Chris Rea;Shamrock Diaries  
All Summer Long  (2019 Remaster);Chris Rea;Shamrock Diaries  
Josephine  (2019 Remaster);Chris Rea;Shamrock Diaries  
Chisel Hill  (2019 Remaster);Chris Rea;Shamrock Diaries  
Hired Gun  (2019 Remaster);Chris Rea;Shamrock Diaries  
Steel River  (2019 Remaster);Chris Rea;Shamrock Diaries  
Stone  (2019 Remaster);Chris Rea;Shamrock Diaries  
Shamrock Diaries  (2019 Remaster);Chris Rea;Shamrock Diaries  
Stainsby Girls  (2019 Remaster);Chris Rea;Shamrock Diaries  
Everytime It Rains  (2019 Remaster);Chris Rea;Shamrock Diaries  
"Josephine   (Single Version; 2019 Remaster)";Chris Rea;Shamrock Diaries  
Midnight Blue (Live at Hammersmith Odeon, May '86)  (2019 Remaster);Chris Rea;Shamrock Diaries  
Dancing Shoes  (2019 Remaster);Chris Rea;Shamrock Diaries  
"One Golden Rule   (Live at Hammersmith Odeon, May '86; 2019 Remaster)";Chris Rea;Shamrock Diaries  
"Shamrock Diaries   (From ''New Light Through Old Windows''; 2019 Remaster)";Chris Rea;Shamrock Diaries  
Sunrise  (2019 Remaster);Chris Rea;Shamrock Diaries  
"Steel River   (From ''New Light Through Old Windows'';2019 Remaster)";Chris Rea;Shamrock Diaries  
September Blue  (2019 Remaster);Chris Rea;Shamrock Diaries  
"Stainsby Girls   (Sax Mix; 2019 Remaster)";Chris Rea;Shamrock Diaries  
And When She Smiles  (2019 Remaster);Chris Rea;Shamrock Diaries  
"Stainsby Girls   (From ''New Light Through Old Windows''; 2019 Remaster)";Chris Rea;Shamrock Diaries  
"Shamrock Diaries   (Live at Montreux '86; 2019 Remaster)";Chris Rea;Shamrock Diaries  
Vanishing Girl (2001 Mix);The Dukes Of Stratosphear;Chips From The Chocolate Fireball
25 O'Clock (2001 Mix);The Dukes Of Stratosphear;Chips From The Chocolate Fireball
The Affiliated (2001 Mix);The Dukes Of Stratosphear;Chips From The Chocolate Fireball
Your Gold Dress (2001 Mix);The Dukes Of Stratosphear;Chips From The Chocolate Fireball
Collideascope (2001 Mix);The Dukes Of Stratosphear;Chips From The Chocolate Fireball
My Love Explodes (2001 Mix);The Dukes Of Stratosphear;Chips From The Chocolate Fireball
Brainiac's Daughter (2001 Mix);The Dukes Of Stratosphear;Chips From The Chocolate Fireball
Have You Seen Jackie? (2001 Mix);The Dukes Of Stratosphear;Chips From The Chocolate Fireball
You're A Good Man Albert Brown (Curse You Red Barrel) (2001 Mix);The Dukes Of Stratosphear;Chips From The Chocolate Fireball
What In The World? (2001 Mix);The Dukes Of Stratosphear;Chips From The Chocolate Fireball
You're My Drug (2001 Mix);The Dukes Of Stratosphear;Chips From The Chocolate Fireball
Bike Ride To The Moon (2001 Mix);The Dukes Of Stratosphear;Chips From The Chocolate Fireball
Little Lighthouse (2001 Mix);The Dukes Of Stratosphear;Chips From The Chocolate Fireball
Shiny Cage (2001 Mix);The Dukes Of Stratosphear;Chips From The Chocolate Fireball
Pale And Precious (2001 Mix);The Dukes Of Stratosphear;Chips From The Chocolate Fireball
The Mole From The Ministry (2001 Mix);The Dukes Of Stratosphear;Chips From The Chocolate Fireball
Free Ride;Nick Drake;Pink Moon
Place To Be;Nick Drake;Pink Moon
Which Will;Nick Drake;Pink Moon
Things Behind The Sun;Nick Drake;Pink Moon
Pink Moon;Nick Drake;Pink Moon
Horn;Nick Drake;Pink Moon
Harvest Breed;Nick Drake;Pink Moon
Know;Nick Drake;Pink Moon
Parasite;Nick Drake;Pink Moon
From The Morning;Nick Drake;Pink Moon
Road;Nick Drake;Pink Moon
Fly;Nick Drake;Bryter Layter
Introduction;Nick Drake;Bryter Layter
Hazey Jane I;Nick Drake;Bryter Layter
Northern Sky;Nick Drake;Bryter Layter
At The Chime Of A City Clock;Nick Drake;Bryter Layter
One Of These Things First;Nick Drake;Bryter Layter
Sunday;Nick Drake;Bryter Layter
Hazey Jane II;Nick Drake;Bryter Layter
Bryter Layter;Nick Drake;Bryter Layter
Poor Boy;Nick Drake;Bryter Layter
Saturday Sun;Nick Drake;Five Leaves Left
The Thoughts Of Mary Jane;Nick Drake;Five Leaves Left
Time Has Told Me;Nick Drake;Five Leaves Left
Day Is Done;Nick Drake;Five Leaves Left
Way To Blue;Nick Drake;Five Leaves Left
Three Hours;Nick Drake;Five Leaves Left
' Cello Song;Nick Drake;Five Leaves Left
River Man;Nick Drake;Five Leaves Left
Man In A Shed;Nick Drake;Five Leaves Left
Fruit Tree;Nick Drake;Five Leaves Left
The Experience Of Swimming (2003 Digital Remaster);Japan;Gentlemen Take Polaroids
The Width Of A Room (2003 Digital Remaster);Japan;Gentlemen Take Polaroids
Taking Islands In Africa (Remastered 2003);Japan;Gentlemen Take Polaroids
Ain't That Peculiar (Remastered 2003);Japan;Gentlemen Take Polaroids
My New Career (Remastered 2003);Japan;Gentlemen Take Polaroids
Methods Of Dance (Remastered 2003);Japan;Gentlemen Take Polaroids
Taking Islands In Africa (Steve Nye Remix / 2003 Digital Remaster);Japan;Gentlemen Take Polaroids
Swing (Remastered 2003);Japan;Gentlemen Take Polaroids
Gentlemen Take Polaroids (Remastered 2003);Japan;Gentlemen Take Polaroids
Nightporter (Remastered 2003);Japan;Gentlemen Take Polaroids
Burning Bridges (Remastered 2003);Japan;Gentlemen Take Polaroids
Sons Of Pioneers (2003 Digital Remaster);Japan;Tin Drum
Visions Of China (2003 Digital Remaster);Japan;Tin Drum
Still Life In Mobile Homes (2003 Digital Remaster);Japan;Tin Drum
Cantonese Boy (Remastered);Japan;Tin Drum
Ghosts (2003 Digital Remaster);Japan;Tin Drum
The Art of Parties (2003 - Remaster);Japan;Tin Drum
Talking Drum (2003 Digital Remaster);Japan;Tin Drum
Canton (2003 Digital Remaster);Japan;Tin Drum
Life Without Buildings (Remaster 2003);Japan;Tin Drum
The Art Of Parties (Remastered);Japan;Tin Drum
Ghosts (2003 Mix);Japan;Tin Drum
The Art Of Parties (Live / Remaster 2003);Japan;Tin Drum
Fall in Love with Me  (2020 - Remaster);Japan;Quiet Life 
In Vogue  (2020 - Remaster);Japan;Quiet Life 
Alien  (2020 - Remaster);Japan;Quiet Life 
Halloween  (2020 - Remaster);Japan;Quiet Life 
All Tomorrow's Parties  (2020 - Remaster);Japan;Quiet Life 
The Other Side of Life  (2020 - Remaster);Japan;Quiet Life 
Despair  (2020 - Remaster);Japan;Quiet Life 
Quiet Life  (2020 - Remaster);Japan;Quiet Life 
Question and Answer;Pat Metheny;Question and Answer
Solar;Pat Metheny;Question and Answer
Never Too Far Away;Pat Metheny;Question and Answer
H & H;Pat Metheny;Question and Answer
Law Years;Pat Metheny;Question and Answer
Old Folks;Pat Metheny;Question and Answer
Three Flights Up;Pat Metheny;Question and Answer
All the Things You Are;Pat Metheny;Question and Answer
Change of Heart;Pat Metheny;Question and Answer
Urban and Western;Pat Metheny;Side-Eye III+
So Far, So Good;Pat Metheny;Side-Eye III+
SE-O;Pat Metheny;Side-Eye III+
In On It;Pat Metheny;Side-Eye III+
Don't Look Down;Pat Metheny;Side-Eye III+
Our Old Street;Pat Metheny;Side-Eye III+
Make a New World;Pat Metheny;Side-Eye III+
Risk and Reward;Pat Metheny;Side-Eye III+
Understanding;Pat Metheny Group;Secret Story
Above the Treetops;Pat Metheny Group;Secret Story
The Truth Will Always Be;Pat Metheny Group;Secret Story
As a Flower Blossoms (I Am Running to You);Pat Metheny Group;Secret Story
Facing West;Pat Metheny Group;Secret Story
Rain River;Pat Metheny Group;Secret Story
Back in Time;Pat Metheny Group;Secret Story
Sunlight;Pat Metheny Group;Secret Story
Cathedral in a Suitcase;Pat Metheny Group;Secret Story
Et Si C'etait La Fin (As If It Was the End);Pat Metheny Group;Secret Story
Finding and Believing;Pat Metheny Group;Secret Story
Look Ahead (F Csus);Pat Metheny Group;Secret Story
See the World;Pat Metheny Group;Secret Story
The Longest Summer;Pat Metheny Group;Secret Story
Always and Forever;Pat Metheny Group;Secret Story
Antonia;Pat Metheny Group;Secret Story
Not to Be Forgotten (Our Final Hour);Pat Metheny Group;Secret Story
Tell Her You Saw Me;Pat Metheny Group;Secret Story
A Change in Circumstance;Pat Metheny Group;Secret Story
I Fall In Love Too Easily;Pat Metheny;Dream Box
Trust Your Angels;Pat Metheny;Dream Box
Ole & Gard;Pat Metheny;Dream Box
From The Mountains;Pat Metheny;Dream Box
Clouds Can't Change the Sky;Pat Metheny;Dream Box
The Waves Are Not The Ocean;Pat Metheny;Dream Box
Never Was Love;Pat Metheny;Dream Box
P.C. of Belgium;Pat Metheny;Dream Box
Morning Of The Carnival;Pat Metheny;Dream Box
MoonDial  (epilogue);Pat Metheny;MoonDial
Londonderry Air;Pat Metheny;MoonDial
Everything Happens To Me / Somewhere;Pat Metheny;MoonDial
MoonDial;Pat Metheny;MoonDial
My Love And I;Pat Metheny;MoonDial
Falcon Love;Pat Metheny;MoonDial
This Belongs To You;Pat Metheny;MoonDial
We Can't See It, But It's There;Pat Metheny;MoonDial
You're Everything;Pat Metheny;MoonDial
Shōga;Pat Metheny;MoonDial
La Crosse;Pat Metheny;MoonDial
Here, There and Everywhere;Pat Metheny;MoonDial
Angel Eyes;Pat Metheny;MoonDial
Unity Village;Pat Metheny;Bright Size Life
Unquity Road;Pat Metheny;Bright Size Life
Bright Size Life;Pat Metheny;Bright Size Life
Sirabhorn;Pat Metheny;Bright Size Life
Omaha Celebration;Pat Metheny;Bright Size Life
Midwestern Nights Dream;Pat Metheny;Bright Size Life
Round Trip / Broadway Blues;Pat Metheny;Bright Size Life
Missouri Uncompromised;Pat Metheny;Bright Size Life
Society Red (Warner Bros. Pictures Version);Dexter Gordon;Other Side Of Round Midnight
Call Sheet Blues;Herbie Hancock;Other Side Of Round Midnight
'Round Midnight;Herbie Hancock;Other Side Of Round Midnight
'Round Midnight;Dexter Gordon;Other Side Of Round Midnight
It's Only A Paper Moon;Herbie Hancock;Other Side Of Round Midnight
Tivoli;Dexter Gordon;Other Side Of Round Midnight
As Time Goes By;Dexter Gordon;Other Side Of Round Midnight
Berangere's Nightmare #2;Herbie Hancock;Other Side Of Round Midnight
What Is This Thing Called Love?;Herbie Hancock;Other Side Of Round Midnight
Cirkus (including Entry of the Chameleons);King Crimson;Lizard
Lady of the Dancing Water;King Crimson;Lizard
Happy Family;King Crimson;Lizard
Bolero (remix from Frame By Frame);King Crimson;Lizard
Indoor Games;King Crimson;Lizard
Lizard (Prince Rupert Awakes/Bolero/The Battle of Glass Tears/Big Top);King Crimson;Lizard
Studio Sessions: Cirkus (Runthrough)/Lady of the Dancing Water (alt. take);King Crimson;Lizard
Dr. Diamond (Live 23 june, 1973);King Crimson;Starless And Bible Black
Fracture;King Crimson;Starless And Bible Black
The Great Deceiver;King Crimson;Starless And Bible Black
Guts On My Side (Live audience recording 19 March, 1973);King Crimson;Starless And Bible Black
"The Law Of Maximum Distress (including ""The Mincer"")";King Crimson;Starless And Bible Black
The Night Watch;King Crimson;Starless And Bible Black
Starless And Bible Black;King Crimson;Starless And Bible Black
We'll Let You Know;King Crimson;Starless And Bible Black
The Mincer;King Crimson;Starless And Bible Black
Trio;King Crimson;Starless And Bible Black
Lament;King Crimson;Starless And Bible Black
One Time;King Crimson;Vrooom [EP]
Vrooom;King Crimson;Vrooom [EP]
When I Say Stop, Continue;King Crimson;Vrooom [EP]
Cage;King Crimson;Vrooom [EP]
Thrak;King Crimson;Vrooom [EP]
Sex Sleep Eat Drink Dream;King Crimson;Vrooom [EP]
Introduction;King Crimson;Vrooom [EP]
VROOOM VROOOM;King Crimson;THRAK
VROOOM;King Crimson;THRAK
THRAK;King Crimson;THRAK
Walking On Air;King Crimson;THRAK
Coda Marine 475;King Crimson;THRAK
Inner Garden II;King Crimson;THRAK
Dinosaur (single edit);King Crimson;THRAK
VROOOM VROOOM coda;King Crimson;THRAK
People;King Crimson;THRAK
Radio II;King Crimson;THRAK
Inner Garden I;King Crimson;THRAK
One Time;King Crimson;THRAK
Dinosaur;King Crimson;THRAK
Radio I;King Crimson;THRAK
B'Boom;King Crimson;THRAK
Sex Sleep Eat Drink Dream;King Crimson;THRAK
Studio Sessions;King Crimson;Islands
Ladies of the Road (Robert Fripp/David Singleton Remix);King Crimson;Islands
The Letters;King Crimson;Islands
Ladies of the Road;King Crimson;Islands
Sailor's Tale;King Crimson;Islands
Prelude - Song Of The Gulls;King Crimson;Islands
Formentera Lady;King Crimson;Islands
Islands;King Crimson;Islands
Facts of Life;King Crimson;The Power To Believe
Facts of Life (intro);King Crimson;The Power To Believe
Happy With What You Have To Be Happy With;King Crimson;The Power To Believe
Eyes Wide Open;King Crimson;The Power To Believe
Dangerous Curves;King Crimson;The Power To Believe
The Power To Believe (Pt. III);King Crimson;The Power To Believe
Level V;King Crimson;The Power To Believe
Elektrik;King Crimson;The Power To Believe
The Power To Believe (Pt.IV);King Crimson;The Power To Believe
The Power To Believe (Pt. II);King Crimson;The Power To Believe
The Power To Believe (Pt. I);King Crimson;The Power To Believe
The Hell Hounds of Krim (Live);King Crimson;Radical Action To Unseat the Hold of Monkey Mind (Live)
Level Five (Live);King Crimson;Radical Action To Unseat the Hold of Monkey Mind (Live)
The Light of Day (Live);King Crimson;Radical Action To Unseat the Hold of Monkey Mind (Live)
Larks' Tongues in Aspic, Pt. One (Live);King Crimson;Radical Action To Unseat the Hold of Monkey Mind (Live)
The ConstruKction of Light (Live);King Crimson;Radical Action To Unseat the Hold of Monkey Mind (Live)
Larks' Tongues in Aspic, Pt. Two (Live);King Crimson;Radical Action To Unseat the Hold of Monkey Mind (Live)
The Talking Drum (Live);King Crimson;Radical Action To Unseat the Hold of Monkey Mind (Live)
Radical Action (To Unseat the Hold of Monkey Mind/Meltdown/Radical Action II (Live);King Crimson;Radical Action To Unseat the Hold of Monkey Mind (Live)
Red (Live);King Crimson;Radical Action To Unseat the Hold of Monkey Mind (Live)
21st Century Schizoid Man (Live);King Crimson;Radical Action To Unseat the Hold of Monkey Mind (Live)
Devil Dogs of Tessellation Row (Live);King Crimson;Radical Action To Unseat the Hold of Monkey Mind (Live)
Epitaph (Live);King Crimson;Radical Action To Unseat the Hold of Monkey Mind (Live)
Starless (Live);King Crimson;Radical Action To Unseat the Hold of Monkey Mind (Live)
The Court of the Crimson King (Live);King Crimson;Radical Action To Unseat the Hold of Monkey Mind (Live)
One More Red Nightmare (Live);King Crimson;Radical Action To Unseat the Hold of Monkey Mind (Live)
A Scarcity of Miracle (Live);King Crimson;Radical Action To Unseat the Hold of Monkey Mind (Live)
Easy Money (Live);King Crimson;Radical Action To Unseat the Hold of Monkey Mind (Live)
Banshee Legs Bell Hassle (Live);King Crimson;Radical Action To Unseat the Hold of Monkey Mind (Live)
Interlude (Live);King Crimson;Radical Action To Unseat the Hold of Monkey Mind (Live)
Sailor's Tale (Live);King Crimson;Radical Action To Unseat the Hold of Monkey Mind (Live)
VROOOM (Live);King Crimson;Radical Action To Unseat the Hold of Monkey Mind (Live)
Pictures of a City (Live);King Crimson;Radical Action To Unseat the Hold of Monkey Mind (Live)
Suitable Grounds for the Blues (Live);King Crimson;Radical Action To Unseat the Hold of Monkey Mind (Live)
Peace (Live);King Crimson;Radical Action To Unseat the Hold of Monkey Mind (Live)
The Letters (Live);King Crimson;Radical Action To Unseat the Hold of Monkey Mind (Live)
I Talk To The Wind;King Crimson;In The Court Of The Crimson King
21st Century Schizoid Man [Bonus Track] (Radio Version);King Crimson;In The Court Of The Crimson King
The Court Of The Crimson King (Including 'The Return of the Fire Witch' &'The Dance of the Puppets');King Crimson;In The Court Of The Crimson King
Epitaph (Including 'March for No Reason' & 'Tomorrow & Tomorrow') ;King Crimson;In The Court Of The Crimson King
21st Century Schizoid Man (Including 'Mirrors') ;King Crimson;In The Court Of The Crimson King
A Man A City [Bonus Track] (Live At the Fillmore West);King Crimson;In The Court Of The Crimson King
I Talk To The Wind [Bonus Track] (Duo Version);King Crimson;In The Court Of The Crimson King
Moonchild (Including 'The Dream' & 'The Illusion');King Crimson;In The Court Of The Crimson King
Improv: A Voyage To The Centre Of The Cosmos [Bonus Track];King Crimson;Red (Expanded & Remastered Original Album Mix)
Starless;King Crimson;Red (Expanded & Remastered Original Album Mix)
Red;King Crimson;Red (Expanded & Remastered Original Album Mix)
Providence;King Crimson;Red (Expanded & Remastered Original Album Mix)
One More Red Nightmare;King Crimson;Red (Expanded & Remastered Original Album Mix)
Fallen Angel;King Crimson;Red (Expanded & Remastered Original Album Mix)
Starless (live in Central Park) [Bonus Track];King Crimson;Red (Expanded & Remastered Original Album Mix)
Improv: Providence (full version) [Bonus Track];King Crimson;Red (Expanded & Remastered Original Album Mix)
VROOOM;King Crimson;B'Boom: Official Bootleg - Live In Argentina [Disc 1]
THRAK;King Crimson;B'Boom: Official Bootleg - Live In Argentina [Disc 1]
Elephant Talk;King Crimson;B'Boom: Official Bootleg - Live In Argentina [Disc 1]
Red;King Crimson;B'Boom: Official Bootleg - Live In Argentina [Disc 1]
Improv - Two Sticks;King Crimson;B'Boom: Official Bootleg - Live In Argentina [Disc 1]
B'Boom;King Crimson;B'Boom: Official Bootleg - Live In Argentina [Disc 1]
Frame by Frame;King Crimson;B'Boom: Official Bootleg - Live In Argentina [Disc 1]
One Time;King Crimson;B'Boom: Official Bootleg - Live In Argentina [Disc 1]
Indiscipline;King Crimson;B'Boom: Official Bootleg - Live In Argentina [Disc 1]
Sex Sleep Eat Drink Dream;King Crimson;B'Boom: Official Bootleg - Live In Argentina [Disc 1]
THRAK;King Crimson;B'Boom: Official Bootleg - Live In Argentina [Disc 2]
Sleepless;King Crimson;B'Boom: Official Bootleg - Live In Argentina [Disc 2]
Matte Kudasai;King Crimson;B'Boom: Official Bootleg - Live In Argentina [Disc 2]
People;King Crimson;B'Boom: Official Bootleg - Live In Argentina [Disc 2]
VROOOM VROOOM;King Crimson;B'Boom: Official Bootleg - Live In Argentina [Disc 2]
Lark's Tongues In Aspic (Part II);King Crimson;B'Boom: Official Bootleg - Live In Argentina [Disc 2]
The Talking Drum;King Crimson;B'Boom: Official Bootleg - Live In Argentina [Disc 2]
Heartbeat;King Crimson;B'Boom: Official Bootleg - Live In Argentina [Disc 2]
B'Boom (Reprise);King Crimson;B'Boom: Official Bootleg - Live In Argentina [Disc 2]
Man With An Open Heart;King Crimson;Three of a Perfect Pair
The King Crimson Barber Shop;King Crimson;Three of a Perfect Pair
Sleepless (Tony Levin Mix);King Crimson;Three of a Perfect Pair
No Warning;King Crimson;Three of a Perfect Pair
Sleepless (Francois Kevorkian dance mix);King Crimson;Three of a Perfect Pair
Sleepless (Bob Clearmountain Mix);King Crimson;Three of a Perfect Pair
Sleepless;King Crimson;Three of a Perfect Pair
Larks' Tongues In Aspic, Pt. III;King Crimson;Three of a Perfect Pair
Dig Me;King Crimson;Three of a Perfect Pair
Model Man;King Crimson;Three of a Perfect Pair
Industrial Zone A;King Crimson;Three of a Perfect Pair
Three of a Perfect Pair;King Crimson;Three of a Perfect Pair
Industry;King Crimson;Three of a Perfect Pair
Industrial Zone B;King Crimson;Three of a Perfect Pair
Nuages (That Which Passes, Passes Like Clouds);King Crimson;Three of a Perfect Pair
The Howler;King Crimson;Beat
Neurotica;King Crimson;Beat
Waiting Man;King Crimson;Beat
Absent Lovers;King Crimson;Beat
Neurotica/The Howler (Live in Philadelphia);King Crimson;Beat
Neal And Jack And Me;King Crimson;Beat
Requiem;King Crimson;Beat
Heartbeat;King Crimson;Beat
Two Hands;King Crimson;Beat
Sartori in Tangier;King Crimson;Beat
The ConstruKction of Light;King Crimson;The ConstruKction of Light
FraKctured;King Crimson;The ConstruKction of Light
Rome Improv:  Mastellotticus SS Blasticus;King Crimson;The ConstruKction of Light
The World's My Oyster Soup Kitchen Floor Wax Museum;King Crimson;The ConstruKction of Light
Larks' Tongue in Aspic, Pt. IV (incl. Coda: I Have A Dream);King Crimson;The ConstruKction of Light
The ConstruKction of Light (Live);King Crimson;The ConstruKction of Light
Heaven And Earth (ProjeKct X);King Crimson;The ConstruKction of Light
Into The Frying Pan;King Crimson;The ConstruKction of Light
ProzaKc Blues;King Crimson;The ConstruKction of Light
Matte Kudasai (alternate version);King Crimson;Discipline
Frame By Frame;King Crimson;Discipline
Matte Kudasai;King Crimson;Discipline
Discipline;King Crimson;Discipline
Indiscipline;King Crimson;Discipline
The Sheltering Sky;King Crimson;Discipline
Elephant Talk;King Crimson;Discipline
Thela Hun Ginjeet;King Crimson;Discipline
The Terrifying Tale of Thela Hun Ginjeet;King Crimson;Discipline
Studio Sessions;King Crimson;Discipline
Easy Money;King Crimson;Larks' Tongues In Aspic (Expanded & Remastered Original Album Mix)
Larks' Tongues In Aspic (Part II);King Crimson;Larks' Tongues In Aspic (Expanded & Remastered Original Album Mix)
Exiles;King Crimson;Larks' Tongues In Aspic (Expanded & Remastered Original Album Mix)
Book Of Saturday;King Crimson;Larks' Tongues In Aspic (Expanded & Remastered Original Album Mix)
The Talking Drum;King Crimson;Larks' Tongues In Aspic (Expanded & Remastered Original Album Mix)
Larks' Tongues In Aspic (Part I);King Crimson;Larks' Tongues In Aspic (Expanded & Remastered Original Album Mix)
Recording Session Extract (Part 2)  [Bonus Track];King Crimson;Larks' Tongues In Aspic (Expanded & Remastered Original Album Mix)
Recording Session Extract (Part 1)  [Bonus Track];King Crimson;Larks' Tongues In Aspic (Expanded & Remastered Original Album Mix)
Peace - A Theme (Instrumental);King Crimson;In The Wake Of Poseidon
Peace - An End;King Crimson;In The Wake Of Poseidon
Bonus Tracks: Groon (single B-side);King Crimson;In The Wake Of Poseidon
Bonus Tracks: Cat Food (single version);King Crimson;In The Wake Of Poseidon
The Devils Triangle (Instrumental : Merday Morn, Hand of Sceiron, Garden of Worm);King Crimson;In The Wake Of Poseidon
Pictures Of A City;King Crimson;In The Wake Of Poseidon
In The Wake Of Poseidon;King Crimson;In The Wake Of Poseidon
Cadence and Cascade;King Crimson;In The Wake Of Poseidon
Bonus Tracks: Cadence And Cascade (Greg Lake guide vocal);King Crimson;In The Wake Of Poseidon
Cat Food;King Crimson;In The Wake Of Poseidon
Peace - A Beginning;King Crimson;In The Wake Of Poseidon
It's a Feeling (Album Version);Toto;Toto IV
Waiting for Your Love (Album Version);Toto;Toto IV
Lovers in the Night (Album Version);Toto;Toto IV
Rosanna (Album Version);Toto;Toto IV
Make Believe (Album Version);Toto;Toto IV
Good for You (Album Version);Toto;Toto IV
Afraid of Love (Album Version);Toto;Toto IV
Africa (Album Version);Toto;Toto IV
I Won't Hold You Back (Album Version);Toto;Toto IV
We Made It (Album Version);Toto;Toto IV
Maps Of The World;John Cale;Last Day On Earth
Café Shabu;John Cale;Last Day On Earth
Secrets;John Cale;Last Day On Earth
Broken Hearts;John Cale;Last Day On Earth
Paradise Nevada;John Cale;Last Day On Earth
Modern World;John Cale;Last Day On Earth
Old China;John Cale;Last Day On Earth
Pastoral Angst;John Cale;Last Day On Earth
Instrumental;John Cale;Last Day On Earth
Short Of Time;John Cale;Last Day On Earth
The High And Mighty Road;John Cale;Last Day On Earth
Who's In Charge?;John Cale;Last Day On Earth
Streets Come Alive;John Cale;Last Day On Earth
Ocean Life;John Cale;Last Day On Earth
Overture: A Tourist / A Contact / A Prisoner;John Cale;Last Day On Earth
Angel Of Death;John Cale;Last Day On Earth
Whistle Down The Wind;Tom Waits;Bone Machine
I Don't Wanna Grow Up;Tom Waits;Bone Machine
Goin' Out West;Tom Waits;Bone Machine
That Feel;Tom Waits;Bone Machine
Who Are You;Tom Waits;Bone Machine
Murder In The Red Barn;Tom Waits;Bone Machine
Let Me Get Up On It;Tom Waits;Bone Machine
A Little Rain;Tom Waits;Bone Machine
All Stripped Down;Tom Waits;Bone Machine
Jesus Gonna Be Here;Tom Waits;Bone Machine
The Earth Died Screaming;Tom Waits;Bone Machine
Black Wings;Tom Waits;Bone Machine
In The Colosseum;Tom Waits;Bone Machine
Dirt In The Ground;Tom Waits;Bone Machine
The Ocean Doesn't Want Me;Tom Waits;Bone Machine
Such A Scream;Tom Waits;Bone Machine
Jockey Full Of Bourbon (2023 Remaster);Tom Waits;Rain Dogs
Downtown Train (2023 Remaster);Tom Waits;Rain Dogs
Walking Spanish (2023 Remaster);Tom Waits;Rain Dogs
Blind Love (2023 Remaster);Tom Waits;Rain Dogs
Gun Street Girl (2023 Remaster);Tom Waits;Rain Dogs
9th & Hennepin (2023 Remaster);Tom Waits;Rain Dogs
Anywhere I Lay My Head (2023 Remaster);Tom Waits;Rain Dogs
Union Square (2023 Remaster);Tom Waits;Rain Dogs
Rain Dogs (2023 Remaster);Tom Waits;Rain Dogs
Hang Down Your Head (2023 Remaster);Tom Waits;Rain Dogs
Clap Hands (2023 Remaster);Tom Waits;Rain Dogs
Big Black Mariah (2023 Remaster);Tom Waits;Rain Dogs
Tango Till They're Sore (2023 Remaster);Tom Waits;Rain Dogs
Time (2023 Remaster);Tom Waits;Rain Dogs
Diamonds And Gold (2023 Remaster);Tom Waits;Rain Dogs
Singapore (2023 Remaster);Tom Waits;Rain Dogs
Cemetery Polka (2023 Remaster);Tom Waits;Rain Dogs
Midtown (2023 Remaster);Tom Waits;Rain Dogs
Bride Of Rain Dog (2023 Remaster);Tom Waits;Rain Dogs
A Sight For Sore Eyes;Tom Waits;Foreign Affairs
I Never Talk To Strangers;Tom Waits;Foreign Affairs
Foreign Affair;Tom Waits;Foreign Affairs
Burma-Shave;Tom Waits;Foreign Affairs
Medley: Jack & Neal / California, Here I Come;Tom Waits;Foreign Affairs
Muriel;Tom Waits;Foreign Affairs
Barber Shop;Tom Waits;Foreign Affairs
Potter's Field;Tom Waits;Foreign Affairs
Cinny's Waltz;Tom Waits;Foreign Affairs
Satisfied;Tom Waits;Bad As Me
Talking At The Same Time;Tom Waits;Bad As Me
New Year's Eve;Tom Waits;Bad As Me
Tell Me;Tom Waits;Bad As Me
Kiss Me;Tom Waits;Bad As Me
Face To The Highway;Tom Waits;Bad As Me
Back In The Crowd;Tom Waits;Bad As Me
Pay Me;Tom Waits;Bad As Me
After You Die;Tom Waits;Bad As Me
Get Lost;Tom Waits;Bad As Me
Bad As Me;Tom Waits;Bad As Me
Last Leaf;Tom Waits;Bad As Me
Chicago;Tom Waits;Bad As Me
Raised Right Men;Tom Waits;Bad As Me
Hell Broke Luce;Tom Waits;Bad As Me
She Stole The Blush;Tom Waits;Bad As Me
Please Wake Me Up;Tom Waits;Franks Wild Years
Way Down In The Hole;Tom Waits;Franks Wild Years
Blow Wind Blow;Tom Waits;Franks Wild Years
Yesterday Is Here;Tom Waits;Franks Wild Years
I'll Take New York;Tom Waits;Franks Wild Years
Cold Cold Ground;Tom Waits;Franks Wild Years
Straight To The Top (Rhumba);Tom Waits;Franks Wild Years
Innocent When You Dream (Barroom);Tom Waits;Franks Wild Years
Train Song;Tom Waits;Franks Wild Years
Innocent When You Dream (78);Tom Waits;Franks Wild Years
I'll Be Gone;Tom Waits;Franks Wild Years
Franks Theme;Tom Waits;Franks Wild Years
Telephone Call From Istanbul;Tom Waits;Franks Wild Years
Hang On St. Christopher;Tom Waits;Franks Wild Years
Temptation;Tom Waits;Franks Wild Years
More Than Rain;Tom Waits;Franks Wild Years
Straight To The Top (Vegas);Tom Waits;Franks Wild Years
We're All Mad Here;Tom Waits;Alice
Fish And Bird;Tom Waits;Alice
Everything You Can Think;Tom Waits;Alice
No One Knows I'm Gone;Tom Waits;Alice
Poor Edward;Tom Waits;Alice
Reeperbahn;Tom Waits;Alice
Watch Her Disappear;Tom Waits;Alice
Kommienezuspadt;Tom Waits;Alice
Alice;Tom Waits;Alice
I'm Still Here;Tom Waits;Alice
Fawn;Tom Waits;Alice
Lost In The Harbour;Tom Waits;Alice
Table Top Joe;Tom Waits;Alice
Flowers Grave;Tom Waits;Alice
Barcarolle;Tom Waits;Alice
San Diego Serenade;Tom Waits;The Heart Of Saturday Night
Drunk On The Moon;Tom Waits;The Heart Of Saturday Night
Depot, Depot;Tom Waits;The Heart Of Saturday Night
Semi Suite;Tom Waits;The Heart Of Saturday Night
Fumblin' With The Blues;Tom Waits;The Heart Of Saturday Night
New Coat Of Paint;Tom Waits;The Heart Of Saturday Night
(Looking For) The Heart Of Saturday Night;Tom Waits;The Heart Of Saturday Night
Shiver Me Timbers;Tom Waits;The Heart Of Saturday Night
Please Call Me, Baby;Tom Waits;The Heart Of Saturday Night
The Ghosts Of Saturday Night (After Hours At Napoleone's Pizza House);Tom Waits;The Heart Of Saturday Night
Diamonds On My Windshield;Tom Waits;The Heart Of Saturday Night
Kentucky Avenue;Tom Waits;Blue Valentine
Wrong Side Of The Road;Tom Waits;Blue Valentine
Red Shoes By The Drugstore;Tom Waits;Blue Valentine
$29.00;Tom Waits;Blue Valentine
"Somewhere (From ""West Side Story"")";Tom Waits;Blue Valentine
Romeo Is Bleeding;Tom Waits;Blue Valentine
Christmas Card From A Hooker In Minneapolis;Tom Waits;Blue Valentine
Blue Valentine;Tom Waits;Blue Valentine
A Sweet Little Bullet From A Pretty Blue Gun;Tom Waits;Blue Valentine
Whistlin' Past The Graveyard;Tom Waits;Blue Valentine
In The Neighborhood;Tom Waits;Swordfishtrombones
Dave The Butcher (Instrumental);Tom Waits;Swordfishtrombones
Shore Leave;Tom Waits;Swordfishtrombones
Frank's Wild Years;Tom Waits;Swordfishtrombones
Rainbirds (Instrumental);Tom Waits;Swordfishtrombones
Down, Down, Down;Tom Waits;Swordfishtrombones
Soldier's Things;Tom Waits;Swordfishtrombones
Just Another Sucker On The Vine (Instrumental);Tom Waits;Swordfishtrombones
Trouble's Braids;Tom Waits;Swordfishtrombones
Johnsburg, Illinois;Tom Waits;Swordfishtrombones
Gin Soaked Boy;Tom Waits;Swordfishtrombones
Underground;Tom Waits;Swordfishtrombones
16 Shells From A 30.6;Tom Waits;Swordfishtrombones
Swordfishtrombone;Tom Waits;Swordfishtrombones
Town With No Cheer;Tom Waits;Swordfishtrombones
November (2023 Remaster);Tom Waits;The Black Rider
The Briar And The Rose (2023 Remaster);Tom Waits;The Black Rider
Carnival (2023 Remaster);Tom Waits;The Black Rider
Crossroads (2023 Remaster);Tom Waits;The Black Rider
'Tain't No Sin (2023 Remaster);Tom Waits;The Black Rider
Lucky Day Overture (2023 Remaster);Tom Waits;The Black Rider
That's The Way (2023 Remaster);Tom Waits;The Black Rider
Russian Dance (2023 Remaster);Tom Waits;The Black Rider
Oily Night (2023 Remaster);Tom Waits;The Black Rider
Flash Pan Hunter/Intro (2023 Remaster);Tom Waits;The Black Rider
Interlude (2023 Remaster);Tom Waits;The Black Rider
I'll Shoot The Moon (2023 Remaster);Tom Waits;The Black Rider
Just The Right Bullets (2023 Remaster);Tom Waits;The Black Rider
The Last Rose Of The Summer (2023 Remaster);Tom Waits;The Black Rider
Lucky Day (2023 Remaster);Tom Waits;The Black Rider
Gospel Train/Orchestra (2023 Remaster);Tom Waits;The Black Rider
Flash Pan Hunter (2023 Remaster);Tom Waits;The Black Rider
The Black Rider (2023 Remaster);Tom Waits;The Black Rider
Black Box Theme (2023 Remaster);Tom Waits;The Black Rider
Gospel Train (2023 Remaster);Tom Waits;The Black Rider
House Where Nobody Lives;Tom Waits;Mule Variations
Take It With Me;Tom Waits;Mule Variations
What's He Building?;Tom Waits;Mule Variations
Lowside Of The Road;Tom Waits;Mule Variations
Georgia Lee;Tom Waits;Mule Variations
Chocolate Jesus;Tom Waits;Mule Variations
Filipino Box Spring Hog;Tom Waits;Mule Variations
Big In Japan;Tom Waits;Mule Variations
Hold On;Tom Waits;Mule Variations
Black Market Baby;Tom Waits;Mule Variations
Picture In A Frame;Tom Waits;Mule Variations
Come On Up To The House;Tom Waits;Mule Variations
Pony;Tom Waits;Mule Variations
Eyeball Kid;Tom Waits;Mule Variations
Get Behind The Mule;Tom Waits;Mule Variations
Cold Water;Tom Waits;Mule Variations
I Wish I Was In New Orleans (In The Ninth Ward);Tom Waits;Small Change
The One That Got Away;Tom Waits;Small Change
Step Right Up;Tom Waits;Small Change
Jitterbug Boy (Sharing A Curbstone With Chuck E. Weiss, Robert Marchese, Paul Body and The Mug and Artie);Tom Waits;Small Change
Small Change (Got Rained On With His Own .38);Tom Waits;Small Change
I Can't Wait To Get Off Work (And See My Baby On Montgomery Avenue);Tom Waits;Small Change
Bad Liver And A Broken Heart (In Lowell);Tom Waits;Small Change
Invitation To The Blues;Tom Waits;Small Change
The Piano Has Been Drinking (Not Me) (An Evening With Pete King);Tom Waits;Small Change
Tom Traubert's Blues (Four Sheets To The Wind In Copenhagen);Tom Waits;Small Change
Pasties And A G-String (At The Two O'Clock Club);Tom Waits;Small Change
Little Trip To Heaven (On The Wings Of Your Love);Tom Waits;Closing Time
Rosie;Tom Waits;Closing Time
Lonely;Tom Waits;Closing Time
Ice Cream Man;Tom Waits;Closing Time
Virginia Avenue;Tom Waits;Closing Time
Martha;Tom Waits;Closing Time
Midnight Lullaby;Tom Waits;Closing Time
I Hope That I Don't Fall In Love With You;Tom Waits;Closing Time
Closing Time;Tom Waits;Closing Time
Old Shoes (& Picture Postcards);Tom Waits;Closing Time
Grapefruit Moon;Tom Waits;Closing Time
Ol' 55;Tom Waits;Closing Time
Dead and Lovely (Remastered);Tom Waits;Real Gone
How's It Gonna End (Remastered);Tom Waits;Real Gone
Trampled Rose (Remastered);Tom Waits;Real Gone
Make It Rain (Remastered);Tom Waits;Real Gone
Sins of My Father (Remastered);Tom Waits;Real Gone
Chick A Boom (Remastered);Tom Waits;Real Gone
Don't Go Into That Barn (Remastered);Tom Waits;Real Gone
Baby Gonna Leave Me (Remastered);Tom Waits;Real Gone
Hoist That Rag (Remastered);Tom Waits;Real Gone
Green Grass (Remastered);Tom Waits;Real Gone
Shake It (Remastered);Tom Waits;Real Gone
Metropolitan Glide (Remastered);Tom Waits;Real Gone
Day After Tomorrow (Remastered);Tom Waits;Real Gone
Circus (Remastered);Tom Waits;Real Gone
Top of the Hill (Remastered);Tom Waits;Real Gone
Clang Boom Steam (Remastered);Tom Waits;Real Gone
On A Foggy Night;Tom Waits;Nighthawks At The Diner
Nobody;Tom Waits;Nighthawks At The Diner
Nighthawk Postcards (From Easy Street);Tom Waits;Nighthawks At The Diner
Intro To Better Off Without A Wife;Tom Waits;Nighthawks At The Diner
Opening Intro;Tom Waits;Nighthawks At The Diner
Eggs And Sausage (In A Cadillac With Susan Michelson);Tom Waits;Nighthawks At The Diner
Spare Parts I (A Nocturnal Emission);Tom Waits;Nighthawks At The Diner
Intro To Big Joe And Phantom 309;Tom Waits;Nighthawks At The Diner
Emotional Weather Report;Tom Waits;Nighthawks At The Diner
Intro To On A Foggy Night;Tom Waits;Nighthawks At The Diner
Putnam County;Tom Waits;Nighthawks At The Diner
Intro To Putnam County;Tom Waits;Nighthawks At The Diner
Big Joe And Phantom 309;Tom Waits;Nighthawks At The Diner
Intro To Eggs And Sausage (In A Cadillac With Susan Michelson);Tom Waits;Nighthawks At The Diner
Warm Beer And Cold Women;Tom Waits;Nighthawks At The Diner
Intro To Warm Beer And Cold Women;Tom Waits;Nighthawks At The Diner
Spare Parts II And Closing;Tom Waits;Nighthawks At The Diner
Better Off Without A Wife;Tom Waits;Nighthawks At The Diner
Ruby's Arms;Tom Waits;Heartattack And Vine
Jersey Girl;Tom Waits;Heartattack And Vine
Downtown;Tom Waits;Heartattack And Vine
'Til The Money Runs Out;Tom Waits;Heartattack And Vine
On The Nickel;Tom Waits;Heartattack And Vine
Heartattack And Vine;Tom Waits;Heartattack And Vine
Saving All My Love For You;Tom Waits;Heartattack And Vine
In Shades;Tom Waits;Heartattack And Vine
Mr. Siegal;Tom Waits;Heartattack And Vine
Coney Island Baby;Tom Waits;Blood Money
Everything Goes To Hell;Tom Waits;Blood Money
Woe;Tom Waits;Blood Money
Another Man's Vine;Tom Waits;Blood Money
God's Away On Business;Tom Waits;Blood Money
The Part You Throw Away;Tom Waits;Blood Money
Misery Is The River Of The World;Tom Waits;Blood Money
All The World Is Green;Tom Waits;Blood Money
Calliope;Tom Waits;Blood Money
Lullaby;Tom Waits;Blood Money
Starving In The Belly Of A Whale;Tom Waits;Blood Money
A Good Man Is Hard To Find;Tom Waits;Blood Money
Write Your Wrongs;Gary Daly;Gone From Here
Carousel Of Stars;Gary Daly;Gone From Here
Time It Takes;Gary Daly;Gone From Here
I Work Alone;Gary Daly;Gone From Here
Of Make Do And mend;Gary Daly;Gone From Here
In The Cloudy Domain;Gary Daly;Gone From Here
Anger And / Or Rage;Gary Daly;Gone From Here
Low Tide;Gary Daly;Gone From Here
Antony;Gary Daly;Gone From Here
Transition / Peace;Gary Daly;Gone From Here
Gone From Here;Gary Daly;Gone From Here
Dead Of Night;Gary Daly;Gone From Here
The Umbrellas of Shibuya;Colin Steele Quartet;Diving for Pearls – Jazz Interpretations of the Pearlfishers Songbook
Gone in the Winter;Colin Steele Quartet;Diving for Pearls – Jazz Interpretations of the Pearlfishers Songbook
Everything Works Out;Colin Steele Quartet;Diving for Pearls – Jazz Interpretations of the Pearlfishers Songbook
Swan Dreams;Colin Steele Quartet;Diving for Pearls – Jazz Interpretations of the Pearlfishers Songbook
The Vampires of Camelon;Colin Steele Quartet;Diving for Pearls – Jazz Interpretations of the Pearlfishers Songbook
We'll Get By;Colin Steele Quartet;Diving for Pearls – Jazz Interpretations of the Pearlfishers Songbook
The Bluebells;Colin Steele Quartet;Diving for Pearls – Jazz Interpretations of the Pearlfishers Songbook
Snow on the Pines;Colin Steele Quartet;Diving for Pearls – Jazz Interpretations of the Pearlfishers Songbook
You'll Never Steal My Spirit;Colin Steele Quartet;Diving for Pearls – Jazz Interpretations of the Pearlfishers Songbook
Ice Race;Colin Steele Quartet;Diving for Pearls – Jazz Interpretations of the Pearlfishers Songbook
The Downtown Lights;Colin Steele Quartet;The Blue Nile – Jazz Interpretations Of The Blue Nile Songbook
Family Life;Colin Steele Quartet;The Blue Nile – Jazz Interpretations Of The Blue Nile Songbook
Body And Soul;Colin Steele Quartet;The Blue Nile – Jazz Interpretations Of The Blue Nile Songbook
Because Of Toledo;Colin Steele Quartet;The Blue Nile – Jazz Interpretations Of The Blue Nile Songbook
Easter Parade;Colin Steele Quartet;The Blue Nile – Jazz Interpretations Of The Blue Nile Songbook
Let's Go Out Tonight;Colin Steele Quartet;The Blue Nile – Jazz Interpretations Of The Blue Nile Songbook
Mid Air;Colin Steele Quartet;The Blue Nile – Jazz Interpretations Of The Blue Nile Songbook
Happiness;Colin Steele Quartet;The Blue Nile – Jazz Interpretations Of The Blue Nile Songbook
Heatwave;Colin Steele Quartet;The Blue Nile – Jazz Interpretations Of The Blue Nile Songbook
Headlights On The Parade;Colin Steele Quartet;The Blue Nile – Jazz Interpretations Of The Blue Nile Songbook
California;Colin Steele Quartet;Joni – Jazz Interpretations of the Joni Mitchell Songbook
Tin Angel;Colin Steele Quartet;Joni – Jazz Interpretations of the Joni Mitchell Songbook
River;Colin Steele Quartet;Joni – Jazz Interpretations of the Joni Mitchell Songbook
I Had A King;Colin Steele Quartet;Joni – Jazz Interpretations of the Joni Mitchell Songbook
Hejira;Colin Steele Quartet;Joni – Jazz Interpretations of the Joni Mitchell Songbook
Blue;Colin Steele Quartet;Joni – Jazz Interpretations of the Joni Mitchell Songbook
A Case Of You;Colin Steele Quartet;Joni – Jazz Interpretations of the Joni Mitchell Songbook
Both Sides Now;Colin Steele Quartet;Joni – Jazz Interpretations of the Joni Mitchell Songbook
Down To You;Colin Steele Quartet;Joni – Jazz Interpretations of the Joni Mitchell Songbook
Empty Frame;Brian Eno;Wrong Way Up [Expanded Edition]
Grandfather's House;Brian Eno;Wrong Way Up [Expanded Edition]
Crime In The Desert;Brian Eno;Wrong Way Up [Expanded Edition]
One Word;Brian Eno;Wrong Way Up [Expanded Edition]
Footsteps;Brian Eno;Wrong Way Up [Expanded Edition]
Lay My Love;Brian Eno;Wrong Way Up [Expanded Edition]
Spinning Away;Brian Eno;Wrong Way Up [Expanded Edition]
Cordoba;Brian Eno;Wrong Way Up [Expanded Edition]
The River;Brian Eno;Wrong Way Up [Expanded Edition]
Palanquin;Brian Eno;Wrong Way Up [Expanded Edition]
In The Backroom;Brian Eno;Wrong Way Up [Expanded Edition]
Been There Done That;Brian Eno;Wrong Way Up [Expanded Edition]
Milky Sleep;Brian Eno;Luminal
What We Are;Brian Eno;Luminal
My Lovely Days;Brian Eno;Luminal
Play On;Brian Eno;Luminal
Never Was It Now;Brian Eno;Luminal
A Ceiling and a Lifeboat;Brian Eno;Luminal
Suddenly;Brian Eno;Luminal
Shhh;Brian Eno;Luminal
Breath March;Brian Eno;Luminal
Hopelessly At Ease;Brian Eno;Luminal
And Live Again;Brian Eno;Luminal
The Forty Foot;Bernard Butler;Good Grief
The Wind;Bernard Butler;Good Grief
Deep Emotions;Bernard Butler;Good Grief
Preaching To The Choir;Bernard Butler;Good Grief
Clean;Bernard Butler;Good Grief
London Snow;Bernard Butler;Good Grief
Living The Dream;Bernard Butler;Good Grief
Pretty D;Bernard Butler;Good Grief
Camber Sands;Bernard Butler;Good Grief
Skyline (2024 David Singleton Mix);Andy Summers;I Advance Masked
I Advance Masked (2024 David Singleton Mix);Andy Summers;I Advance Masked
China - Yellow Leader (2024 David Singleton Mix);Andy Summers;I Advance Masked
Still Point (2024 David Singleton Mix);Andy Summers;I Advance Masked
In The Cloud Forest (2024 David Singleton Mix);Andy Summers;I Advance Masked
New Marimba (2024 David Singleton Mix);Andy Summers;I Advance Masked
Painting And Dance (2024 David Singleton Mix);Andy Summers;I Advance Masked
Entropy Pulse (2024 David Singleton Mix);Andy Summers;I Advance Masked
Stultified (2024 David Singleton Mix);Andy Summers;I Advance Masked
Lakeland Aquarelle (2024 David Singleton Mix);Andy Summers;I Advance Masked
Hardy Country (2024 David Singleton Mix);Andy Summers;I Advance Masked
Under Bridges Of Silence (2024 David Singleton Mix);Andy Summers;I Advance Masked
Seven On Seven (2024 David Singleton Mix);Andy Summers;I Advance Masked
The Truth Of Skies (2024 David Singleton Mix);Andy Summers;I Advance Masked
Girl On A Swing (2024 David Singleton Mix);Andy Summers;I Advance Masked
Bewitched;Andy Summers;Bewitched
What Kind Of Man Reads Playboy;Andy Summers;Bewitched
Train;Andy Summers;Bewitched
Tribe;Andy Summers;Bewitched
Forgotten Steps;Andy Summers;Bewitched
Parade;Andy Summers;Bewitched
Image And Likeness;Andy Summers;Bewitched
Begin The Day;Andy Summers;Bewitched
Guide;Andy Summers;Bewitched
Maquillage;Andy Summers;Bewitched
Kan-non Power;The Robert Fripp String Quintet;Kan-non Power
Contrapunctus;The Robert Fripp String Quintet;Kan-non Power
Chromatic Fantasy;The Robert Fripp String Quintet;Kan-non Power
Walk. Don't Run;The Robert Fripp String Quintet;Kan-non Power
Yamanashi Blues;The Robert Fripp String Quintet;Kan-non Power
Urban Scape;The Robert Fripp String Quintet;Kan-non Power
An Easy Way;The Robert Fripp String Quintet;Kan-non Power
Kan-non Power;The Robert Fripp String Quintet;Kan-non Power
Firescape;The Robert Fripp String Quintet;Kan-non Power
Pipeline;The Robert Fripp String Quintet;Kan-non Power
Blockhead;The Robert Fripp String Quintet;Kan-non Power
Sound Scape;The Robert Fripp String Quintet;Kan-non Power
Eye of the Needle;The Robert Fripp String Quintet;Kan-non Power
Melrose Avenue;The Robert Fripp String Quintet;Kan-non Power
Asturias;The Robert Fripp String Quintet;Kan-non Power
Moving Force;The Robert Fripp String Quintet;Kan-non Power
Hope;The Robert Fripp String Quintet;Kan-non Power
First Inaugural Address To The I.A.C.E. Sherborne House (First Edition: Original 1979 Release);Robert Fripp;Exposure
Exposure (First Edition: Original 1979 Release);Robert Fripp;Exposure
Disengage (First Edition: Original 1979 Release);Robert Fripp;Exposure
NY3 (First Edition: Original 1979 Release);Robert Fripp;Exposure
North Star (First Edition: Original 1979 Release);Robert Fripp;Exposure
Urban Landscape (First Edition: Original 1979 Release);Robert Fripp;Exposure
Water Music II (First Edition: Original 1979 Release);Robert Fripp;Exposure
Postscript (First Edition: Original 1979 Release);Robert Fripp;Exposure
Chicago (First Edition: Original 1979 Release);Robert Fripp;Exposure
You Burn Me Up I'm A Cigarette (First Edition: Original 1979 Release);Robert Fripp;Exposure
Breathless (First Edition: Original 1979 Release);Robert Fripp;Exposure
Preface (First Edition: Original 1979 Release);Robert Fripp;Exposure
I May Not Have Had Enough Of Me But I've Had Enough Of You (First Edition: Original 1979 Release);Robert Fripp;Exposure
Here Comes The Flood (First Edition: Original 1979 Release);Robert Fripp;Exposure
Water Music I (First Edition: Original 1979 Release);Robert Fripp;Exposure
Mary (First Edition: Original 1979 Release);Robert Fripp;Exposure
Hāaden Two (First Edition: Original 1979 Release);Robert Fripp;Exposure
First Inaugural Address To The I.A.C.E. Sherborne House (Third Edition);Robert Fripp;Exposure
Exposure (Third Edition);Robert Fripp;Exposure
I May Not Have Had Enough Of Me, But I've Had Enough Of You (Third Edition);Robert Fripp;Exposure
North Star (Third Edition);Robert Fripp;Exposure
Urban Landscape (Third Edition);Robert Fripp;Exposure
Water Music II (Third Edition);Robert Fripp;Exposure
Chicago (Alternative Take);Robert Fripp;Exposure
Postscript (Third Edition);Robert Fripp;Exposure
Chicago (Third Edition);Robert Fripp;Exposure
You Burn Me Up I'm A Cigarette (Third Edition);Robert Fripp;Exposure
Disengage II (Third Edition);Robert Fripp;Exposure
Breathless (Third Edition);Robert Fripp;Exposure
Preface (Third Edition);Robert Fripp;Exposure
Here Comes The Flood (Third Edition);Robert Fripp;Exposure
Exposure (Alternative Take);Robert Fripp;Exposure
Disengage (Alternative Take);Robert Fripp;Exposure
Water Music I (Third Edition);Robert Fripp;Exposure
New York, New York, New York (Third Edition);Robert Fripp;Exposure
Mary (Third Edition);Robert Fripp;Exposure
Hāaden Two (Third Edition);Robert Fripp;Exposure
Mary (Alternative Take);Robert Fripp;Exposure
NY3 (Alternative Take);Robert Fripp;Exposure
A Foggy Day;Charles Mingus;Pithecanthropus Erectus
Pithecanthropus Erectus;Charles Mingus;Pithecanthropus Erectus
Profile of Jackie;Charles Mingus;Pithecanthropus Erectus
Love Chant;Charles Mingus;Pithecanthropus Erectus
Fables Of Faubus (Remastered);Charles Mingus;Mingus Ah Um
Pussy Cat Dues (Remastered);Charles Mingus;Mingus Ah Um
Jelly Roll (Remastered);Charles Mingus;Mingus Ah Um
Boogie Stop Shuffle (Remastered);Charles Mingus;Mingus Ah Um
Self-Portrait In Three Colors (Remastered);Charles Mingus;Mingus Ah Um
Better Git It In Your Soul (Remastered);Charles Mingus;Mingus Ah Um
Open Letter To Duke (Remastered);Charles Mingus;Mingus Ah Um
Bird Calls (Remastered);Charles Mingus;Mingus Ah Um
Goodbye Pork Pie Hat (Remastered);Charles Mingus;Mingus Ah Um
Twice Said Once;John Surman;Adventure Playground
Only Yesterday;John Surman;Adventure Playground
Quadraphonic Question;John Surman;Adventure Playground
As If We Knew;John Surman;Adventure Playground
Figfoot;John Surman;Adventure Playground
Seven;John Surman;Adventure Playground
Twisted Roots;John Surman;Adventure Playground
Duet For One;John Surman;Adventure Playground
Just For Now;John Surman;Adventure Playground
More Than This (Live);Peter Gabriel;Growing Up Live
The Barry Williams Show (Live);Peter Gabriel;Growing Up Live
Downside Up (Live);Peter Gabriel;Growing Up Live
Father, Son (Live);Peter Gabriel;Growing Up Live
In Your Eyes (Live);Peter Gabriel;Growing Up Live
Mercy Street (Live);Peter Gabriel;Growing Up Live
Solsbury Hill (Live);Peter Gabriel;Growing Up Live
Here Comes The Flood (Live);Peter Gabriel;Growing Up Live
Digging In The Dirt (Live);Peter Gabriel;Growing Up Live
Sledgehammer (Live);Peter Gabriel;Growing Up Live
Red Rain (Live);Peter Gabriel;Growing Up Live
Animal Nation (Live);Peter Gabriel;Growing Up Live
Sky Blue (Live);Peter Gabriel;Growing Up Live
Secret World (Live);Peter Gabriel;Growing Up Live
Growing Up (Live);Peter Gabriel;Growing Up Live
Darkness (Live);Peter Gabriel;Growing Up Live
Signal To Noise (Live);Peter Gabriel;Growing Up Live
Sky Blue;Peter Gabriel;Up
More Than This;Peter Gabriel;Up
My Head Sounds Like That;Peter Gabriel;Up
Signal To Noise;Peter Gabriel;Up
The Barry Williams Show;Peter Gabriel;Up
I Grieve;Peter Gabriel;Up
Darkness;Peter Gabriel;Up
Growing Up;Peter Gabriel;Up
No Way Out;Peter Gabriel;Up
The Drop;Peter Gabriel;Up
i/o (Bright-Side Mix);Peter Gabriel;i/o
Live and Let Live (Bright-Side Mix);Peter Gabriel;i/o
Playing For Time (Bright-Side Mix);Peter Gabriel;i/o
Road to Joy (Bright-Side Mix);Peter Gabriel;i/o
Panopticom (Bright Side Mix);Peter Gabriel;i/o
Four Kinds of Horses (Bright-Side Mix);Peter Gabriel;i/o
Olive Tree (Bright-Side Mix);Peter Gabriel;i/o
The Court (Bright-Side Mix);Peter Gabriel;i/o
This Is Home (Bright-Side Mix);Peter Gabriel;i/o
So Much (Bright-Side Mix);Peter Gabriel;i/o
Love Can Heal (Bright-Side Mix);Peter Gabriel;i/o
And Still (Bright-Side Mix);Peter Gabriel;i/o
i/o (Dark-Side Mix);Peter Gabriel;i/o
Live and Let Live (Dark-Side Mix);Peter Gabriel;i/o
Playing For Time (Dark-Side Mix);Peter Gabriel;i/o
Road to Joy (Dark-Side Mix);Peter Gabriel;i/o
Panopticom (Dark-Side Mix);Peter Gabriel;i/o
Four Kinds of Horses (Dark-Side Mix);Peter Gabriel;i/o
Olive Tree (Dark-Side Mix);Peter Gabriel;i/o
The Court (Dark-Side Mix);Peter Gabriel;i/o
This Is Home (Dark-Side Mix);Peter Gabriel;i/o
So Much (Dark-Side Mix);Peter Gabriel;i/o
Love Can Heal (Dark-Side Mix);Peter Gabriel;i/o
And Still (Dark-Side Mix);Peter Gabriel;i/o
Excuse Me (Remastered 2009);Peter Gabriel;Peter Gabriel 1: Car
Waiting For The Big One (Remastered 2009);Peter Gabriel;Peter Gabriel 1: Car
Modern Love (Remastered 2009);Peter Gabriel;Peter Gabriel 1: Car
Slowburn (Remastered 2009);Peter Gabriel;Peter Gabriel 1: Car
Solsbury Hill (Remastered 2002);Peter Gabriel;Peter Gabriel 1: Car
Humdrum (Remastered 2009);Peter Gabriel;Peter Gabriel 1: Car
Down The Dolce Vita (Remastered 2009);Peter Gabriel;Peter Gabriel 1: Car
Moribund The Burgermeister (Remastered 2009);Peter Gabriel;Peter Gabriel 1: Car
Here Comes The Flood (Remastered 2009);Peter Gabriel;Peter Gabriel 1: Car
Biko (Remastered 2009);Peter Gabriel;Peter Gabriel 3: Melt
And Through The Wire (Remastered 2009);Peter Gabriel;Peter Gabriel 3: Melt
Family Snapshot (Remastered 2002);Peter Gabriel;Peter Gabriel 3: Melt
Intruder (Remastered 2009);Peter Gabriel;Peter Gabriel 3: Melt
No Self Control (Remastered 2009);Peter Gabriel;Peter Gabriel 3: Melt
Not One Of Us (Remastered 2009);Peter Gabriel;Peter Gabriel 3: Melt
Start (Remastered 2009);Peter Gabriel;Peter Gabriel 3: Melt
I Don't Remember (Remastered 2009);Peter Gabriel;Peter Gabriel 3: Melt
Games Without Frontiers (Remastered 2002);Peter Gabriel;Peter Gabriel 3: Melt
Lead A Normal Life (Remastered 2009);Peter Gabriel;Peter Gabriel 3: Melt
Digging In The Dirt (Live);Peter Gabriel;Secret World Live
San Jacinto (Live);Peter Gabriel;Secret World Live
Shaking The Tree (Live);Peter Gabriel;Secret World Live
Washing Of The Water (Live);Peter Gabriel;Secret World Live
Solsbury Hill (Live);Peter Gabriel;Secret World Live
In Your Eyes (Live);Peter Gabriel;Secret World Live
Kiss That Frog (Live);Peter Gabriel;Secret World Live
Secret World (Live);Peter Gabriel;Secret World Live
Across The River (Live);Peter Gabriel;Secret World Live
Come Talk To Me (Live);Peter Gabriel;Secret World Live
Red Rain (Live);Peter Gabriel;Secret World Live
Don't Give Up (Live);Peter Gabriel;Secret World Live
Slow Marimbas (Live);Peter Gabriel;Secret World Live
Blood Of Eden (Live);Peter Gabriel;Secret World Live
Steam (Live);Peter Gabriel;Secret World Live
Sledgehammer (Live);Peter Gabriel;Secret World Live
Unlocking The Door (Remastered 2002);Peter Gabriel;Long Walk Home
Ngankarrparni (Sky Blue Reprise);Peter Gabriel;Long Walk Home
On The Map (Remastered 2002);Peter Gabriel;Long Walk Home
Crossing The Salt Pan (Remastered 2002);Peter Gabriel;Long Walk Home
Moodoo's Secret (Remastered 2002);Peter Gabriel;Long Walk Home
The Return (Pt 1, 2 And 3);Peter Gabriel;Long Walk Home
The Rabbit-Proof Fence (Remastered 2002);Peter Gabriel;Long Walk Home
Go Away Mr Evans (Remastered 2002);Peter Gabriel;Long Walk Home
Running To The Rain (Remastered 2002);Peter Gabriel;Long Walk Home
Gracie's Recapture (Remastered 2002);Peter Gabriel;Long Walk Home
A Sense Of Home (Remastered 2002);Peter Gabriel;Long Walk Home
Jigalong (Remastered 2002);Peter Gabriel;Long Walk Home
The Tracker (Remastered 2002);Peter Gabriel;Long Walk Home
Stealing The Children (Remastered 2002);Peter Gabriel;Long Walk Home
Cloudless (Remastered 2002);Peter Gabriel;Long Walk Home
Strawberry Fields Forever;Peter Gabriel;Flotsam And Jetsam
Biko (Remix);Peter Gabriel;Flotsam And Jetsam
Kiss Of Life (Live);Peter Gabriel;Flotsam And Jetsam
I Don't Remember (Live);Peter Gabriel;Flotsam And Jetsam
Slowburn (Extended Version);Peter Gabriel;Flotsam And Jetsam
Jetzt Kommt Die Flut;Peter Gabriel;Flotsam And Jetsam
Perspective (Single Version);Peter Gabriel;Flotsam And Jetsam
Mother Of Violence (Single Version);Peter Gabriel;Flotsam And Jetsam
D.I.Y. (Single Version);Peter Gabriel;Flotsam And Jetsam
Teddy Bear;Peter Gabriel;Flotsam And Jetsam
Shock The Monkey (Instrumental);Peter Gabriel;Flotsam And Jetsam
I Don't Remember (Alternate Version);Peter Gabriel;Flotsam And Jetsam
Solsbury Hill (Live);Peter Gabriel;Flotsam And Jetsam
Soft Dog;Peter Gabriel;Flotsam And Jetsam
Shosholoza;Peter Gabriel;Flotsam And Jetsam
Across The River;Peter Gabriel;Flotsam And Jetsam
Father, Son (Daniel Lanois & Richard Chappell Mix);Peter Gabriel;Flotsam And Jetsam
Courage;Peter Gabriel;Flotsam And Jetsam
Growing Up (Tricky Instrumenta Remix);Peter Gabriel;Flotsam And Jetsam
Shaking The Tree (97 Jungle Version);Peter Gabriel;Flotsam And Jetsam
I Have The Touch (Robbie Robertson Mix);Peter Gabriel;Flotsam And Jetsam
Animal Nation;Peter Gabriel;Flotsam And Jetsam
Signal To Noise (Gangs of New York Version);Peter Gabriel;Flotsam And Jetsam
My Head Sounds Like That (Röyksopp Remix);Peter Gabriel;Flotsam And Jetsam
Courage (The Hexidecimal Mix);Peter Gabriel;Flotsam And Jetsam
More Than This (The Polyphonic Spree Mix);Peter Gabriel;Flotsam And Jetsam
The Veil;Peter Gabriel;Flotsam And Jetsam
I'm Amazing;Peter Gabriel;Flotsam And Jetsam
In The Sun;Peter Gabriel;Flotsam And Jetsam
Growing Up (Stabilizer Remix);Peter Gabriel;Flotsam And Jetsam
Sky Blue (Martyn Bennett Remix);Peter Gabriel;Flotsam And Jetsam
Darkness (Engelspost Remix);Peter Gabriel;Flotsam And Jetsam
I Grieve (City of Angels Remix);Peter Gabriel;Flotsam And Jetsam
Growing Up (Trent Reznor Remix);Peter Gabriel;Flotsam And Jetsam
More Than This (Elbow Remix);Peter Gabriel;Flotsam And Jetsam
Curtains (Broad Mix);Peter Gabriel;Flotsam And Jetsam
The Tower That Ate People (Red Planet Remix);Peter Gabriel;Flotsam And Jetsam
Suzanne;Peter Gabriel;Flotsam And Jetsam
Summertime;Larry Adler;Flotsam And Jetsam
Digging In The Dirt (Raw Stylus Remix);Peter Gabriel;Flotsam And Jetsam
I Have The Touch (Remix);Peter Gabriel;Flotsam And Jetsam
Walk Through The Fire (Single Version);Peter Gabriel;Flotsam And Jetsam
In Your Eyes (Single Version);Peter Gabriel;Flotsam And Jetsam
Games Without Frontiers (Massive/DB Mix);Peter Gabriel;Flotsam And Jetsam
Sledgehammer (Dance Mix);Peter Gabriel;Flotsam And Jetsam
Bashi-Bazouk;Peter Gabriel;Flotsam And Jetsam
GA GA (Instrumental);Peter Gabriel;Flotsam And Jetsam
Biko (Live At Blossom Music Centre, Cleveland);Peter Gabriel;Flotsam And Jetsam
Digging In The Dirt (Rich E Remix);Peter Gabriel;Flotsam And Jetsam
Big Time (Extended Version);Peter Gabriel;Flotsam And Jetsam
In Your Eyes (Special Remix);Peter Gabriel;Flotsam And Jetsam
Sledgehammer (Extended Version);Peter Gabriel;Flotsam And Jetsam
Don't Break This Rhythm;Peter Gabriel;Flotsam And Jetsam
Blood Of Eden (Remix);Peter Gabriel;Flotsam And Jetsam
Quiet Steam;Peter Gabriel;Flotsam And Jetsam
Steam;Peter Gabriel;Flotsam And Jetsam
Digging In The Dirt (Instrumental);Peter Gabriel;Flotsam And Jetsam
Kiss That Frog (Mindblender Mix);Peter Gabriel;Flotsam And Jetsam
Steam (Oh, Oh, Let Off Steam Mix Dub);Peter Gabriel;Flotsam And Jetsam
Curtains;Peter Gabriel;Flotsam And Jetsam
Mercy Street (William Orbit Remix);Peter Gabriel;Flotsam And Jetsam
Shaking The Tree (Bottrill Remix);Peter Gabriel;Flotsam And Jetsam
Sledgehammer (Remaster 2012);Peter Gabriel;So
This Is The Picture (Excellent Birds) (Remaster 2012);Peter Gabriel;So
Big Time (Remaster 2012);Peter Gabriel;So
Red Rain (Remaster 2012);Peter Gabriel;So
That Voice Again (Remaster 2012);Peter Gabriel;So
In Your Eyes (Remaster 2012);Peter Gabriel;So
Mercy Street (Remaster 2012);Peter Gabriel;So
We Do What We're Told (Milgram's 37) (Remaster 2012);Peter Gabriel;So
Don't Give Up (Remaster 2012);Peter Gabriel;So
Shock The Monkey (Remastered 2009);Peter Gabriel;Peter Gabriel 4: Security
The Family And The Fishing Net (Remastered 2009);Peter Gabriel;Peter Gabriel 4: Security
I Have The Touch (Remastered 2009);Peter Gabriel;Peter Gabriel 4: Security
San Jacinto (Remastered 2002);Peter Gabriel;Peter Gabriel 4: Security
The Rhythm Of The Heat (Remastered 2009);Peter Gabriel;Peter Gabriel 4: Security
Lay Your Hands On Me (Remastered 2009);Peter Gabriel;Peter Gabriel 4: Security
Kiss Of Life (Remastered 2009);Peter Gabriel;Peter Gabriel 4: Security
Wallflower (Remastered 2009);Peter Gabriel;Peter Gabriel 4: Security
Powerhouse At The Foot Of The Moutain (Remastered 2002);Peter Gabriel;Birdy
Slow Water (Remastered 2002);Peter Gabriel;Birdy
Slow Marimbas (Remastered 2002);Peter Gabriel;Birdy
At Night (Remastered 2002);Peter Gabriel;Birdy
Sketchpad With Trumpet And Voice (Remastered 2002);Peter Gabriel;Birdy
Dressing The Wound (Remastered 2002);Peter Gabriel;Birdy
Quiet And Alone (Remastered 2002);Peter Gabriel;Birdy
Birdy's Flight (Remastered 2002);Peter Gabriel;Birdy
Under Lock And Key (Remastered 2002);Peter Gabriel;Birdy
The Heat (Remastered 2002);Peter Gabriel;Birdy
Close-Up (Remastered 2002);Peter Gabriel;Birdy
Floating Dogs (Remastered 2002);Peter Gabriel;Birdy
Lazarus Raised (Remastered 2002);Peter Gabriel;Passion
It Is Accomplished (Remastered 2002);Peter Gabriel;Passion
A Different Drum (Remastered 2002);Peter Gabriel;Passion
The Promise Of Shadows (Remastered 2002);Peter Gabriel;Passion
Disturbed (Remastered 2002);Peter Gabriel;Passion
Passion (Remastered 2002);Peter Gabriel;Passion
Of These, Hope (Reprise);Peter Gabriel;Passion
Of These, Hope (Remastered 2002);Peter Gabriel;Passion
With This Love (Choir);Peter Gabriel;Passion
Troubled (Remastered 2002);Peter Gabriel;Passion
Open (Remastered 2002);Peter Gabriel;Passion
Gethsemane (Remastered 2002);Peter Gabriel;Passion
Bread And Wine (Remastered 2002);Peter Gabriel;Passion
In Doubt (Remastered 2002);Peter Gabriel;Passion
Zaar (Remastered 2002);Peter Gabriel;Passion
Stigmata (Remastered 2002);Peter Gabriel;Passion
Sandstorm (Remastered 2002);Peter Gabriel;Passion
The Feeling Begins (Remastered 2002);Peter Gabriel;Passion
With This Love (Remastered 2002);Peter Gabriel;Passion
Before Night Falls (Remastered 2002);Peter Gabriel;Passion
Wall Of Breath (Remastered 2002);Peter Gabriel;Passion
Taboo;Peter Gabriel;Rated PG
That'll Do;Peter Gabriel;Rated PG
Everybird;Peter Gabriel;Rated PG
Nocturnal;Peter Gabriel;Rated PG
This Is Party Man;Peter Gabriel;Rated PG
Speak (Bol);Peter Gabriel;Rated PG
"Down To Earth (From ""WALL-E"")";Peter Gabriel;Rated PG
In Your Eyes;Peter Gabriel;Rated PG
The Book Of Love;Peter Gabriel;Rated PG
Walk Through The Fire;Peter Gabriel;Rated PG
I Don't Remember (Live);Peter Gabriel;Plays Live
Not One Of Us (Live);Peter Gabriel;Plays Live
Intruder (Live);Peter Gabriel;Plays Live
San Jacinto (Live);Peter Gabriel;Plays Live
No Self-Control (Live);Peter Gabriel;Plays Live
The Rhythm Of The Heat (Live);Peter Gabriel;Plays Live
I Go Swimming (Live);Peter Gabriel;Plays Live
The Family And The Fishing Net (Live);Peter Gabriel;Plays Live
I Have The Touch (Live);Peter Gabriel;Plays Live
Shock The Monkey (Live);Peter Gabriel;Plays Live
Family Snapshot (Live);Peter Gabriel;Plays Live
Biko (Live);Peter Gabriel;Plays Live
On The Air (Live);Peter Gabriel;Plays Live
Humdrum (Live);Peter Gabriel;Plays Live
Solsbury Hill (Live);Peter Gabriel;Plays Live
D.I.Y. (Live);Peter Gabriel;Plays Live
Perspective (Remastered 2009);Peter Gabriel;Peter Gabriel 2: Scratch
D.I.Y. (Remastered 2009);Peter Gabriel;Peter Gabriel 2: Scratch
Flotsam And Jetsam (Remastered 2009);Peter Gabriel;Peter Gabriel 2: Scratch
A Wonderful Day In A One-Way World (Remastered 2009);Peter Gabriel;Peter Gabriel 2: Scratch
On The Air (Remastered 2009);Peter Gabriel;Peter Gabriel 2: Scratch
Home Sweet Home (Remastered 2009);Peter Gabriel;Peter Gabriel 2: Scratch
Indigo (Remastered 2009);Peter Gabriel;Peter Gabriel 2: Scratch
Mother Of Violence (Remastered 2009);Peter Gabriel;Peter Gabriel 2: Scratch
White Shadow (Remastered 2009);Peter Gabriel;Peter Gabriel 2: Scratch
Animal Magic (Remastered 2009);Peter Gabriel;Peter Gabriel 2: Scratch
Exposure (Remastered 2009);Peter Gabriel;Peter Gabriel 2: Scratch
Red Rain (New Blood Version);Peter Gabriel;New Blood
A Quiet Moment (New Blood Version);Peter Gabriel;New Blood
Don't Give Up (New Blood Version);Peter Gabriel;New Blood
Digging In The Dirt (New Blood Version);Peter Gabriel;New Blood
Mercy Street (New Blood Version);Peter Gabriel;New Blood
Intruder (New Blood Version);Peter Gabriel;New Blood
The Rhythm Of The Heat (New Blood Version);Peter Gabriel;New Blood
San Jacinto (New Blood Version);Peter Gabriel;New Blood
Downside Up (New Blood Version);Peter Gabriel;New Blood
In Your Eyes (New Blood Version);Peter Gabriel;New Blood
Darkness (New Blood Version);Peter Gabriel;New Blood
Wallflower (New Blood Version);Peter Gabriel;New Blood
Solsbury Hill (New Blood Version);Peter Gabriel;New Blood
The Nest That Sailed The Sky (New Blood Version);Peter Gabriel;New Blood
Signal To Noise (New Blood Version);Peter Gabriel;New Blood
Red Rain (New Blood Version Instrumental);Peter Gabriel;New Blood
Don't Give Up (New Blood Version Instrumental);Peter Gabriel;New Blood
Blood Of Eden (New Blood Version Instrumental);Peter Gabriel;New Blood
Digging In The Dirt (New Blood Version Instrumental);Peter Gabriel;New Blood
Mercy Street (New Blood Version Instrumental);Peter Gabriel;New Blood
Intruder (New Blood Version Instrumental);Peter Gabriel;New Blood
The Rhythm Of The Heat (New Blood Version Instrumental);Peter Gabriel;New Blood
San Jacinto (New Blood Version Instrumental);Peter Gabriel;New Blood
Downside Up (New Blood Version Instrumental);Peter Gabriel;New Blood
In Your Eyes (New Blood Version Instrumental);Peter Gabriel;New Blood
Darkness (New Blood Version Instrumental);Peter Gabriel;New Blood
Wallflower (New Blood Version Instrumental);Peter Gabriel;New Blood
The Nest That Sailed The Sky (New Blood Version Instrumental);Peter Gabriel;New Blood
I Go Swimming (Live);Peter Gabriel;Live at WOMAD 1982
Shock the Monkey (Live);Peter Gabriel;Live at WOMAD 1982
Biko (Live);Peter Gabriel;Live at WOMAD 1982
I Have the Touch (Live);Peter Gabriel;Live at WOMAD 1982
The Family and the Fishing Net (Live);Peter Gabriel;Live at WOMAD 1982
San Jacinto (Live);Peter Gabriel;Live at WOMAD 1982
The Rhythm of the Heat (Live);Peter Gabriel;Live at WOMAD 1982
Kiss of Life (Live);Peter Gabriel;Live at WOMAD 1982
Lay Your Hands on Me (Live);Peter Gabriel;Live at WOMAD 1982
Shock the Monkey (Live);Peter Gabriel;Live in Athens 1987
Sledgehammer (Live);Peter Gabriel;Live in Athens 1987
Solsbury Hill (Live);Peter Gabriel;Live in Athens 1987
Biko (Live);Peter Gabriel;Live in Athens 1987
Mercy Street (Live);Peter Gabriel;Live in Athens 1987
Intruder (Live);Peter Gabriel;Live in Athens 1987
Family Snapshot (Live);Peter Gabriel;Live in Athens 1987
The Family and the Fishing Net (Live);Peter Gabriel;Live in Athens 1987
Games Without Frontiers (Live);Peter Gabriel;Live in Athens 1987
San Jacinto (Live);Peter Gabriel;Live in Athens 1987
Here Comes The Flood (Live);Peter Gabriel;Live in Athens 1987
Don't Give Up (Live);Peter Gabriel;Live in Athens 1987
In Your Eyes (Live);Peter Gabriel;Live in Athens 1987
This Is The Picture (excellent birds) (Live);Peter Gabriel;Live in Athens 1987
No Self Control (Live);Peter Gabriel;Live in Athens 1987
Lay Your Hands on Me (Live);Peter Gabriel;Live in Athens 1987
Flume;Peter Gabriel;Scratch My Back
The Book Of Love (Remix);Peter Gabriel;Scratch My Back
My Body Is A Cage (Oxford London Temple Version);Peter Gabriel;Scratch My Back
Street Spirit (Fade Out);Peter Gabriel;Scratch My Back
The Book Of Love;Peter Gabriel;Scratch My Back
Apres Moi;Peter Gabriel;Scratch My Back
Philadelphia;Peter Gabriel;Scratch My Back
I Think It's Going To Rain Today;Peter Gabriel;Scratch My Back
Listening Wind;Peter Gabriel;Scratch My Back
The Boy In The Bubble;Peter Gabriel;Scratch My Back
Waterloo Sunset (Oxford London Temple Version);Peter Gabriel;Scratch My Back
Heroes;Peter Gabriel;Scratch My Back
Heroes (Wildebeest Mix);Peter Gabriel;Scratch My Back
The Power Of The Heart;Peter Gabriel;Scratch My Back
My Body Is A Cage;Peter Gabriel;Scratch My Back
Mirrorball;Peter Gabriel;Scratch My Back
Burn You Up, Burn You Down (Live);Peter Gabriel;In The Big Room
Secret World (Live);Peter Gabriel;In The Big Room
Darkness (Live);Peter Gabriel;In The Big Room
The Tower that Ate People (Live);Peter Gabriel;In The Big Room
Digging in the Dirt (Live);Peter Gabriel;In The Big Room
Signal to Noise (Live);Peter Gabriel;In The Big Room
Downside Up (Live);Peter Gabriel;In The Big Room
San Jacinto (Live);Peter Gabriel;In The Big Room
Father, Son (Live);Peter Gabriel;In The Big Room
Shock the Monkey (Live);Peter Gabriel;In The Big Room
Games Without Frontiers (Live);Peter Gabriel;In The Big Room
Mercy Street (Live);Peter Gabriel;In The Big Room
In Your Eyes (Live);Peter Gabriel;In The Big Room
More Than This (Live);Peter Gabriel;In The Big Room
4- Cloudless [Radio Edit];Artista Sconosciuto;Album Sconosciuto
2- The Barry Williams Show;Artista Sconosciuto;Album Sconosciuto
My Head Sounds Like That (Remix By Royksopp);Peter Gabriel;The Barry Williams Show [Single]
The Barry Williams Show (Unadulterated Radio Edit);Peter Gabriel;The Barry Williams Show [Single]
Sunkissed;Friends Again;Trapped And Unwrapped
Lucky Star;Friends Again;Trapped And Unwrapped
Skip The Goldrush;Friends Again;Trapped And Unwrapped
Tomboy;Friends Again;Trapped And Unwrapped
Old Flame;Friends Again;Trapped And Unwrapped
Lullaby No. 2;Friends Again;Trapped And Unwrapped
Dealing In Silver;Friends Again;Trapped And Unwrapped
Wand You Wave;Friends Again;Trapped And Unwrapped
Bird Of Paradise;Friends Again;Trapped And Unwrapped
State Of Art;Friends Again;Trapped And Unwrapped
Moon 3;Friends Again;Trapped And Unwrapped
Why Don't You Ask Someone;Friends Again;Trapped And Unwrapped
Honey At The Core;Friends Again;Trapped And Unwrapped
Vaguely Yours;Friends Again;Trapped And Unwrapped
South Of Love;Friends Again;Trapped And Unwrapped
Swallows In The Rain;Friends Again;Trapped And Unwrapped
Quattro cani;Lucio Dalla;Banana Republic
Banana Republic;Lucio Dalla;Banana Republic
Piazza Grande;Various Interprets;Banana Republic
Bufalo Bill;Various Interprets;Banana Republic
Gelato al limon;Various Interprets;Banana Republic
Santa Lucia;Various Interprets;Banana Republic
4/3/1943;Lucio Dalla;Banana Republic
La Canzone Di Orlando;Lucio Dalla;Banana Republic
Addio a Napoli / Ma come fanno i marinai;Various Interprets;Banana Republic
Henna (Live);Dalla De Gregori;Work In Progress
La valigia dell'attore (Live);Dalla De Gregori;Work In Progress
Titanic (Live);Dalla De Gregori;Work In Progress
Anna e Marco (Live);Dalla De Gregori;Work In Progress
La leva calcistica della classe '68 (Live);Dalla De Gregori;Work In Progress
Tutta la vita (Live);Dalla De Gregori;Work In Progress
L'agnello di Dio (Live);Dalla De Gregori;Work In Progress
Non basta saper cantare;Dalla De Gregori;Work In Progress
La storia (Live);Dalla De Gregori;Work In Progress
Santa Lucia (Live);Dalla De Gregori;Work In Progress
Gran turismo (Live);Dalla De Gregori;Work In Progress
Canzone (Live);Dalla De Gregori;Work In Progress
Nuvolari (Live);Dalla De Gregori;Work In Progress
Viva l'Italia (Live);Dalla De Gregori;Work In Progress
Buonanotte fiorellino (Live);Dalla De Gregori;Work In Progress
L'abbigliamento di un fuochista (Live);Dalla De Gregori;Work In Progress
Caruso (Live);Dalla De Gregori;Work In Progress
Futura (Live);Dalla De Gregori;Work In Progress
Solo un gigolò (Live);Dalla De Gregori;Work In Progress
'La fine del Titanic' (H. M. Enzensberger) [Spoken Live];Marco Alemanno;Work In Progress
Disperato erotico stomp (Live);Dalla De Gregori;Work In Progress
La donna cannone (Live);Dalla De Gregori;Work In Progress
Piazza grande (Live);Dalla De Gregori;Work In Progress
Rimmel (Live);Dalla De Gregori;Work In Progress
A pà (Live);Dalla De Gregori;Work In Progress
Come è profondo il mare (Live);Dalla De Gregori;Work In Progress
L'anno che verrà (Live);Dalla De Gregori;Work In Progress
Vai in Africa, celestino! (Live);Dalla De Gregori;Work In Progress
Generale;Dalla De Gregori;Work In Progress
Family Life;The Blue Nile;Peace at Last
Sentimental Man;The Blue Nile;Peace at Last
God Bless You Kid;The Blue Nile;Peace at Last
Body and Soul;The Blue Nile;Peace at Last
Tomorrow Morning;The Blue Nile;Peace at Last
Holy Love;The Blue Nile;Peace at Last
War Is Love;The Blue Nile;Peace at Last
Happiness;The Blue Nile;Peace at Last
Soon;The Blue Nile;Peace at Last
Love Came Down;The Blue Nile;Peace at Last
War Is Love (Vocal Mix);The Blue Nile;Peace at Last
Holy Love (Picture Mix);The Blue Nile;Peace at Last
A Certain Kind of Angel;The Blue Nile;Peace at Last
Soon (Laurel Canyon Mix);The Blue Nile;Peace at Last
There Was a Girl;The Blue Nile;Peace at Last
Turn Yourself Around;The Blue Nile;Peace at Last
Seven A.M.;The Blue Nile;Hats
The Downtown Lights;The Blue Nile;Hats
Let's Go Out Tonight;The Blue Nile;Hats
Headlights on the Parade;The Blue Nile;Hats
From a Late Night Train;The Blue Nile;Hats
Saturday Night;The Blue Nile;Hats
Over the Hillside;The Blue Nile;Hats
Saturday Night (Early Mix/Vocal 2);The Blue Nile;Hats
Christmas;The Blue Nile;Hats
Seven A.M. (Live in the Studio);The Blue Nile;Hats
Let's Go Out Tonight (Vocal 2);The Blue Nile;Hats
Headlights on the Parade (Live in Tennessee);The Blue Nile;Hats
The Wires Are Down;The Blue Nile;Hats
Heatwave;The Blue Nile;A Walk Across the Rooftops
Tinseltown in the Rain;The Blue Nile;A Walk Across the Rooftops
A Walk Across the Rooftops;The Blue Nile;A Walk Across the Rooftops
Automobile Noise;The Blue Nile;A Walk Across the Rooftops
Easter Parade;The Blue Nile;A Walk Across the Rooftops
From Rags to Riches;The Blue Nile;A Walk Across the Rooftops
Stay;The Blue Nile;A Walk Across the Rooftops
St Catherine's Day;The Blue Nile;A Walk Across the Rooftops
I Love This Life;The Blue Nile;A Walk Across the Rooftops
Stay (Little Mix);The Blue Nile;A Walk Across the Rooftops
The Second Act;The Blue Nile;A Walk Across the Rooftops
Regret;The Blue Nile;A Walk Across the Rooftops
Tinseltown in the Rain (Mix);The Blue Nile;A Walk Across the Rooftops
Heatwave (Rhythm Mix);The Blue Nile;A Walk Across the Rooftops
Stay Close (Remastered);The Blue Nile;High
Broken Loves (Remastered);The Blue Nile;High
Everybody Else (Remastered);The Blue Nile;High
Soul Boy (Remastered);The Blue Nile;High
The Day of Our Lives (Remastered);The Blue Nile;High
She Saw the World (Remastered);The Blue Nile;High
Because of Toledo (Remastered);The Blue Nile;High
I Would Never (Remastered);The Blue Nile;High
High (Remastered);The Blue Nile;High
Wasted;The Blue Nile;High
Here Come the Bluebirds;The Blue Nile;High
The Days of Our Lives (Remix);The Blue Nile;High
i;The Blue Nile;High
Big Town;The Blue Nile;High
She Saw the World (Remix);The Blue Nile;High
Live aus dem Nachtwerk, München, 1992;Garland Jeffreys;Album Sconosciuto
Ballad of Me;Garland Jeffreys;Garland Jeffreys
Harlem Bound;Garland Jeffreys;Garland Jeffreys
Lon Chaney;Garland Jeffreys;Garland Jeffreys
Zoo;Garland Jeffreys;Garland Jeffreys
Bound to Get Ahead Someday;Garland Jeffreys;Garland Jeffreys
Calcutta Monsoon;Garland Jeffreys;Garland Jeffreys
Eggs;Garland Jeffreys;Garland Jeffreys
Midnite Cane;Garland Jeffreys;Garland Jeffreys
Lovelight;Garland Jeffreys;Garland Jeffreys
She Didn't Lie;Garland Jeffreys;Garland Jeffreys
True to Me;Garland Jeffreys;Garland Jeffreys
The Contortionist;Garland Jeffreys;The King of in Between
Till John Lee Hooker Calls Me;Garland Jeffreys;The King of in Between
Everybody;Garland Jeffreys;The King of in Between
Streetwise;Garland Jeffreys;The King of in Between
Rock and Roll Music;Garland Jeffreys;The King of in Between
Love Is Not a Cliché;Garland Jeffreys;The King of in Between
All Around the World;Garland Jeffreys;The King of in Between
She's a Killer;Garland Jeffreys;The King of in Between
In God's Waiting Room;Garland Jeffreys;The King of in Between
Roller Coaster Town;Garland Jeffreys;The King of in Between
Coney Island Winter;Garland Jeffreys;The King of in Between
I'm Alive;Garland Jeffreys;The King of in Between
The Beautiful Truth;Garland Jeffreys;The King of in Between
Murder Jubilee;Garland Jeffreys;Don't Call Me Buckwheat
Color Line;Garland Jeffreys;Don't Call Me Buckwheat
The Answer;Garland Jeffreys;Don't Call Me Buckwheat
Spanish Blood;Garland Jeffreys;Don't Call Me Buckwheat
Don't Call Me Buckwheat;Garland Jeffreys;Don't Call Me Buckwheat
Welcome To The World  (Album Version);Garland Jeffreys;Don't Call Me Buckwheat
Hail Hail Rock 'N' Roll;Garland Jeffreys;Don't Call Me Buckwheat
Racial Repertoire;Garland Jeffreys;Don't Call Me Buckwheat
Moonshine In The Cornfield;Garland Jeffreys;Don't Call Me Buckwheat
I Was Afraid Of Malcolm;Garland Jeffreys;Don't Call Me Buckwheat
I'm Not A Know It All;Garland Jeffreys;Don't Call Me Buckwheat
Bottle Of Love;Garland Jeffreys;Don't Call Me Buckwheat
Lonelyville;Garland Jeffreys;Don't Call Me Buckwheat
Rebel Love (Album Version);Garland Jeffreys;Guts For Love
El Salvador (Album Version);Garland Jeffreys;Guts For Love
What Does It Take (To Win Your Love) (Album Version);Garland Jeffreys;Guts For Love
Fidelity (Album Version);Garland Jeffreys;Guts For Love
Dance Up (Album Version);Garland Jeffreys;Guts For Love
Shout (Album Version);Garland Jeffreys;Guts For Love
Real Man (Album Version);Garland Jeffreys;Guts For Love
Guts For Love (Album Version);Garland Jeffreys;Guts For Love
American Backslide (Album Version);Garland Jeffreys;Guts For Love
Loneliness (Album Version);Garland Jeffreys;Guts For Love
Surrender (Album Version);Garland Jeffreys;Guts For Love
Dragons to Slay;Garland Jeffreys;Truth Serum
Revolution of the Mind;Garland Jeffreys;Truth Serum
It's What I Am;Garland Jeffreys;Truth Serum
Ship of Fools;Garland Jeffreys;Truth Serum
Collide the Generations;Garland Jeffreys;Truth Serum
Is This the Real World;Garland Jeffreys;Truth Serum
Colorblind Love;Garland Jeffreys;Truth Serum
Any Rain;Garland Jeffreys;Truth Serum
Truth Serum;Garland Jeffreys;Truth Serum
Far Far Away;Garland Jeffreys;Truth Serum
Graveyard Rock;Garland Jeffreys;Escape Artist
We The People;Garland Jeffreys;Escape Artist
Innocent;Garland Jeffreys;Escape Artist
Mystery Kids;Garland Jeffreys;Escape Artist
R.O.C.K.;Garland Jeffreys;Escape Artist
True Confessions;Garland Jeffreys;Escape Artist
Miami Beach;Garland Jeffreys;Escape Artist
Modern Lovers;Garland Jeffreys;Escape Artist
Christine;Garland Jeffreys;Escape Artist
Ghost Of A Chance;Garland Jeffreys;Escape Artist
Jump Jump;Garland Jeffreys;Escape Artist
96 Tears;Garland Jeffreys;Escape Artist
Lover's Walk;Garland Jeffreys;Escape Artist
Christine (Live version);Garland Jeffreys;Escape Artist
That's My Lover;Garland Jeffreys;Wildlife Dictionary
Afrodiziak;Garland Jeffreys;Wildlife Dictionary
Love Jones;Garland Jeffreys;Wildlife Dictionary
Lovetown Serenade;Garland Jeffreys;Wildlife Dictionary
Wildlife Dictionary;Garland Jeffreys;Wildlife Dictionary
Wet Money;Garland Jeffreys;Wildlife Dictionary
Happiness;Garland Jeffreys;Wildlife Dictionary
Gotta Get Away From This World;Garland Jeffreys;Wildlife Dictionary
Temptation;Garland Jeffreys;Wildlife Dictionary
Oceana;Garland Jeffreys;Wildlife Dictionary
Boys And Girls;Garland Jeffreys;Wildlife Dictionary
Original Lust;Garland Jeffreys;Wildlife Dictionary
Sexuality (Album Version);Garland Jeffreys;Wildlife Dictionary
Lift Me Up;Garland Jeffreys;Ghost Writer
New York Skyline;Garland Jeffreys;Ghost Writer
Ghost Writer;Garland Jeffreys;Ghost Writer
Why-O;Garland Jeffreys;Ghost Writer
Cool Down Boy;Garland Jeffreys;Ghost Writer
I May Not Be Your Kind;Garland Jeffreys;Ghost Writer
Rough And Ready;Garland Jeffreys;Ghost Writer
Spanish Town;Garland Jeffreys;Ghost Writer
35 Millimeter Dreams;Garland Jeffreys;Ghost Writer
Schoolyard Blues;Garland Jeffreys;14 Steps to Harlem
Waiting for the Man;Garland Jeffreys;14 Steps to Harlem
Spanish Heart;Garland Jeffreys;14 Steps to Harlem
Time Goes Away;Garland Jeffreys;14 Steps to Harlem
Venus;Garland Jeffreys;14 Steps to Harlem
Luna Park Love Theme;Garland Jeffreys;14 Steps to Harlem
14 Steps to Harlem;Garland Jeffreys;14 Steps to Harlem
When You Call My Name;Garland Jeffreys;14 Steps to Harlem
I'm a Dreamer;Garland Jeffreys;14 Steps to Harlem
Reggae on Broadway;Garland Jeffreys;14 Steps to Harlem
Help;Garland Jeffreys;14 Steps to Harlem
Colored Boy Said;Garland Jeffreys;14 Steps to Harlem
If Mao Could See Me Now (Acoustic);Garland Jeffreys;American Boy & Girl Unplugged
American Boy & Girl (Acoustic);Garland Jeffreys;American Boy & Girl Unplugged
Portugese Man of Ware;Garland Jeffreys;American Boy & Girl Unplugged
Nothing Big in Sight (Acoustic);Garland Jeffreys;American Boy & Girl Unplugged
Ivory Tower;Garland Jeffreys;American Boy & Girl Unplugged
Bad Dream (Acoustic);Garland Jeffreys;American Boy & Girl Unplugged
Teenage Blues;Garland Jeffreys;American Boy & Girl Unplugged
Girl Can't Help It;Garland Jeffreys;American Boy & Girl Unplugged
Via Veneto;Garland Jeffreys;American Boy & Girl Unplugged
Livin' for Me (Acoustic);Garland Jeffreys;American Boy & Girl Unplugged
Drugstore Romeo;Garland Jeffreys;American Boy & Girl Unplugged
Shoot the Moonlight out (Acoustic);Garland Jeffreys;American Boy & Girl Unplugged
City Kids (Acoustic);Garland Jeffreys;American Boy & Girl Unplugged
Wouldn't It Be Nice (Stereo);The Beach Boys;Pet Sounds
I'm Waiting For The Day (Stereo);The Beach Boys;Pet Sounds
You Still Believe In Me (Mono);The Beach Boys;Pet Sounds
I Just Wasn't Made For These Times (Mono);The Beach Boys;Pet Sounds
God Only Knows (Mono);The Beach Boys;Pet Sounds
Don't Talk (Put Your Head On My Shoulder) (Mono);The Beach Boys;Pet Sounds
Let's Go Away For A While (Mono);The Beach Boys;Pet Sounds
Sloop John B (Mono);The Beach Boys;Pet Sounds
That's Not Me (Mono);The Beach Boys;Pet Sounds
I Know There's An Answer (Stereo);The Beach Boys;Pet Sounds
I'm Waiting For The Day (Mono);The Beach Boys;Pet Sounds
Caroline, No (Mono);The Beach Boys;Pet Sounds
Pet Sounds (Mono);The Beach Boys;Pet Sounds
Here Today (Mono);The Beach Boys;Pet Sounds
Here Today (Stereo);The Beach Boys;Pet Sounds
That's Not Me (Stereo);The Beach Boys;Pet Sounds
I Know There's An Answer (Mono);The Beach Boys;Pet Sounds
I Just Wasn't Made For These Times (Stereo);The Beach Boys;Pet Sounds
You Still Believe In Me (Stereo);The Beach Boys;Pet Sounds
Wouldn't It Be Nice (Mono);The Beach Boys;Pet Sounds
Let's Go Away For Awhile (Stereo);The Beach Boys;Pet Sounds
Sloop John B (Stereo);The Beach Boys;Pet Sounds
Pet Sounds (Stereo);The Beach Boys;Pet Sounds
Don't Talk (Put Your Head On My Shoulder) (Stereo);The Beach Boys;Pet Sounds
God Only Knows (Stereo);The Beach Boys;Pet Sounds
Caroline, No (Stereo);The Beach Boys;Pet Sounds
I Want You;The Divine Comedy;Rainy Sunday Afternoon
The Man who Turned Into a Chair;The Divine Comedy;Rainy Sunday Afternoon
Mar-a-Lago by the Sea;The Divine Comedy;Rainy Sunday Afternoon
Invisible Thread;The Divine Comedy;Rainy Sunday Afternoon
All the Pretty Lights;The Divine Comedy;Rainy Sunday Afternoon
The Last Time I Saw the Old Man;The Divine Comedy;Rainy Sunday Afternoon
Rainy Sunday Afternoon;The Divine Comedy;Rainy Sunday Afternoon
Can't Let Go;The Divine Comedy;Rainy Sunday Afternoon
The Heart is a Lonely Hunter;The Divine Comedy;Rainy Sunday Afternoon
Down the Rabbit Hole;The Divine Comedy;Rainy Sunday Afternoon
Achilles;The Divine Comedy;Rainy Sunday Afternoon
This House Is Condemned (Remastered);Pulp;Separations
Death II (Remastered);Pulp;Separations
My Legendary Girlfriend (Remastered);Pulp;Separations
Is This House? (Remastered);Pulp;Separations
Countdown (Remastered);Pulp;Separations
Countdown (Extended Version) [Bonus] (Remastered);Pulp;Separations
Love Is Blind (Remastered);Pulp;Separations
Death Comes to Town (Remastered);Pulp;Separations
Separations (Remastered);Pulp;Separations
Death Goes to the Disco (Remastered);Pulp;Separations
Don't You Want Me Anymore? (Remastered);Pulp;Separations
She's Dead (Remastered);Pulp;Separations
Down by the River (Remastered);Pulp;Separations
Sunrise (Original Mix);Pulp;We Love Life
Wickerman;Pulp;We Love Life
Birds In Your Garden;Pulp;We Love Life
Bob Lind (The Only Way Is Down);Pulp;We Love Life
Roadkill;Pulp;We Love Life
Bad Cover Version;Pulp;We Love Life
I Love Life;Pulp;We Love Life
Weeds II (The Origin Of The Species);Pulp;We Love Life
Weeds;Pulp;We Love Life
The Night That Minnie Timperley Died;Pulp;We Love Life
The Trees (Album Version);Pulp;We Love Life
Mis-Shapes;Pulp;Different Class
Bar Italia;Pulp;Different Class
Monday Morning;Pulp;Different Class
Disco 2000 (Album Version);Pulp;Different Class
Underwear;Pulp;Different Class
Sorted For E's & Wizz;Pulp;Different Class
"Common People (Full Length Version; Album Version)";Pulp;Different Class
Something Changed;Pulp;Different Class
I Spy;Pulp;Different Class
F.E.E.L.I.N.G.C.A.L.L.E.D.L.O.V.E.;Pulp;Different Class
Live Bed Show;Pulp;Different Class
Pencil Skirt;Pulp;Different Class
In Many Ways (Remastered);Pulp;It
My Lighthouse (Remastered);Pulp;It
Sink or Swim (Remastered);Pulp;It
Looking for Life (Remastered);Pulp;It
My Lighthouse (Single Version) (Remastered);Pulp;It
Blue Girls (Remastered);Pulp;It
Boats and Trains (Remastered);Pulp;It
Wishful Thinking (Remastered);Pulp;It
Love Love (Remastered);Pulp;It
Blue Girls (Alternate Mix) (Remastered);Pulp;It
Please Don't Worry (Remastered);Pulp;It
Joking Aside (Remastered);Pulp;It
Blue Glow (Bonus) (2012 Remastered);Pulp;Freaks
Don't You Know (2012 Remastered);Pulp;Freaks
Aborigine (Bonus) (2012 Remastered);Pulp;Freaks
Goodnight (Bonus) (2012 Remastered);Pulp;Freaks
Master of the Universe (2012 Remastered);Pulp;Freaks
Tunnel (Bonus) (2012 Remastered);Pulp;Freaks
There's No Emotion (2012 Remastered);Pulp;Freaks
Being Followed Home (2012 Remastered);Pulp;Freaks
Fairground (2012 Remastered);Pulp;Freaks
97 Lovers (Bonus) (2012 Remastered);Pulp;Freaks
I Want You (2012 Remastered);Pulp;Freaks
Manon (Bonus) (2012 Remastered);Pulp;Freaks
Simultaneous (Bonus) (2012 Remastered);Pulp;Freaks
Dogs Are Everywhere (Bonus) (2012 Remastered);Pulp;Freaks
Little Girl with Blue Eyes (Bonus) (2012 Remastered);Pulp;Freaks
They Suffocate at Night (2012 Remastered);Pulp;Freaks
Anorexic Beauty (2012 Remastered);Pulp;Freaks
The Never Ending Story (2012 Remastered);Pulp;Freaks
The Mark of the Devil (Bonus) (2012 Remastered);Pulp;Freaks
The Will to Power (Bonus) (2012 Remastered);Pulp;Freaks
Life Must Be So Wonderful (2012 Remastered);Pulp;Freaks
Party Hard;Pulp;This Is Hardcore
Like A Friend;Pulp;This Is Hardcore
Dishes;Pulp;This Is Hardcore
Glory Days;Pulp;This Is Hardcore
I'm A Man;Pulp;This Is Hardcore
The Day After The Revolution;Pulp;This Is Hardcore
The Fear;Pulp;This Is Hardcore
Seductive Barry;Pulp;This Is Hardcore
TV Movie;Pulp;This Is Hardcore
A Little Soul;Pulp;This Is Hardcore
Help The Aged;Pulp;This Is Hardcore
Sylvia;Pulp;This Is Hardcore
This Is Hardcore;Pulp;This Is Hardcore
Babies;Pulp;His 'N' Hers
Joyriders;Pulp;His 'N' Hers
Lipgloss;Pulp;His 'N' Hers
David's Last Summer;Pulp;His 'N' Hers
Happy Endings;Pulp;His 'N' Hers
Do You Remember The First Time?;Pulp;His 'N' Hers
She's A Lady;Pulp;His 'N' Hers
Pink Glove;Pulp;His 'N' Hers
Someone Like The Moon;Pulp;His 'N' Hers
Acrylic Afternoons;Pulp;His 'N' Hers
Have You Seen Her Lately?;Pulp;His 'N' Hers
Background Noise;Pulp;More
Partial Eclipse;Pulp;More
Farmers Market;Pulp;More
Grown Ups;Pulp;More
My Sex;Pulp;More
Got to Have Love;Pulp;More
The Hymn of the North;Pulp;More
Spike Island;Pulp;More
Tina;Pulp;More
A Sunset;Pulp;More
Slow Jam;Pulp;More
Requiem in D minor, K. 626: II. Kyrie (Orch. Süssmayr, Beyer) (Live From Dom, Salzburg / 1999);Claudio Abbado;Mozart : Requiem (Live)
Requiem in D minor, K. 626: III. Sequentia: b. Tuba mirum (Orch. Süssmayr, Beyer) (Live From Dom, Salzburg / 1999);Claudio Abbado;Mozart : Requiem (Live)
Requiem in D minor, K. 626: III. Sequentia: f. Lacrimosa (Compl. Süssmayr, Orch. Beyer) (Live From Dom, Salzburg / 1999);Claudio Abbado;Mozart : Requiem (Live)
Requiem in D minor, K. 626: III. Sequentia: c. Rex tremendae (Orch. Süssmayr, Beyer) (Live From Dom, Salzburg / 1999);Claudio Abbado;Mozart : Requiem (Live)
Requiem in D minor, K. 626: IV. Offertorium: a. Domine Jesu (Orch. Süssmayr, Beyer) (Live From Dom, Salzburg / 1999);Claudio Abbado;Mozart : Requiem (Live)
Requiem in D minor, K. 626: III. Sequentia: d. Recordare (Orch. Süssmayr, Beyer) (Live From Dom, Salzburg / 1999);Claudio Abbado;Mozart : Requiem (Live)
Vesperae solennes de Confessore in C Major, K. 339: V. Laudate Dominum (Live From Dom, Salzburg / 1999);Claudio Abbado;Mozart : Requiem (Live)
Grabmusik, K. 42: IV. Aria. Betracht dies Herz und frage mich (Live From Dom, Salzburg / 1999);Claudio Abbado;Mozart : Requiem (Live)
Requiem in D minor, K. 626: VII. Agnus Dei (Compl. Süssmayr and Levin) (Live From Dom, Salzburg / 1999);Claudio Abbado;Mozart : Requiem (Live)
Requiem in D minor, K. 626: IV. Offertorium: b. Hostias (Orch. Süssmayr, Beyer) (Live From Dom, Salzburg / 1999);Claudio Abbado;Mozart : Requiem (Live)
Requiem in D minor, K. 626: VIII. Communio: Lux aeterna (Adapted Süssmayr) (Live From Dom, Salzburg / 1999);Claudio Abbado;Mozart : Requiem (Live)
Requiem in D minor, K. 626: I. Introitus. Requiem aeternam (Live From Dom, Salzburg / 1999);Claudio Abbado;Mozart : Requiem (Live)
Requiem in D minor, K. 626: III. Sequentia: e. Confutatis (Orch. Süssmayr, Beyer) (Live From Dom, Salzburg / 1999);Claudio Abbado;Mozart : Requiem (Live)
Requiem in D minor, K. 626: VI. Benedictus (Compl. Süssmayr and Levin) (Live From Dom, Salzburg / 1999);Claudio Abbado;Mozart : Requiem (Live)
Requiem in D minor, K. 626: V. Sanctus (Compl. Süssmayr and Levin) (Live From Dom, Salzburg / 1999);Claudio Abbado;Mozart : Requiem (Live)
Requiem in D minor, K. 626: III. Sequentia: a. Dies irae (Orch. Süssmayr, Beyer) (Live From Dom, Salzburg / 1999);Claudio Abbado;Mozart : Requiem (Live)
Você Não Me Ensinou a Te Esquecer  (Ao Vivo);Caetano Veloso;Caetano e Bethânia Ao Vivo
Marginália II  (Ao Vivo);Caetano Veloso;Caetano e Bethânia Ao Vivo
Não Dá Mais Pra Segurar (Explode Coração)  (Ao Vivo);Maria Bethânia;Caetano e Bethânia Ao Vivo
Cajuína  (Ao Vivo);Caetano Veloso;Caetano e Bethânia Ao Vivo
Reconvexo  (Ao Vivo);Caetano Veloso;Caetano e Bethânia Ao Vivo
Deus Cuida de Mim  (Ao Vivo);Caetano Veloso;Caetano e Bethânia Ao Vivo
Gita  (Ao Vivo);Caetano Veloso;Caetano e Bethânia Ao Vivo
Vaca Profana  (Ao Vivo);Caetano Veloso;Caetano e Bethânia Ao Vivo
Você é Linda  (Ao Vivo);Caetano Veloso;Caetano e Bethânia Ao Vivo
Tropicália  (Ao Vivo);Caetano Veloso;Caetano e Bethânia Ao Vivo
Os Mais Doces dos Bárbaros  (Ao Vivo);Caetano Veloso;Caetano e Bethânia Ao Vivo
Tudo de Novo  (Ao Vivo);Caetano Veloso;Caetano e Bethânia Ao Vivo
Fé  (Ao Vivo);Caetano Veloso;Caetano e Bethânia Ao Vivo
Pot-Pourri: 13 de maio, Samba de Dois, Cosme e Damião, Lindomar e A Donzela se Casou  (Ao Vivo);Caetano Veloso;Caetano e Bethânia Ao Vivo
Um Índio  (Ao Vivo);Caetano Veloso;Caetano e Bethânia Ao Vivo
Motriz / Não Identificado  (Ao Vivo);Caetano Veloso;Caetano e Bethânia Ao Vivo
Negue  (Ao Vivo);Maria Bethânia;Caetano e Bethânia Ao Vivo
Filhos de Gandhi  (Ao Vivo);Caetano Veloso;Caetano e Bethânia Ao Vivo
Ia Omim Bum / Dedicatória  (Ao Vivo);Caetano Veloso;Caetano e Bethânia Ao Vivo
O Leãozinho  (Ao Vivo);Caetano Veloso;Caetano e Bethânia Ao Vivo
Gente  (Ao Vivo);Caetano Veloso;Caetano e Bethânia Ao Vivo
Eu e Água  (Ao Vivo);Caetano Veloso;Caetano e Bethânia Ao Vivo
As Canções Que Você Fez Pra Mim  (Ao Vivo);Maria Bethânia;Caetano e Bethânia Ao Vivo
Oração Ao Tempo  (Ao Vivo);Caetano Veloso;Caetano e Bethânia Ao Vivo
Baby  (Ao Vivo);Caetano Veloso;Caetano e Bethânia Ao Vivo
Alegria, Alegria  (Ao Vivo);Caetano Veloso;Caetano e Bethânia Ao Vivo
Homenagem à Mangueira  (Ao Vivo);Caetano Veloso;Caetano e Bethânia Ao Vivo
O Quereres  (Ao Vivo);Caetano Veloso;Caetano e Bethânia Ao Vivo
Um Baiana  (Ao Vivo);Caetano Veloso;Caetano e Bethânia Ao Vivo
A Tua Presença Morena  (Ao Vivo);Caetano Veloso;Caetano e Bethânia Ao Vivo
Brincar de Viver  (Ao Vivo);Maria Bethânia;Caetano e Bethânia Ao Vivo
Milagres do Povo  (Ao Vivo);Caetano Veloso;Caetano e Bethânia Ao Vivo
Sozinho  (Ao Vivo);Caetano Veloso;Caetano e Bethânia Ao Vivo
Lindeza;Caetano Veloso;Circulado
A Terceira Margem Do Rio;Caetano Veloso;Circulado
Circulado De Fulo;Caetano Veloso;Circulado
Neide Candolina;Caetano Veloso;Circulado
Baiao Da Penha;Caetano Veloso;Circulado
Itapua;Caetano Veloso;Circulado
Santa Clara Panroeira Da Televisao;Caetano Veloso;Circulado
Ela Ela;Caetano Veloso;Circulado
O Cu Do Mundo;Caetano Veloso;Circulado
Boas Vindas;Caetano Veloso;Circulado
Fora Da Ordem;Caetano Veloso;Circulado
Jasper (1989);Caetano Veloso;Estrangeiro
Outro Retrato (1989);Caetano Veloso;Estrangeiro
Branquinha (1989);Caetano Veloso;Estrangeiro
Rai Das Cores (1989);Caetano Veloso;Estrangeiro
Etc. (1989);Caetano Veloso;Estrangeiro
Meia Lua Inteira (1989);Caetano Veloso;Estrangeiro
Genipapo Absoluto (1989);Caetano Veloso;Estrangeiro
O Estrangeiro (1989);Caetano Veloso;Estrangeiro
Os Outros Romanticos (1989);Caetano Veloso;Estrangeiro
Este Amor (1989);Caetano Veloso;Estrangeiro
Oceano (Ao Vivo);Caetano Veloso;Circulado Vivo
Quando Eu Penso Na Bahia (Live 1992);Various Interprets;Circulado Vivo
Mano A Mano (Live 1992);Caetano Veloso;Circulado Vivo
Circulado De Fulo (Live 1992);Caetano Veloso;Circulado Vivo
Chega De Saudade (Live 1992);Caetano Veloso;Circulado Vivo
O Leaozinho (Live 1992);Caetano Veloso;Circulado Vivo
Queixa (Live In Brazil / 1992);Various Interprets;Circulado Vivo
Debaixo Dos Caracóis Dos Seus Cabelos (Ao Vivo);Caetano Veloso;Circulado Vivo
A Terceira Margem Do Rio (Live 1992);Caetano Veloso;Circulado Vivo
Black Or White / Americanos (Live 1992);Caetano Veloso;Circulado Vivo
Itapua (Live 1992);Caetano Veloso;Circulado Vivo
A Tua Presenca Morena (Live 1992);Caetano Veloso;Circulado Vivo
Sampa (Live In Brazil / 1992);Various Interprets;Circulado Vivo
A Filha Da Chiquita Bacana / Chuva, Suor E Cerveja (Live 1992);Caetano Veloso;Circulado Vivo
Disseram Que Eu Voltei Americanizada (Live 1992);Caetano Veloso;Circulado Vivo
Jokerman (Live 1992);Caetano Veloso;Circulado Vivo
Voce E Linda (Live In Brazil / 1992);Various Interprets;Circulado Vivo
Os Mais Doces Barbaros (Live 1992);Caetano Veloso;Circulado Vivo
Um Indio (Live In Brazil / 1992);Various Interprets;Circulado Vivo
O Ciúme (Original Mix);Caetano Veloso;Caetano
Valsa De Uma Cidade (Original Mix);Caetano Veloso;Caetano
Eu Sou Neguinha? (Original Album);Caetano Veloso;Caetano
Giulietta Masina (Original Album);Caetano Veloso;Caetano
"""Vamo"" Comer (Original Album)";Caetano Veloso;Caetano
Ia Omim Bum (Original Album);Caetano Veloso;Caetano
Fera Ferida (Original Album);Caetano Veloso;Caetano
Canto Do Bola De Neve (Original Album);Caetano Veloso;Caetano
José (Original Mix);Caetano Veloso;Caetano
Depois Que O Ilê Passar (Original Album);Caetano Veloso;Caetano
Noite De Hotel (Original Mix);Caetano Veloso;Caetano
Cobre;Caetano Veloso;Meu Coco
Anjos Tronchos;Caetano Veloso;Meu Coco
Noite de Cristal;Caetano Veloso;Meu Coco
Pardo;Caetano Veloso;Meu Coco
Ciclâmen do Líbano;Caetano Veloso;Meu Coco
Enzo Gabriel;Caetano Veloso;Meu Coco
Você-Você;Caetano Veloso;Meu Coco
GilGal;Caetano Veloso;Meu Coco
Autoacalanto;Caetano Veloso;Meu Coco
Sem Samba Não Dá;Caetano Veloso;Meu Coco
Meu Coco;Caetano Veloso;Meu Coco
Não Vou Deixar;Caetano Veloso;Meu Coco
Peace and Love (Album Version);Neil Young;Mirror Ball
Song X (Album Version);Neil Young;Mirror Ball
Scenery (Album Version);Neil Young;Mirror Ball
Fallen Angel (Album Version);Neil Young;Mirror Ball
What Happened Yesterday (Album Version);Neil Young;Mirror Ball
I'm the Ocean (Album Version);Neil Young;Mirror Ball
Truth Be Known (Album Version);Neil Young;Mirror Ball
Downtown (Album Version);Neil Young;Mirror Ball
Big Green Country (Album Version);Neil Young;Mirror Ball
Act of Love (Album Version);Neil Young;Mirror Ball
Throw Your Hatred Down (Album Version);Neil Young;Mirror Ball
I Feel the Earth Move;Carole King;Tapestry
Home Again;James Taylor;Tapestry
Will You Love Me Tomorrow?;Carole King;Tapestry
Way over Yonder;Carole King;Tapestry
So Far Away;Carole King;Tapestry
You've Got a Friend;Carole King;Tapestry
Where You Lead;Carole King;Tapestry
Beautiful;Carole King;Tapestry
(You Make Me Feel Like) A Natural Woman;Carole King;Tapestry
Tapestry;Carole King;Tapestry
Smackwater Jack;Carole King;Tapestry
It's Too Late;Carole King;Tapestry
Bosch;Andy Partridge;Through the Hill
Missing Pieces To The Game Of Salt And Onyx;Andy Partridge;Through the Hill
Bruegel;Andy Partridge;Through the Hill
Tenochtitlan's Numberless Bridges;Andy Partridge;Through the Hill
Bearded Aphrodite;Andy Partridge;Through the Hill
Hand 20;Andy Partridge;Through the Hill
Western Island Of Apples;Andy Partridge;Through the Hill
Ceramic Avenue;Andy Partridge;Through the Hill
The Place Of Odd Glances;Andy Partridge;Through the Hill
Great Valley Of Gongs;Andy Partridge;Through the Hill
Mantle Of Peacock Bones;Andy Partridge;Through the Hill
Bronze Coins Showing Genitals;Andy Partridge;Through the Hill
Hand 22;Andy Partridge;Through the Hill
Through The Hill;Andy Partridge;Through the Hill
Anima Mundi;Andy Partridge;Through the Hill
Well For The Sweat Of The Moon;Andy Partridge;Through the Hill
Hand 19;Andy Partridge;Through the Hill
Hand 21;Andy Partridge;Through the Hill
In My Bed;Amy Winehouse;Frank
Mr Magic (Through The Smoke);Amy Winehouse;Frank
Help Yourself;Amy Winehouse;Frank
October Song;Amy Winehouse;Frank
Intro / Stronger Than Me;Amy Winehouse;Frank
Outro;Amy Winehouse;Frank
You Sent Me Flying / Cherry;Amy Winehouse;Frank
Know You Now;Amy Winehouse;Frank
Amy Amy Amy;Amy Winehouse;Frank
Moody's Mood For Love / Teo Licks;Amy Winehouse;Frank
What Is It About Men;Amy Winehouse;Frank
(There Is) No Greater Love;Amy Winehouse;Frank
Brother;Amy Winehouse;Frank
Fuck Me Pumps;Amy Winehouse;Frank
Take The Box;Amy Winehouse;Frank
I Heard Love Is Blind;Amy Winehouse;Frank
Back To Black;Amy Winehouse;Back To Black
He Can Only Hold Her;Amy Winehouse;Back To Black
Love Is A Losing Game;Amy Winehouse;Back To Black
Rehab;Amy Winehouse;Back To Black
Addicted;Amy Winehouse;Back To Black
Just Friends;Amy Winehouse;Back To Black
Some Unholy War;Amy Winehouse;Back To Black
Tears Dry On Their Own;Amy Winehouse;Back To Black
Me & Mr Jones;Amy Winehouse;Back To Black
Wake Up Alone;Amy Winehouse;Back To Black
You Know I'm No Good;Amy Winehouse;Back To Black
Family Tree;Gerry Rafferty;Night Owl
Why Won't You Talk to Me;Gerry Rafferty;Night Owl
The Way That You Do It;Gerry Rafferty;Night Owl
Get It Right Next Time;Gerry Rafferty;Night Owl
Days Gone Down (Still Got the Light in Your Eyes);Gerry Rafferty;Night Owl
Night Owl;Gerry Rafferty;Night Owl
It's Gonna Be a Long Night;Gerry Rafferty;Night Owl
Take the Money and Run;Gerry Rafferty;Night Owl
Already Gone;Gerry Rafferty;Night Owl
The Tourist;Gerry Rafferty;Night Owl
Precious Memories;Gerry Rafferty;Rest In Blue
It’s Just the Motion;Gerry Rafferty;Rest In Blue
I Still Love You;Gerry Rafferty;Rest In Blue
Stuck in the Middle with You;Gerry Rafferty;Rest In Blue
Look at Me Now;Gerry Rafferty;Rest In Blue
Wild Mountain Thyme;Gerry Rafferty;Rest In Blue
Slow Down;Gerry Rafferty;Rest In Blue
Still in Denial;Gerry Rafferty;Rest In Blue
You Are All I Want;Gerry Rafferty;Rest In Blue
Lost Highway;Gerry Rafferty;Rest In Blue
Dirty Old Town;Gerry Rafferty;Rest In Blue
Sign of the Times;Gerry Rafferty;Rest In Blue
Keeper of My Soul;Gerry Rafferty;Rest In Blue
Full Moon;Gerry Rafferty;Rest In Blue
Face To The Sky;John Cale;Shifty Adventures In Nookie Wood
I Wanna Talk 2 U;John Cale;Shifty Adventures In Nookie Wood
Mothra;John Cale;Shifty Adventures In Nookie Wood
Living With You;John Cale;Shifty Adventures In Nookie Wood
Sandman (Flying Dutchman);John Cale;Shifty Adventures In Nookie Wood
Nookie Wood;John Cale;Shifty Adventures In Nookie Wood
Mary;John Cale;Shifty Adventures In Nookie Wood
Midnight Feast;John Cale;Shifty Adventures In Nookie Wood
Hemingway;John Cale;Shifty Adventures In Nookie Wood
Vampire Cafe;John Cale;Shifty Adventures In Nookie Wood
Scotland Yard;John Cale;Shifty Adventures In Nookie Wood
December Rains;John Cale;Shifty Adventures In Nookie Wood
Look Horizon;John Cale;Hobosapiens
Over Her Head;John Cale;Hobosapiens
Letter From Abroad;John Cale;Hobosapiens
Zen;John Cale;Hobosapiens
Archimedes;John Cale;Hobosapiens
Things X;John Cale;Hobosapiens
Reading My Mind;John Cale;Hobosapiens
Bicycle;John Cale;Hobosapiens
Things;John Cale;Hobosapiens
Caravan;John Cale;Hobosapiens
Magritte;John Cale;Hobosapiens
Twilight Zone;John Cale;Hobosapiens
Songs Without Words II;John Cale;Words For The Dying
Introduction;John Cale;Words For The Dying
There Was A Saviour Interlude I;John Cale;Words For The Dying
Interlude II;John Cale;Words For The Dying
Songs Without Words I;John Cale;Words For The Dying
The Soul Of Carmen Miranda;John Cale;Words For The Dying
Lie Still, Sleep Becalmed;John Cale;Words For The Dying
Do Not Go Gentle Into That Good Night;John Cale;Words For The Dying
On A Wedding Anniversary;John Cale;Words For The Dying
Satisfied;John Cale;Black Acetate
Sold Motel;John Cale;Black Acetate
Turn The Lights On;John Cale;Black Acetate
Hush;John Cale;Black Acetate
Woman;John Cale;Black Acetate
Wasteland;John Cale;Black Acetate
Brotherman;John Cale;Black Acetate
Mailman;John Cale;Black Acetate
Outta The Bag;John Cale;Black Acetate
For A Ride;John Cale;Black Acetate
Perfect;John Cale;Black Acetate
Gravel Drive;John Cale;Black Acetate
In A Flood;John Cale;Black Acetate
Everlasting days;John cale;Mercy
Marilyn Monroe's legs;John cale;Mercy
Story of blood;John cale;Mercy
I know you are happy;John cale;Mercy
Mercy;John cale;Mercy
Not the end of the world;John cale;Mercy
Time stands still;John cale;Mercy
Noise of you;John cale;Mercy
Out your window;John cale;Mercy
The legal status of ice;John cale;Mercy
Night crawling;John cale;Mercy
Moonstruck;John cale;Mercy
Laughing in My Sleep;John Cale;POPtical Illusion
Calling You Out;John Cale;POPtical Illusion
I'm Angry;John Cale;POPtical Illusion
Shark-Shark;John Cale;POPtical Illusion
Setting Fires;John Cale;POPtical Illusion
How We See the Light;John Cale;POPtical Illusion
Funkball the Brewster;John Cale;POPtical Illusion
Davies and Wales;John Cale;POPtical Illusion
Company Commander;John Cale;POPtical Illusion
Edge of Reason;John Cale;POPtical Illusion
God Made Me Do It (don't ask me again);John Cale;POPtical Illusion
There Will Be No River;John Cale;POPtical Illusion
All to the Good;John Cale;POPtical Illusion
The Paris Match (Early Version);The Style Council;Café Bleu
My Ever Changing Moods (Long Version);The Style Council;Café Bleu
Money-Go-Round (Pts. 1 & 2) (Bert Bevans Remix/ Club Mix);The Style Council;Café Bleu
It Just Came To Pieces In My Hands;The Style Council;Café Bleu
Spring, Summer, Autumn;The Style Council;Café Bleu
Party Chambers (Instrumental Version);The Style Council;Café Bleu
Mick's Company;The Style Council;Café Bleu
Mick's Up;The Style Council;Café Bleu
Money-Go-Round (Pts. 1 & 2) (Original Full 12 Inch Version);The Style Council;Café Bleu
Speak Like A Child;The Style Council;Café Bleu
Le Depart;The Style Council;Café Bleu
A Solid Bond In Your Heart;The Style Council;Café Bleu
Headstart For Happiness (Early Version);The Style Council;Café Bleu
Long Hot Summer (Extended Mix);The Style Council;Café Bleu
Long Hot Summer (Club Mix);The Style Council;Café Bleu
Party Chambers (First Version);The Style Council;Café Bleu
Money-Go-Round (Pts. 1 & 2) (Dance Mix);The Style Council;Café Bleu
"The Big Boss Groove (12"" Version)";The Style Council;Café Bleu
My Ever Changing Moods (Single Version);The Style Council;Café Bleu
"Long Hot Summer (7"" Single)";The Style Council;Café Bleu
You're The Dub Thing;The Style Council;Café Bleu
"You're The Best Thing (7"" Version)";The Style Council;Café Bleu
A Solid Bond In Your Heart (Instrumental Version);The Style Council;Café Bleu
You're The Best Thing;The Style Council;Café Bleu
Here's One That Got Away;The Style Council;Café Bleu
The Paris Match;The Style Council;Café Bleu
Mick's Blessings;The Style Council;Café Bleu
Blue Cafe;The Style Council;Café Bleu
Me Ship Came In!;The Style Council;Café Bleu
Strength Of Your Nature;The Style Council;Café Bleu
The Whole Point Of No Return;The Style Council;Café Bleu
A Gospel;The Style Council;Café Bleu
Headstart For Happiness;The Style Council;Café Bleu
Council Meetin';The Style Council;Café Bleu
My Ever Changing Moods;The Style Council;Café Bleu
Dropping Bombs On The Whitehouse;The Style Council;Café Bleu
Mick's Company (Alternate Version);The Style Council;Café Bleu
Come Away With Me (Demo);The Style Council;Café Bleu
Dropping Bombs On The Whitehouse (Alternate Version);The Style Council;Café Bleu
I'm In The Mood For Gazza;The Style Council;Café Bleu
Up For Grabs (Demo);The Style Council;Café Bleu
The Big Boss Groove (Alternate Version);The Style Council;Café Bleu
Summertime Song;The Style Council;Café Bleu
Funk Interlude;The Style Council;Café Bleu
Party Chambers (Alternate Version);The Style Council;Café Bleu
Long Hot Summer (Pre TSC Demo);The Style Council;Café Bleu
A Gospel (Outtake);The Style Council;Café Bleu
That One In D' Minor (Demo);The Style Council;Café Bleu
A Gospel (Alternate Instrumental Version);The Style Council;Café Bleu
Take It To The Top (Demo);The Style Council;Café Bleu
Mick's Demo;The Style Council;Café Bleu
The Paris Match (Long Version);The Style Council;Café Bleu
Boy Hairdresser;The Style Council;Café Bleu
Me Ship Came In (Alternate Version);The Style Council;Café Bleu
You're The Best Thing (Album Version);The Style Council;Cafe Bleu
Here's One That Got Away;The Style Council;Cafe Bleu
The Paris Match (Album Version);The Style Council;Cafe Bleu
Mick's Blessings;The Style Council;Cafe Bleu
Blue Cafe;The Style Council;Cafe Bleu
Me Ship Came In!;The Style Council;Cafe Bleu
Strength Of Your Nature;The Style Council;Cafe Bleu
The Whole Point Of No Return;The Style Council;Cafe Bleu
A Gospel;The Style Council;Cafe Bleu
Headstart For Happiness (Album Version);The Style Council;Cafe Bleu
Council Meetin';The Style Council;Cafe Bleu
My Ever Changing Moods (Album Version);The Style Council;Cafe Bleu
Dropping Bombs On The Whitehouse;The Style Council;Cafe Bleu
(When You) Call Me (Home & Abroad Live Version);The Style Council;Home & Abroad
Shout To The Top (Home & Abroad Live Version);The Style Council;Home & Abroad
Walls Come Tumbling Down (Home & Abroad Live Version);The Style Council;Home & Abroad
With Everything To Lose (Home & Abroad Live Version);The Style Council;Home & Abroad
My Ever Changing Moods (Home & Abroad Live Version);The Style Council;Home & Abroad
Homebreakers (Home & Abroad Live Version);The Style Council;Home & Abroad
The Whole Point Of No Return (Home & Abroad Live Version);The Style Council;Home & Abroad
Our Favourite Shop (Home & Abroad Live Version);The Style Council;Home & Abroad
The Lodgers (Or She Was Only A Shopkeeper's Daughter) (Home & Abroad Live Version);The Style Council;Home & Abroad
Headstart For Happiness (Home & Abroad Live Version);The Style Council;Home & Abroad
Internationalists (Home & Abroad Full Live Version);The Style Council;Home & Abroad
The Big Boss Groove (Home & Abroad Live Version);The Style Council;Home & Abroad
Walking The Night;The Style Council;The Cost Of Loving
It Didn't Matter (Album Version);The Style Council;The Cost Of Loving
Heavens Above;The Style Council;The Cost Of Loving
The Cost Of Loving (Album Version);The Style Council;The Cost Of Loving
Fairy Tales;The Style Council;The Cost Of Loving
Angel;The Style Council;The Cost Of Loving
Waiting;The Style Council;The Cost Of Loving
Right To Go;The Style Council;The Cost Of Loving
A Woman's Song;The Style Council;The Cost Of Loving
Long Hot Summer (Club Mix);The Style Council;Introducing The Style Council
The Paris Match (Early Version);The Style Council;Introducing The Style Council
Money-Go-Round (Parts 1 & 2) (Bert Bevans Remix/ Club Mix);The Style Council;Introducing The Style Council
Mick's Up;The Style Council;Introducing The Style Council
Speak Like A Child;The Style Council;Introducing The Style Council
Headstart For Happiness (First/ Early Version);The Style Council;Introducing The Style Council
Long Hot Summer (Extended/ Full/ 12 Inch Version);The Style Council;Introducing The Style Council
The Little Boy In A Castle / A Dove Flew Down From The Elephant;The Style Council;Confessions Of A Pop Group
The Story Of Someone's Shoe;The Style Council;Confessions Of A Pop Group
Changing Of The Guard;The Style Council;Confessions Of A Pop Group
Confessions Of A Pop-Group;The Style Council;Confessions Of A Pop Group
How She Threw It All Away;The Style Council;Confessions Of A Pop Group
It's A Very Deep Sea;The Style Council;Confessions Of A Pop Group
The Gardener Of Eden (A Three Piece Suite);The Style Council;Confessions Of A Pop Group
Iwasadoledadstoyboy;The Style Council;Confessions Of A Pop Group
Why I Went Missing;The Style Council;Confessions Of A Pop Group
Life At A Top People's Health Farm;The Style Council;Confessions Of A Pop Group
Confessions 1, 2 & 3;The Style Council;Confessions Of A Pop Group
(When You) Call Me (Demo Version);The Style Council;Our Favourite Shop
Blood Sports;The Style Council;Our Favourite Shop
The Piccadilly Trail;The Style Council;Our Favourite Shop
The Whole Point Of No Return;The Style Council;Our Favourite Shop
The Big Boss Groove (The Lodgers Live Version);The Style Council;Our Favourite Shop
(When You) Call Me;The Style Council;Our Favourite Shop
Move On Up (The Lodgers Live Version);The Style Council;Our Favourite Shop
A Casual Affair;The Style Council;Our Favourite Shop
"Soul Deep (council collective single 12"")";The Style Council;Our Favourite Shop
Shout To The Top (Full Version);The Style Council;Our Favourite Shop
Everything To Lose (Blue Remix);The Style Council;Our Favourite Shop
Medley: Money-Go-Round (The Lodgers Live Version);The Style Council;Our Favourite Shop
The Lodgers;The Style Council;Our Favourite Shop
"Ghosts Of Dachau (""Dachau Was A Nazi Concentration Camp, The Scene Of Mass Murders"")";The Style Council;Our Favourite Shop
The Lodgers (Or She Was Only A Shopkeeper's Daughther) (Club /Dance Mix);The Style Council;Our Favourite Shop
Our Favorite Shop (Club Mix);The Style Council;Our Favourite Shop
A Stones Throw Away (Demo Version);The Style Council;Our Favourite Shop
Our Favourite Shop (Alternative);The Style Council;Our Favourite Shop
Shout To The Top (USA Remix);The Style Council;Our Favourite Shop
Spin' Drifting;The Style Council;Our Favourite Shop
The Lodgers (Or She Was Only A Shopkeeper's Daughter) (Extended Single Version);The Style Council;Our Favourite Shop
Internationalists;The Style Council;Our Favourite Shop
You're The Best Thing (Live);The Style Council;Our Favourite Shop
Internationalists;The Style Council;Our Favourite Shop
Boy Who Cried Wolf (Album Version);The Style Council;Our Favourite Shop
Luck;The Style Council;Our Favourite Shop
With Everything To Lose;The Style Council;Our Favourite Shop
The Stand Up Comic's Instructions;The Style Council;Our Favourite Shop
All Gone Away;The Style Council;Our Favourite Shop
Down In The Seine;The Style Council;Our Favourite Shop
Homebreakers;The Style Council;Our Favourite Shop
Come To Milton Keynes;The Style Council;Our Favourite Shop
Our Favourite Shop;The Style Council;Our Favourite Shop
A Stones Throw Away;The Style Council;Our Favourite Shop
Shout To The Top (USA Remix);The Style Council;Our Favourite Shop
The Lodgers (Or She Was Only A Shopkeeper's Daughter) (Album Version);The Style Council;Our Favourite Shop
A Man Of Great Promise;The Style Council;Our Favourite Shop
Walls Come Tumbling Down;The Style Council;Our Favourite Shop
Money's Too Tight (To Mention)  (The Cutback Mix);Simply Red;Picture Book 
Holding Back the Years  (2008 Remaster);Simply Red;Picture Book 
"Open up the Red Box   (Extended Single Mix; 2008 Remaster)";Simply Red;Picture Book 
Money's Too Tight (To Mention)  (2008 Remaster);Simply Red;Picture Book 
"Holding Back the Years   (Extended Single Mix; 2008 Remaster)";Simply Red;Picture Book 
No Direction  (2008 Remaster);Simply Red;Picture Book 
Look at You Now  (2008 Remaster);Simply Red;Picture Book 
Picture Book  (2008 Remaster);Simply Red;Picture Book 
Jericho  (2008 Remaster);Simply Red;Picture Book 
Heaven  (2008 Remaster);Simply Red;Picture Book 
Sad Old Red  (2008 Remaster);Simply Red;Picture Book 
Come to My Aid  (2008 Remaster);Simply Red;Picture Book 
"Come to My Aid   (Survival Mix; 2008 Remaster)";Simply Red;Picture Book 
Open up the Red Box  (2008 Remaster);Simply Red;Picture Book 
"Jericho   (Extended Single Mix; 2008 Remaster)";Simply Red;Picture Book 
Let Me Have It All;Simply Red;Men and Women 
Lady Godiva's Room;Simply Red;Men and Women 
I Won't Feel Bad;Simply Red;Men and Women 
The Right Thing  (Extended Single);Simply Red;Men and Women 
The Right Thing;Simply Red;Men and Women 
Maybe Someday;Simply Red;Men and Women 
Shine;Simply Red;Men and Women 
Love Fire  (Massive Red Mix);Simply Red;Men and Women 
Suffer;Simply Red;Men and Women 
Love Fire;Simply Red;Men and Women 
Ev'ry Time We Say Goodbye  (Live);Simply Red;Men and Women 
Move on Out;Simply Red;Men and Women 
Broken Man;Simply Red;Men and Women 
Infidelity  (Stretch Mix);Simply Red;Men and Women 
Ev'ry Time We Say Goodbye;Simply Red;Men and Women 
Infidelity;Simply Red;Men and Women 
Something's Burning  (2020 Remaster);Simply Red;Picture Book B-Sides & Rarities - E.P.
Granma's Hands  (2020 Remaster);Simply Red;Picture Book B-Sides & Rarities - E.P.
Every Bit of Me  (2020 Remaster);Simply Red;Picture Book B-Sides & Rarities - E.P.
Valentine  (2020 Remaster);Simply Red;Picture Book B-Sides & Rarities - E.P.
Drowning In My Own Tears  (2020 Remaster);Simply Red;Picture Book B-Sides & Rarities - E.P.
Johnny's Not Here;Love & Money;Dogs In The Traffic
My Love Lives In A Dead House;Love & Money;Dogs In The Traffic
Sometimes I Want To Give Up;Love & Money;Dogs In The Traffic
Cheap Pearls;Love & Money;Dogs In The Traffic
Lips Like Ether;Love & Money;Dogs In The Traffic
You Are Not The Only One;Love & Money;Dogs In The Traffic
Whisky Dream;Love & Money;Dogs In The Traffic
Looking For Angeline;Love & Money;Dogs In The Traffic
Pappa Death;Love & Money;Dogs In The Traffic
Winter;Love & Money;Dogs In The Traffic
Up Escalator;Love and Money;Strange Kind of Love
Walk the Last Mile;Love and Money;Strange Kind of Love
Avalanche;Love and Money;Strange Kind of Love
Shape of Things to Come;Love and Money;Strange Kind of Love
Razorsedge;Love and Money;Strange Kind of Love
Scapegoat;Love and Money;Strange Kind of Love
Inflammable;Love and Money;Strange Kind of Love
Strange Kind of Love;Love and Money;Strange Kind of Love
Jocelyn Square;Love and Money;Strange Kind of Love
Axis of Love;Love and Money;Strange Kind of Love
Halleluiah Man;Love and Money;Strange Kind of Love
Our Turn Will Come;Eg ;Adventure Man
'Til The End;Eg ;Adventure Man
My People;Eg ;Adventure Man
Pull Me Through;Eg ;Adventure Man
Pay Later;Eg ;Adventure Man
Time To Fall;Eg ;Adventure Man
But California;Eg ;Adventure Man
Still Young Enough;Eg ;Adventure Man
Whatever Makes You Sick;Eg ;Adventure Man
Weird Friendless Kid;Eg ;Adventure Man
There's Going To Be Someone;Eg ;Adventure Man
If You Run;Eg ;Adventure Man
Broken;Eg ;Adventure Man
Made My Baby Cry;Eg;Turn Me On I'm A Rocket Man
What Can I Do;Eg;Turn Me On I'm A Rocket Man
Angel;Eg;Turn Me On I'm A Rocket Man
Do It For Myself;Eg;Turn Me On I'm A Rocket Man
Nothing Comes Easy;Eg;Turn Me On I'm A Rocket Man
Sister Blue;Eg;Turn Me On I'm A Rocket Man
Stay Home;Eg;Turn Me On I'm A Rocket Man
I Wish You Could Be Happy Too;Eg;Turn Me On I'm A Rocket Man
My Lovely Valentine;Eg;Turn Me On I'm A Rocket Man
Mr Cool;Eg;Turn Me On I'm A Rocket Man
Holding It In;Eg;Turn Me On I'm A Rocket Man
Flux (A Big, Bright, Colourful World);David Sylvian & Holger Czukay;Plight & Premonition Flux & Mutability
Plight (The Spiralling Of Winter Ghosts);David Sylvian & Holger Czukay;Plight & Premonition Flux & Mutability
Mutability (A New Beginning Is In The Offing);David Sylvian & Holger Czukay;Plight & Premonition Flux & Mutability
Premonition (Giant Empty Iron Vessel);David Sylvian & Holger Czukay;Plight & Premonition Flux & Mutability
Beyond The Sun;Beth Gibbons;Lives Outgrown
Lost Changes;Beth Gibbons;Lives Outgrown
Burden Of Life;Beth Gibbons;Lives Outgrown
Rewind;Beth Gibbons;Lives Outgrown
For Sale;Beth Gibbons;Lives Outgrown
Oceans;Beth Gibbons;Lives Outgrown
Tell Me Who You Are Today;Beth Gibbons;Lives Outgrown
Floating On A Moment;Beth Gibbons;Lives Outgrown
Reaching Out;Beth Gibbons;Lives Outgrown
Whispering Love;Beth Gibbons;Lives Outgrown
Disperato erotico stomp;Lucio Dalla;Come E' Profondo Il Mare
Corso Buenos Aires;Lucio Dalla;Come E' Profondo Il Mare
E non andar più via;Lucio Dalla;Come E' Profondo Il Mare
Quale allegria;Lucio Dalla;Come E' Profondo Il Mare
Come è profondo il mare;Lucio Dalla;Come E' Profondo Il Mare
Barcarola;Lucio Dalla;Come E' Profondo Il Mare
Il cucciolo Alfredo;Lucio Dalla;Come E' Profondo Il Mare
Treno a vela;Lucio Dalla;Come E' Profondo Il Mare
Anna e Marco;Lucio Dalla;Lucio Dalla 
Cosa sarà;Lucio Dalla;Lucio Dalla 
Ma come fanno i marinai  (Studio Version);Lucio Dalla;Lucio Dalla 
Stella di mare;Lucio Dalla;Lucio Dalla 
Milano;Lucio Dalla;Lucio Dalla 
L'ultima luna;Lucio Dalla;Lucio Dalla 
Notte;Lucio Dalla;Lucio Dalla 
L'anno che verrà;Lucio Dalla;Lucio Dalla 
Stella di mare  (Demo English Version);Lucio Dalla;Lucio Dalla 
La Signora;Lucio Dalla;Lucio Dalla 
Tango;Lucio Dalla;Lucio Dalla 
Angeli  (Studio Version);Lucio Dalla;Lucio Dalla 
Madonna Disperazione;Lucio Dalla;Lucio Dalla
Ciao A Te;Lucio Dalla;Lucio Dalla
You've Got A Friend;Lucio Dalla;Lucio Dalla
Telefonami tra vent'anni;Lucio Dalla;Lucio Dalla
E l'amore;Lucio Dalla;Cambio
2009 (Le Cicale E Le Stelle);Lucio Dalla;Cambio
Le rondini;Lucio Dalla;Cambio
Bella;Lucio Dalla;Cambio
Denis;Lucio Dalla;Cambio
Comunista;Lucio Dalla;Cambio
Apriti cuore;Lucio Dalla;Cambio
Attenti al lupo;Lucio Dalla;Cambio
Tempo;Lucio Dalla;Cambio
Cara  (Remastered 2020 in 192 KHz);Lucio Dalla;Dalla 
Balla balla ballerino  (Remastered 2020 in 192 KHz);Lucio Dalla;Dalla 
Meri Luis  (Remastered 2020 in 192 KHz);Lucio Dalla;Dalla 
Siamo Dei  (Remastered 2020 in 192 KHz);Lucio Dalla;Dalla 
La sera dei miracoli  (Remastered 2020 in 192 KHz);Lucio Dalla;Dalla 
Futura  (Remastered 2020 in 192 KHz);Lucio Dalla;Dalla 
Mambo  (Remastered 2020 in 192 KHz);Lucio Dalla;Dalla 
Il parco della luna  (Remastered 2020 in 192 KHz);Lucio Dalla;Dalla 
Aquila;Lucio Dalla;Viaggi Organizzati
Viaggi organizzati;Lucio Dalla;Viaggi Organizzati
60.000.000 Di Anni Fa;Lucio Dalla;Viaggi Organizzati
Tutta la vita;Lucio Dalla;Viaggi Organizzati
Tu come eri;Lucio Dalla;Viaggi Organizzati
Washington;Lucio Dalla;Viaggi Organizzati
Stornello;Lucio Dalla;Viaggi Organizzati
Toro;Lucio Dalla;Viaggi Organizzati
You Just Can't Smile It Away (Album Version);Bill Withers;Watching You Watching Me
Heart In Your Life (Album Version);Bill Withers;Watching You Watching Me
Steppin' Right Along (Album Version);Bill Withers;Watching You Watching Me
Watching You Watching Me (Album Version);Bill Withers;Watching You Watching Me
You Try To Find A Love (Album Version);Bill Withers;Watching You Watching Me
Whatever Happens (Album Version);Bill Withers;Watching You Watching Me
Something That Turns You On (Album Version);Bill Withers;Watching You Watching Me
Don't Make Me Wait (Album Version);Bill Withers;Watching You Watching Me
We Could Be Sweet Lovers (Album Version);Bill Withers;Watching You Watching Me
Oh Yeah! (Album Version);Bill Withers;Watching You Watching Me
Take It All In and Check It All Out;Bill Withers;Still Bill
Kissing My Love;Bill Withers;Still Bill
Lean on Me;Bill Withers;Still Bill
I Don't Want You on My Mind;Bill Withers;Still Bill
Let Me in Your Life;Bill Withers;Still Bill
I Don't Know;Bill Withers;Still Bill
Another Day to Run;Bill Withers;Still Bill
Who Is He (And What Is He to You)?;Bill Withers;Still Bill
Lonely Town, Lonely Street;Bill Withers;Still Bill
Use Me;Bill Withers;Still Bill
Where Are You?;Bill Withers;Naked & Warm
Dreams;Bill Withers;Naked & Warm
My Imagination (Album Version);Bill Withers;Naked & Warm
I'll Be with You (Album Version);Bill Withers;Naked & Warm
Naked & Warm;Bill Withers;Naked & Warm
If I Didn't Mean You Well;Bill Withers;Naked & Warm
City of the Angels (Album Version);Bill Withers;Naked & Warm
Close to Me;Bill Withers;Naked & Warm
Love Is;Bill Withers;'Bout Love
All Because of You (Album Version);Bill Withers;'Bout Love
Don't It Make It Better (Album Version);Bill Withers;'Bout Love
Look to Each Other for Love;Bill Withers;'Bout Love
You Got the Stuff;Bill Withers;'Bout Love
Love (Album Version);Bill Withers;'Bout Love
Dedicated to You My Love;Bill Withers;'Bout Love
Memories Are That Way (Album Version);Bill Withers;'Bout Love
Ruby Lee (Album Version);Bill Withers;'Justments
Stories;Bill Withers;'Justments
The Same Love That Made Me Laugh (Album Version);Bill Withers;'Justments
Liza;Bill Withers;'Justments
You;Bill Withers;'Justments
Green Grass (Album Version);Bill Withers;'Justments
Railroad Man;Bill Withers;'Justments
Can We Pretend;Bill Withers;'Justments
Make a Smile for Me;Bill Withers;'Justments
Heartbreak Road;Bill Withers;'Justments
Better off Dead (Album Version);Bill Withers;Just As I Am
Hope She'll Be Happier (Album Version);Bill Withers;Just As I Am
Ain't No Sunshine (Album Version);Bill Withers;Just As I Am
Harlem (Album Version);Bill Withers;Just As I Am
Moanin' and Groanin' (Album Version);Bill Withers;Just As I Am
Let It Be (Album Version);Bill Withers;Just As I Am
Sweet Wanomi (Album Version);Bill Withers;Just As I Am
Everybody's Talkin' (Album Version);Bill Withers;Just As I Am
In My Heart (Album Version);Bill Withers;Just As I Am
Do It Good (Album Version);Bill Withers;Just As I Am
Grandma's Hands (Album Version);Bill Withers;Just As I Am
I'm Her Daddy (Album Version);Bill Withers;Just As I Am
Don't You Want to Stay?;Bill Withers;Making Music
She's Lonely;Bill Withers;Making Music
I Wish You Well (Album Version);Bill Withers;Making Music
Hello Like Before (Album Version);Bill Withers;Making Music
Paint Your Little Picture;Bill Withers;Making Music
Sometimes A Song;Bill Withers;Making Music
I love You Dawn;Bill Withers;Making Music
Family Table;Bill Withers;Making Music
Make Love to Your Mind (Album Version);Bill Withers;Making Music
The Best You Can (Album Version);Bill Withers;Making Music
Let Me Be the One You Need;Bill Withers;Menagerie
I Want to Spend the Night;Bill Withers;Menagerie
She Wants To (Get on Down);Ralph MacDonald;Menagerie
Tender Things;Bill Withers;Menagerie
It Ain't Because of Me Baby;Bill Withers;Menagerie
Lovely Night for Dancing;Bill Withers;Menagerie
Then You Smile at Me;Bill Withers;Menagerie
Lovely Day;Bill Withers;Menagerie
Wintertime;Bill Withers;Menagerie
Ah Been 'Buked (Part 1);Sounds of Blackness;Africa To America: The Journey Of The Drum
Everything Is Gonna Be Alright (Album Version);Sounds of Blackness;Africa To America: The Journey Of The Drum
The Lord Will Make A Way (Album Version);Sounds of Blackness;Africa To America: The Journey Of The Drum
I'm Going All The Way;Sounds of Blackness;Africa To America: The Journey Of The Drum
I Believe (Album Version);Sounds of Blackness;Africa To America: The Journey Of The Drum
A Very Special Love;Sounds of Blackness;Africa To America: The Journey Of The Drum
Ah' Been Buked (Part 2);Sounds of Blackness;Africa To America: The Journey Of The Drum
Livin' The  Blues;Sounds of Blackness;Africa To America: The Journey Of The Drum
A Place In My Heart (Album Version);Sounds of Blackness;Africa To America: The Journey Of The Drum
The Harder They Are The Bigger They Fall (Album Version);Sounds of Blackness;Africa To America: The Journey Of The Drum
He Took Away All My Pain;Sounds of Blackness;Africa To America: The Journey Of The Drum
Sun Up To Sundown;Sounds of Blackness;Africa To America: The Journey Of The Drum
Hold On (Part 2);Sounds of Blackness;Africa To America: The Journey Of The Drum
"I'm Going All The Way (The Brixton Flavour 12"")";Sounds of Blackness;Africa To America: The Journey Of The Drum
You've Taken My Blues & Gone;Sounds of Blackness;Africa To America: The Journey Of The Drum
Hold On (Part 1);Sounds of Blackness;Africa To America: The Journey Of The Drum
Black Butterfly (Album Version);Sounds of Blackness;Africa To America: The Journey Of The Drum
African Medley;Sounds of Blackness;Africa To America: The Journey Of The Drum
The Drum (Africa To America);Sounds of Blackness;Africa To America: The Journey Of The Drum
Strange Fruit;Sounds of Blackness;Africa To America: The Journey Of The Drum
Hallelujah Lord !;Sounds of Blackness;The Evolution of Gospel
What Shall I Call Him ?;Sounds of Blackness;The Evolution of Gospel
Please Take My Hand;Sounds of Blackness;The Evolution of Gospel
The Pressure Part.1;Sounds of Blackness;The Evolution of Gospel
Harambee;Sounds of Blackness;The Evolution of Gospel
Optimistic;Sounds of Blackness;The Evolution of Gospel
Ah Been Workin';Sounds of Blackness;The Evolution of Gospel
The Pressure Part.2;Sounds of Blackness;The Evolution of Gospel
Chains;Sounds of Blackness;The Evolution of Gospel
Better Watch Your Behavior;Sounds of Blackness;The Evolution of Gospel
I'll Fly Away;Sounds of Blackness;The Evolution of Gospel
We Give You Thanks;Sounds of Blackness;The Evolution of Gospel
Testify;Sounds of Blackness;The Evolution of Gospel
Stand;Sounds of Blackness;The Evolution of Gospel
He Holds The Future;Sounds of Blackness;The Evolution of Gospel
Your Wish Is My Command;Sounds of Blackness;The Evolution of Gospel
Gonna Be Free One Day;Sounds of Blackness;The Evolution of Gospel
There Comes a Time;Gil Evans Orchestra;Gil Evans Orchestra (Live at Umbria Jazz), Vol. II
Eleven;Gil Evans Orchestra;Gil Evans Orchestra (Live at Umbria Jazz), Vol. II
Wake up;Gil Evans Orchestra;Gil Evans Orchestra (Live at Umbria Jazz), Vol. II
Stone Free;Gil Evans Orchestra;Gil Evans Orchestra (Live at Umbria Jazz), Vol. II
Subway;Gil Evans Orchestra;Gil Evans Orchestra (Live at Umbria Jazz), Vol. I
Bud and Bird;Gil Evans Orchestra;Gil Evans Orchestra (Live at Umbria Jazz), Vol. I
Up from the Skies;Gil Evans Orchestra;Gil Evans Orchestra (Live at Umbria Jazz), Vol. I
Sometimes;Gil Evans Orchestra;Gil Evans Orchestra (Live at Umbria Jazz), Vol. I
Orange was the Colour of Her Dress Then Blue Silk;Gil Evans Orchestra;Gil Evans Orchestra (Live at Umbria Jazz), Vol. I
Organe;Gil Evans Orchestra;Gil Evans Orchestra (Live at Umbria Jazz), Vol. I
Meat Is Murder;The Smiths;Meat Is Murder
Barbarism Begins at Home;The Smiths;Meat Is Murder
That Joke Isn't Funny Anymore;The Smiths;Meat Is Murder
The Headmaster Ritual;The Smiths;Meat Is Murder
I Want the One I Can't Have;The Smiths;Meat Is Murder
What She Said;The Smiths;Meat Is Murder
Nowhere Fast;The Smiths;Meat Is Murder
Rusholme Ruffians;The Smiths;Meat Is Murder
Well I Wonder;The Smiths;Meat Is Murder
The Boy with the Thorn in His Side;The Smiths;The Queen Is Dead
Frankly, Mr. Shankly;The Smiths;The Queen Is Dead
There Is a Light That Never Goes Out;The Smiths;The Queen Is Dead
I Know It's Over;The Smiths;The Queen Is Dead
Never Had No One Ever;The Smiths;The Queen Is Dead
Bigmouth Strikes Again;The Smiths;The Queen Is Dead
Vicar in a Tutu;The Smiths;The Queen Is Dead
Some Girls Are Bigger Than Others;The Smiths;The Queen Is Dead
The Queen Is Dead;The Smiths;The Queen Is Dead
Cemetry Gates;The Smiths;The Queen Is Dead
Suffer Little Children  (2011 Remaster);The Smiths;The Smiths
The Hand That Rocks the Cradle  (2011 Remaster);The Smiths;The Smiths
I Don't Owe You Anything  (2011 Remaster);The Smiths;The Smiths
You've Got Everything Now  (2011 Remaster);The Smiths;The Smiths
Pretty Girls Make Graves  (2011 Remaster);The Smiths;The Smiths
Miserable Lie  (2011 Remaster);The Smiths;The Smiths
Reel Around the Fountain  (2011 Remaster);The Smiths;The Smiths
What Difference Does It Make?  (2011 Remaster);The Smiths;The Smiths
Hand in Glove  (2011 Remaster);The Smiths;The Smiths
Still Ill  (2011 Remaster);The Smiths;The Smiths
This Charming Man  (2011 Remaster);The Smiths;The Smiths
Death of a Disco Dancer  (2011 Remaster);The Smiths;Strangeways Here We Come (Édition Studio Masters)
Girlfriend in a Coma  (2011 Remaster);The Smiths;Strangeways Here We Come (Édition Studio Masters)
I Won't Share You  (2011 Remaster);The Smiths;Strangeways Here We Come (Édition Studio Masters)
Last Night I Dreamt That Somebody Loved Me  (2011 Remaster);The Smiths;Strangeways Here We Come (Édition Studio Masters)
Paint a Vulgar Picture  (2011 Remaster);The Smiths;Strangeways Here We Come (Édition Studio Masters)
Stop Me If You Think You've Heard This One Before  (2011 Remaster);The Smiths;Strangeways Here We Come (Édition Studio Masters)
A Rush and a Push and the Land Is Ours  (2011 Remaster);The Smiths;Strangeways Here We Come (Édition Studio Masters)
Death at One's Elbow  (2011 Remaster);The Smiths;Strangeways Here We Come (Édition Studio Masters)
I Started Something I Couldn't Finish  (2011 Remaster);The Smiths;Strangeways Here We Come (Édition Studio Masters)
Unhappy Birthday  (2011 Remaster);The Smiths;Strangeways Here We Come (Édition Studio Masters)
Southern Jukebox Music;Penguin Cafe Orchestra;When In Rome...
Bean Fields;Penguin Cafe Orchestra;When In Rome...
Numbers 1-4;Penguin Cafe Orchestra;When In Rome...
Telephone And Rubber Band;Penguin Cafe Orchestra;When In Rome...
Oscar Tango;Penguin Cafe Orchestra;When In Rome...
Cutting Branches For A Temporary Shelter;Penguin Cafe Orchestra;When In Rome...
Paul's Dance;Penguin Cafe Orchestra;When In Rome...
Isle Of View (Music For Helicopter Pilots);Penguin Cafe Orchestra;When In Rome...
Air À Danser;Penguin Cafe Orchestra;When In Rome...
Dirt;Penguin Cafe Orchestra;When In Rome...
Prelude And Yodel;Penguin Cafe Orchestra;When In Rome...
From The Colonies;Penguin Cafe Orchestra;When In Rome...
Air;Penguin Cafe Orchestra;When In Rome...
Giles Farnaby's Dream;Penguin Cafe Orchestra;When In Rome...
Yodel 1;Penguin Cafe Orchestra;When In Rome...
Music For A Found Harmonium;Penguin Cafe Orchestra;When In Rome...
Zopf: From The Colonies (2008 Digital Remaster);Penguin Cafe Orchestra;Music From The Penguin Cafe
Zopf: Pigtail (2008 Digital Remaster);Penguin Cafe Orchestra;Music From The Penguin Cafe
Zopf: Coronation (2008 Digital Remaster);Penguin Cafe Orchestra;Music From The Penguin Cafe
Zopf: In A Sydney Motel (2008 Digital Remaster);Penguin Cafe Orchestra;Music From The Penguin Cafe
Hugebaby (2008 Digital Remaster);Penguin Cafe Orchestra;Music From The Penguin Cafe
Zopf: Milk (2008 Digital Remaster);Penguin Cafe Orchestra;Music From The Penguin Cafe
Zopf: Surface Tension (2008 Digital Remaster);Penguin Cafe Orchestra;Music From The Penguin Cafe
Penguin Cafe Single (2008 Digital Remaster);Penguin Cafe Orchestra;Music From The Penguin Cafe
Chartered Flight (2008 Digital Remaster);Penguin Cafe Orchestra;Music From The Penguin Cafe
The Sound Of Someone You Love Who's Going Away And It Doesn't Matter (2008 Digital Remaster);Penguin Cafe Orchestra;Music From The Penguin Cafe
Zopf: Giles Farnaby's Dream (2008 Digital Remaster);Penguin Cafe Orchestra;Music From The Penguin Cafe
Paul's Dance (Remastered 2008);Penguin Cafe Orchestra;Penguin Café Orchestra
Pythagoras's Trousers (Remastered 2008);Penguin Cafe Orchestra;Penguin Café Orchestra
Yodel 2 (Remastered 2008);Penguin Cafe Orchestra;Penguin Café Orchestra
Salty Bean Fumble (Remastered 2008);Penguin Cafe Orchestra;Penguin Café Orchestra
Telephone And Rubber Band (Remastered 2008);Penguin Cafe Orchestra;Penguin Café Orchestra
Harmonic Necklace (Remastered 2008);Penguin Cafe Orchestra;Penguin Café Orchestra
Cutting Branches For A Temporary Shelter (Remastered 2008);Penguin Cafe Orchestra;Penguin Café Orchestra
Walk Don't Run (Remastered 2008);Penguin Cafe Orchestra;Penguin Café Orchestra
Steady State (Remastered 2008);Penguin Cafe Orchestra;Penguin Café Orchestra
Flux (Remastered 2008);Penguin Cafe Orchestra;Penguin Café Orchestra
Simon's Dream (Remastered 2008);Penguin Cafe Orchestra;Penguin Café Orchestra
Air À Danser (Remastered 2008);Penguin Cafe Orchestra;Penguin Café Orchestra
Numbers 1-4 (Remastered 2008);Penguin Cafe Orchestra;Penguin Café Orchestra
The Ecstasy Of Dancing Fleas (Remastered 2008);Penguin Cafe Orchestra;Penguin Café Orchestra
Yodel 1 (Remastered 2008);Penguin Cafe Orchestra;Penguin Café Orchestra
More Milk (2008 Digital Remaster);Penguin Cafe Orchestra;Broadcasting From Home
Music By Numbers (2008 Digital Remaster);Penguin Cafe Orchestra;Broadcasting From Home
Heartwind (2008 Digital Remaster);Penguin Cafe Orchestra;Broadcasting From Home
Now Nothing (2008 Digital Remaster);Penguin Cafe Orchestra;Broadcasting From Home
Another One From The Colonies (2008 Digital Remaster);Penguin Cafe Orchestra;Broadcasting From Home
Air (2008 Digital Remaster);Penguin Cafe Orchestra;Broadcasting From Home
Music For A Found Harmonium (2008 Digital Remaster);Penguin Cafe Orchestra;Broadcasting From Home
In The Back Of A Taxi (2008 Digital Remaster);Penguin Cafe Orchestra;Broadcasting From Home
White Mischief (2008 Digital Remaster);Penguin Cafe Orchestra;Broadcasting From Home
Sheep Dip (2008 Digital Remaster);Penguin Cafe Orchestra;Broadcasting From Home
Isle Of View (Music For Helicopter Pilots) (2008 Digital Remaster);Penguin Cafe Orchestra;Broadcasting From Home
Prelude And Yodel (2008 Digital Remaster);Penguin Cafe Orchestra;Broadcasting From Home
Red Shorts;Penguin Cafe Orchestra;Union Cafe
Vega;Penguin Cafe Orchestra;Union Cafe
Lifeboat (Lovers Rock);Penguin Cafe Orchestra;Union Cafe
Yodel 3;Penguin Cafe Orchestra;Union Cafe
Lie Back and Think of England;Penguin Cafe Orchestra;Union Cafe
Thorn Tree Wind;Penguin Cafe Orchestra;Union Cafe
Cage Dead;Penguin Cafe Orchestra;Union Cafe
Discover America;Penguin Cafe Orchestra;Union Cafe
Kora Kora;Penguin Cafe Orchestra;Union Cafe
Nothing Really Blue;Penguin Cafe Orchestra;Union Cafe
Pythagoras on the Line;Penguin Cafe Orchestra;Union Cafe
Passing Through;Penguin Cafe Orchestra;Union Cafe
Silver Star of Bologna;Penguin Cafe Orchestra;Union Cafe
Another One from Porlock;Penguin Cafe Orchestra;Union Cafe
Scherzo and Trio;Penguin Cafe Orchestra;Union Cafe
Organum;Penguin Cafe Orchestra;Union Cafe
Swing The Cat (2008 Digital Remaster);Penguin Cafe Orchestra;Signs Of Life
Horns Of The Bull (2008 Digital Remaster);Penguin Cafe Orchestra;Signs Of Life
The Snake And The Lotus (The Pond) (2008 Digital Remaster);Penguin Cafe Orchestra;Signs Of Life
Southern Jukebox Music (2008 Digital Remaster);Penguin Cafe Orchestra;Signs Of Life
Rosasolis (2008 Digital Remaster);Penguin Cafe Orchestra;Signs Of Life
Perpetuum Mobile (2008 Digital Remaster);Penguin Cafe Orchestra;Signs Of Life
Dirt (2008 Digital Remaster);Penguin Cafe Orchestra;Signs Of Life
Bean Fields (2008 Digital Remaster);Penguin Cafe Orchestra;Signs Of Life
Wildlife (2008 Digital Remaster);Penguin Cafe Orchestra;Signs Of Life
Oscar Tango (2008 Digital Remaster);Penguin Cafe Orchestra;Signs Of Life
Sketch (2008 Digital Remaster);Penguin Cafe Orchestra;Signs Of Life
Cais;Milton Nascimento;Milton + esperanza
outro planeta;Milton Nascimento;Milton + esperanza
Um Vento Passou (para Paul Simon);Milton Nascimento;Milton + esperanza
Saci;Milton Nascimento;Milton + esperanza
Morro Velho;Milton Nascimento;Milton + esperanza
Outubro;Milton Nascimento;Milton + esperanza
The Way You Are;Milton Nascimento;Milton + esperanza
Interlude for Saci;Milton Nascimento;Milton + esperanza
A Day in the Life;Milton Nascimento;Milton + esperanza
Wings for the Thought Bird;Milton Nascimento;Milton + esperanza
Earth Song;Milton Nascimento;Milton + esperanza
Late September;Milton Nascimento;Milton + esperanza
Get It By Now;Milton Nascimento;Milton + esperanza
When You Dream;Milton Nascimento;Milton + esperanza
the music was there;Milton Nascimento;Milton + esperanza
Saudade Dos Aviões Da Panair (Conversando No Bar);Milton Nascimento;Milton + esperanza
Frivolous Tonight;XTC;Apple Venus, Volume 1
Greenman;XTC;Apple Venus, Volume 1
Harvest Festival;XTC;Apple Venus, Volume 1
Easter Theatre;XTC;Apple Venus, Volume 1
Knights in Shining Karma;XTC;Apple Venus, Volume 1
I’d Like That;XTC;Apple Venus, Volume 1
The Last Balloon;XTC;Apple Venus, Volume 1
Fruit Nut;XTC;Apple Venus, Volume 1
Your Dictionary;XTC;Apple Venus, Volume 1
I Can’t Own Her;XTC;Apple Venus, Volume 1
River of Orchids;XTC;Apple Venus, Volume 1
Washaway (Bonus Tracks);XTC;The Big Express [2023 Steven Wilson Remix]
Seagulls Screaming Kiss Her Kiss Her;XTC;The Big Express [2023 Steven Wilson Remix]
Train Running Low on Soul Coal;XTC;The Big Express [2023 Steven Wilson Remix]
All You Pretty Girls;XTC;The Big Express [2023 Steven Wilson Remix]
Reign of Blows;XTC;The Big Express [2023 Steven Wilson Remix]
Wake Up;XTC;The Big Express [2023 Steven Wilson Remix]
This World Over;XTC;The Big Express [2023 Steven Wilson Remix]
I Bought Myself a Liarbird;XTC;The Big Express [2023 Steven Wilson Remix]
Blue Overall (Bonus Tracks);XTC;The Big Express [2023 Steven Wilson Remix]
I Remember the Sun;XTC;The Big Express [2023 Steven Wilson Remix]
The Everyday Story of Smalltown;XTC;The Big Express [2023 Steven Wilson Remix]
Shake You Donkey Up;XTC;The Big Express [2023 Steven Wilson Remix]
You're the Wish You Are I Had;XTC;The Big Express [2023 Steven Wilson Remix]
Red Brick Dream (Bonus Tracks);XTC;The Big Express [2023 Steven Wilson Remix]
We're All Light;XTC;Homegrown
I'm The Man Who Murdered Love [early other song cassette];XTC;Homegrown
You And The Clouds Will Still Be Beautiful;XTC;Homegrown
In Another Life [jug band version];XTC;Homegrown
The Wheel And The Maypole;XTC;Homegrown
Lie For A Lie [cassette demo];XTC;Homegrown
I'm The Man Who Murdered Love;XTC;Homegrown
Stupidly Happy;XTC;Homegrown
Everything Decays [early cassette idea];XTC;Homegrown
In Another Life [excerpt of original demo];XTC;Homegrown
We're All Light [early cassette idea];XTC;Homegrown
Wounded Horse;XTC;Homegrown
I'm The Man Who Murdered Love [Tamla demo excerpt];XTC;Homegrown
The Pot Won't Hold Our Love [early cassette idea];XTC;Homegrown
Standing In For Joe [lounge version];XTC;Homegrown
Church Of Women;XTC;Homegrown
Playground;XTC;Homegrown
Some Lovely;XTC;Homegrown
Standing In For Joe;XTC;Homegrown
Boarded Up;XTC;Homegrown
Down In The Cockpit (2001 Remaster);XTC;English Settlement
Knuckle Down (2001 Remaster);XTC;English Settlement
Runaways (2001 Remaster);XTC;English Settlement
Yacht Dance (2001 Remaster);XTC;English Settlement
It's Nearly Africa (2001 Remaster);XTC;English Settlement
Leisure (2001 Remaster);XTC;English Settlement
Snowman (2001 Remaster);XTC;English Settlement
English Roundabout (2001 Remaster);XTC;English Settlement
No Thugs In Our House (2001 Remaster);XTC;English Settlement
Ball And Chain (2001 Remaster);XTC;English Settlement
Jason And The Argonauts (2001 Remaster);XTC;English Settlement
All Of A Sudden (It's Too Late) (2001 Remaster);XTC;English Settlement
Senses Working Overtime (Remastered);XTC;English Settlement
Fly On The Wall (2001 Remaster);XTC;English Settlement
Melt The Guns (2001 Remaster);XTC;English Settlement
Here Comes President Kill Again;XTC;Oranges and Lemons [2015 Steven Wilson Remix]
Cynical Days;XTC;Oranges and Lemons [2015 Steven Wilson Remix]
Pink Thing;XTC;Oranges and Lemons [2015 Steven Wilson Remix]
King For a Day;XTC;Oranges and Lemons [2015 Steven Wilson Remix]
Hold Me My Daddy;XTC;Oranges and Lemons [2015 Steven Wilson Remix]
Poor Skeleton Steps Out;XTC;Oranges and Lemons [2015 Steven Wilson Remix]
Miniature Sun;XTC;Oranges and Lemons [2015 Steven Wilson Remix]
Garden of Earthly Delights;XTC;Oranges and Lemons [2015 Steven Wilson Remix]
Across This Antheap;XTC;Oranges and Lemons [2015 Steven Wilson Remix]
The Mayor of Simpleton;XTC;Oranges and Lemons [2015 Steven Wilson Remix]
One of the Millions;XTC;Oranges and Lemons [2015 Steven Wilson Remix]
Chalkhills and Children;XTC;Oranges and Lemons [2015 Steven Wilson Remix]
The Loving;XTC;Oranges and Lemons [2015 Steven Wilson Remix]
Scarecrow People;XTC;Oranges and Lemons [2015 Steven Wilson Remix]
Merely a Man;XTC;Oranges and Lemons [2015 Steven Wilson Remix]
Ballet For A Rainy Day;XTC;Skylarking
Let's Make A Den;XTC;Skylarking
Little Lighthouse;XTC;Skylarking
That's Really Super Supergirl;XTC;Skylarking
Summer's Cauldron;XTC;Skylarking
Extrovert;XTC;Skylarking
Season Cycle;XTC;Skylarking
The Meeting Place;XTC;Skylarking
Dear God;XTC;Skylarking
1000 Umbrellas;XTC;Skylarking
Grass;XTC;Skylarking
Big Day;XTC;Skylarking
Sacrificial Bonfire;XTC;Skylarking
Mermaid Smiled;XTC;Skylarking
The Man Who Sailed Around His Soul;XTC;Skylarking
Dying;XTC;Skylarking
Another Satellite;XTC;Skylarking
The Troubles;XTC;Skylarking
Earn Enough For Us;XTC;Skylarking
Buzzcity Talking (2001 Remaster);XTC;Go 2
Super-Tuff (2001 Remaster);XTC;Go 2
Battery Brides (Andy Paints Brian) (2001 Remaster);XTC;Go 2
Red (2001 Remaster);XTC;Go 2
The Rhythm (2001 Remaster);XTC;Go 2
Jumping In Gomorrah (2001 Remaster);XTC;Go 2
Crowded Room (2001 Remaster);XTC;Go 2
Beatown (2001 Remaster);XTC;Go 2
I Am The Audience (2001 Remaster);XTC;Go 2
My Weapon (2001 Remaster);XTC;Go 2
Meccanik Dancing (Oh We Go!) (2001 Remaster);XTC;Go 2
Life Is Good In The Greenhouse (2001 Remaster);XTC;Go 2
Are You Receiving Me? (2001 Remaster);XTC;Go 2
Ten Feet Tall;XTC;Drums and Wires [2014 Steven Wilson Remix]
Wait 'Til Your Boat Goes Down (Extra Tracks);XTC;Drums and Wires [2014 Steven Wilson Remix]
When You're Near Me I Have Difficulty;XTC;Drums and Wires [2014 Steven Wilson Remix]
Real by Reel;XTC;Drums and Wires [2014 Steven Wilson Remix]
Ten Feet Tall (Electric Version) (Extra Tracks);XTC;Drums and Wires [2014 Steven Wilson Remix]
That Is the Way;XTC;Drums and Wires [2014 Steven Wilson Remix]
Limelight (Extra Tracks);XTC;Drums and Wires [2014 Steven Wilson Remix]
Helicopter;XTC;Drums and Wires [2014 Steven Wilson Remix]
Scissor Man;XTC;Drums and Wires [2014 Steven Wilson Remix]
Life Begins at the Hop (Single Version) (Extra Tracks);XTC;Drums and Wires [2014 Steven Wilson Remix]
Homo Safari (Extra Tracks);XTC;Drums and Wires [2014 Steven Wilson Remix]
Chain of Command (Extra Tracks);XTC;Drums and Wires [2014 Steven Wilson Remix]
Millions;XTC;Drums and Wires [2014 Steven Wilson Remix]
Making Plans For Nigel;XTC;Drums and Wires [2014 Steven Wilson Remix]
Complicated Game;XTC;Drums and Wires [2014 Steven Wilson Remix]
Roads Girdle the Globe;XTC;Drums and Wires [2014 Steven Wilson Remix]
Day In Day Out;XTC;Drums and Wires [2014 Steven Wilson Remix]
Outside World;XTC;Drums and Wires [2014 Steven Wilson Remix]
Generals And Majors;XTC;Black Sea
Burning With Optimism's Flames;XTC;Black Sea
History Of Rock N' Roll;XTC;Black Sea
Towers Of London;XTC;Black Sea
Sgt. Rock (Is Going To Help Me);XTC;Black Sea
No Language In Our Lungs;XTC;Black Sea
Smokeless Zone;XTC;Black Sea
Rocket From A Bottle;XTC;Black Sea
Love At First Sight;XTC;Black Sea
Paper And Iron (Notes And Coins);XTC;Black Sea
Respectable Street [Single Version];XTC;Black Sea
Take This Town;XTC;Black Sea
Don't Lose Your Temper;XTC;Black Sea
Respectable Street;XTC;Black Sea
Living Through Another Cuba;XTC;Black Sea
Travels In Nihilon;XTC;Black Sea
Towers Of London [Early Version];XTC;Black Sea
Ban The Bomb;XTC;Black Sea
The Somnambulist;XTC;Black Sea
Funk Pop A Roll (2001 Remaster);XTC;Mummer
Toys (2001 Remaster);XTC;Mummer
In Loving Memory Of A Name (2001 Remaster);XTC;Mummer
Human Alchemy (2001 Remaster);XTC;Mummer
Love On A Farmboy's Wages (2001 Remaster);XTC;Mummer
Gold (2001 Remaster);XTC;Mummer
Procession Towards Learning Land (2001 Remaster);XTC;Mummer
Great Fire (2001 Remaster);XTC;Mummer
Frost Circus (2001 Remaster);XTC;Mummer
Beating Of Hearts (2001 Remaster);XTC;Mummer
Me And The Wind (2001 Remaster);XTC;Mummer
Jump (2001 Remaster);XTC;Mummer
Ladybird (2001 Remaster);XTC;Mummer
Deliver Us From The Elements (2001 Remaster);XTC;Mummer
Wonderland (2001 Remaster);XTC;Mummer
Desert Island (2001 Remaster);XTC;Mummer
Do What You Do (2001 Remaster);XTC;White Music
Statue Of Liberty (2001 Remaster);XTC;White Music
Traffic Light Rock (2001 Remaster);XTC;White Music
I'll Set Myself On Fire (2001 Remaster);XTC;White Music
Radios In Motion (2001 Remaster);XTC;White Music
Cross Wires (2001 Remaster);XTC;White Music
Instant Tunes (2001 Remaster);XTC;White Music
Heatwave (2001 Remaster);XTC;White Music
Neon Shuffle (2001 Remaster);XTC;White Music
Science Friction (2001 Remaster);XTC;White Music
I'm Bugged (2001 Remaster);XTC;White Music
Into The Atom Age (2001 Remaster);XTC;White Music
New Town Animal In A Furnished Cage (2001 Remaster);XTC;White Music
Dance Band (2001 Remaster);XTC;White Music
All Along The Watchtower (2001 Remaster);XTC;White Music
Spinning Top (2001 Remaster);XTC;White Music
This Is Pop? (2001 Remaster);XTC;White Music
Hang On To The Night (2001 Remaster);XTC;White Music
She's So Square (2001 Remaster);XTC;White Music
Frivolous Tonight;XTC;Homespun: The Apple Venus Volume One Home Demos
Greenman;XTC;Homespun: The Apple Venus Volume One Home Demos
Harvest Festival;XTC;Homespun: The Apple Venus Volume One Home Demos
Easter Theatre;XTC;Homespun: The Apple Venus Volume One Home Demos
Knights In Shining Karma;XTC;Homespun: The Apple Venus Volume One Home Demos
The Last Balloon;XTC;Homespun: The Apple Venus Volume One Home Demos
Fruit Nut;XTC;Homespun: The Apple Venus Volume One Home Demos
I Can't Own Her;XTC;Homespun: The Apple Venus Volume One Home Demos
Your Dictionary;XTC;Homespun: The Apple Venus Volume One Home Demos
I'd Like That;XTC;Homespun: The Apple Venus Volume One Home Demos
River Of Orchids;XTC;Homespun: The Apple Venus Volume One Home Demos
Playground;XTC;Wasp Star (Apple Venus Volume 2)
Stupidly Happy;XTC;Wasp Star (Apple Venus Volume 2)
We're All Light;XTC;Wasp Star (Apple Venus Volume 2)
Standing in for Joe;XTC;Wasp Star (Apple Venus Volume 2)
Boarded Up;XTC;Wasp Star (Apple Venus Volume 2)
Wounded Horse;XTC;Wasp Star (Apple Venus Volume 2)
Church of Women;XTC;Wasp Star (Apple Venus Volume 2)
My Brown Guitar;XTC;Wasp Star (Apple Venus Volume 2)
I'm the Man Who Murdered Love;XTC;Wasp Star (Apple Venus Volume 2)
In Another Life;XTC;Wasp Star (Apple Venus Volume 2)
You and the Clouds Will Still be Beautiful;XTC;Wasp Star (Apple Venus Volume 2)
The Wheel and the Maypole;XTC;Wasp Star (Apple Venus Volume 2)
Crocodile (2001 Remaster);XTC;Nonsuch
Humble Daisy (2001 Remaster);XTC;Nonsuch
Then She Appeared (2001 Remaster);XTC;Nonsuch
Books Are Burning (2001 Remaster);XTC;Nonsuch
The Smartest Monkeys (2001 Remaster);XTC;Nonsuch
Omnibus (2001 Remaster);XTC;Nonsuch
Holly Up On Poppy (2001 Remaster);XTC;Nonsuch
The Ugly Underneath (2001 Remaster);XTC;Nonsuch
Bungalow (2001 Remaster);XTC;Nonsuch
Rook (2001 Remaster);XTC;Nonsuch
The Disappointed (2001 Remaster);XTC;Nonsuch
That Wave (2001 Remaster);XTC;Nonsuch
Didn't Hurt a Bit;XTC;Nonsuch
Wrapped In Grey (2001 Remaster);XTC;Nonsuch
Dear Madam Barnum (2001 Remaster);XTC;Nonsuch
My Bird Performs (2001 Remaster);XTC;Nonsuch
War Dance (2001 Remaster);XTC;Nonsuch
Ballad Of Peter Pumpkinhead (2001 Remaster);XTC;Nonsuch
Human Mind;Mavis Staples;Sad And Beautiful World
We Got to Have Peace;Mavis Staples;Sad And Beautiful World
Everybody Needs Love;Mavis Staples;Sad And Beautiful World
Sad and Beautiful World;Mavis Staples;Sad And Beautiful World
Godspeed;Mavis Staples;Sad And Beautiful World
Chicago;Mavis Staples;Sad And Beautiful World
Anthem;Mavis Staples;Sad And Beautiful World
Beautiful Strangers;Mavis Staples;Sad And Beautiful World
Hard Times;Mavis Staples;Sad And Beautiful World
Satisfied Mind;Mavis Staples;Sad And Beautiful World
Jogral;Djavan;Seduzir
Total Abandono;Djavan;Seduzir
Êxtase;Djavan;Seduzir
Morena De Endoidecer;Djavan;Seduzir
A Ilha;Djavan;Seduzir
Pedro Brasil;Djavan;Seduzir
Faltando Um Pedaço;Djavan;Seduzir
Seduzir;Djavan;Seduzir
Luanda;Djavan;Seduzir
Amar é Tudo;Djavan;Bicho Solto - O XIII
Pássaro;Djavan;Bicho Solto - O XIII
Retrato da Vida;Djavan;Bicho Solto - O XIII
Bicho Solto;Djavan;Bicho Solto - O XIII
Atitude;Djavan;Bicho Solto - O XIII
Eu Te Devoro;Djavan;Bicho Solto - O XIII
Be Fair;Djavan;Bicho Solto - O XIII
Meu Bem-Querer;Djavan;Bicho Solto - O XIII
A Carta;Djavan;Bicho Solto - O XIII
Você é;Djavan;Bicho Solto - O XIII
Tão Raro;Djavan;Bicho Solto - O XIII
Passou;Djavan;Bicho Solto - O XIII
Maçã;Djavan;Não É Azul Mas É Mar
Real;Djavan;Não É Azul Mas É Mar
Florir;Djavan;Não É Azul Mas É Mar
Soweto;Djavan;Não É Azul Mas É Mar
Doidice;Djavan;Não É Azul Mas É Mar
Navio;Djavan;Não É Azul Mas É Mar
Me Leve;Djavan;Não É Azul Mas É Mar
Dou-Não- Dou;Djavan;Não É Azul Mas É Mar
Carnaval no Rio;Djavan;Não É Azul Mas É Mar
Bouquet;Djavan;Não É Azul Mas É Mar
Fato Consumado (Ao Vivo);Djavan;"Djavan ""Ao Vivo"" - Vol.II"
Um Amor Puro;Djavan;"Djavan ""Ao Vivo"" - Vol.II"
Pétala (Ao Vivo);Djavan;"Djavan ""Ao Vivo"" - Vol.II"
Álibi (Ao Vivo);Djavan;"Djavan ""Ao Vivo"" - Vol.II"
Faltando um Pedaço (Ao Vivo);Djavan;"Djavan ""Ao Vivo"" - Vol.II"
Meu Bem-Querer (Ao Vivo);Djavan;"Djavan ""Ao Vivo"" - Vol.II"
Acelerou;Djavan;"Djavan ""Ao Vivo"" - Vol.II"
Esquinas (Ao Vivo);Djavan;"Djavan ""Ao Vivo"" - Vol.II"
Eu Te Devoro (Ao Vivo);Djavan;"Djavan ""Ao Vivo"" - Vol.II"
Se... (Ao Vivo);Djavan;"Djavan ""Ao Vivo"" - Vol.II"
Lilás (Ao Vivo);Djavan;"Djavan ""Ao Vivo"" - Vol.II"
Cigano (Ao Vivo);Djavan;"Djavan ""Ao Vivo"" - Vol.II"
Boa Noite (Ao Vivo);Djavan;"Djavan ""Ao Vivo"" - Vol.II"
Meu Bem-Querer  (Ao Vivo no Montreux Jazz Festival);Djavan;Ao Vivo no Montreux Jazz Festival
Malásia  (Ao Vivo no Montreux Jazz Festival);Djavan;Ao Vivo no Montreux Jazz Festival
Sina  (Ao Vivo no Montreux Jazz Festival);Djavan;Ao Vivo no Montreux Jazz Festival
Lilás  (Ao Vivo no Montreux Jazz Festival);Djavan;Ao Vivo no Montreux Jazz Festival
Mal de Mim  (Ao Vivo no Montreux Jazz Festival);Djavan;Ao Vivo no Montreux Jazz Festival
Flor de Lis  (Ao Vivo no Montreux Jazz Festival);Djavan;Ao Vivo no Montreux Jazz Festival
Boa Noite  (Ao Vivo no Montreux Jazz Festival);Djavan;Ao Vivo no Montreux Jazz Festival
Seca  (Ao Vivo no Montreux Jazz Festival);Djavan;Ao Vivo no Montreux Jazz Festival
Samurai  (Ao Vivo no Montreux Jazz Festival);Djavan;Ao Vivo no Montreux Jazz Festival
Oceano  (Ao Vivo no Montreux Jazz Festival);Djavan;Ao Vivo no Montreux Jazz Festival
Fato Consumado  (Ao Vivo no Montreux Jazz Festival);Djavan;Ao Vivo no Montreux Jazz Festival
Cigano  (Ao Vivo no Montreux Jazz Festival);Djavan;Ao Vivo no Montreux Jazz Festival
Irmã de Neon  (Ao Vivo no Montreux Jazz Festival);Djavan;Ao Vivo no Montreux Jazz Festival
Aquele um  (Ao Vivo no Montreux Jazz Festival);Djavan;Ao Vivo no Montreux Jazz Festival
Que Foi My Love?  (Ao Vivo no Montreux Jazz Festival);Djavan;Ao Vivo no Montreux Jazz Festival
Infinito;Djavan;Lilás
Obi;Djavan;Lilás
Iris;Djavan;Lilás
Canto da Lira;Djavan;Lilás
Esquinas;Djavan;Lilás
Miragem;Djavan;Lilás
Lilás;Djavan;Lilás
Liberdade;Djavan;Lilás
Transe;Djavan;Lilás
Ao Menos um Porto;Djavan;D
Sevilhando;Djavan;D
Nada Mais Sou;Djavan;D
Primeira Estrada;Djavan;D
Iluminado;Djavan;D
Você Pode Ser Atriz;Djavan;D
Num Mundo de Paz;Djavan;D
Quase Fantasia;Djavan;D
Rídiculo;Djavan;D
Êh! Êh!;Djavan;D
Beleza Destruída;Djavan;D
Cabeça Vazia;Djavan;D
Oceano (Ao Vivo);Djavan;Djavan Ao Vivo, Vol. 1
Flor de Lis (Ao Vivo);Djavan;Djavan Ao Vivo, Vol. 1
Um Amor Puro;Djavan;Djavan Ao Vivo, Vol. 1
Açaí (Ao Vivo);Djavan;Djavan Ao Vivo, Vol. 1
Acelerou;Djavan;Djavan Ao Vivo, Vol. 1
Samurai (Ao Vivo);Djavan;Djavan Ao Vivo, Vol. 1
Azul (Ao Vivo);Djavan;Djavan Ao Vivo, Vol. 1
Serrado (Ao Vivo);Djavan;Djavan Ao Vivo, Vol. 1
Seduzir (Ao Vivo);Djavan;Djavan Ao Vivo, Vol. 1
Nem um Dia (Ao Vivo);Djavan;Djavan Ao Vivo, Vol. 1
A Carta (Ao Vivo);Djavan;Djavan Ao Vivo, Vol. 1
Sina (Ao Vivo);Djavan;Djavan Ao Vivo, Vol. 1
Amar é Tudo (Ao Vivo);Djavan;Djavan Ao Vivo, Vol. 1
Mal De Mim  (Album Version);Djavan;Puzzle Of Hearts
Puzzle Of Hearts  (Album Version);Djavan;Puzzle Of Hearts
Voce Bem Sabe  (Album Version);Djavan;Puzzle Of Hearts
Amazon Farewell  (Album Version);Djavan;Puzzle Of Hearts
Corisco  (Album Version);Djavan;Puzzle Of Hearts
Being Cool  (Album Version);Djavan;Puzzle Of Hearts
Cigano  (Album Version);Djavan;Puzzle Of Hearts
Vida Real  (Album Version);Djavan;Puzzle Of Hearts
Oceano  (Album Version);Djavan;Puzzle Of Hearts
Mil Vezes  (Album Version);Djavan;Puzzle Of Hearts
Pétala;Djavan;Luz
Açaí;Djavan;Luz
Nobreza;Djavan;Luz
Luz;Djavan;Luz
Banho de Rio;Djavan;Luz
Esfinge;Djavan;Luz
Capim;Djavan;Luz
Minha Irmã;Djavan;Luz
Samurai;Djavan;Luz
Sina;Djavan;Luz
O Vento;Djavan;Improviso
Para Nunca Mais Esquecer;Djavan;Improviso
Um Brinde;Djavan;Improviso
Falta Ralar!;Djavan;Improviso
O Grande Bem;Djavan;Improviso
Sonhar;Djavan;Improviso
Levei a Noite;Djavan;Improviso
Improviso;Djavan;Improviso
O Escolhido;Djavan;Improviso
Cetim;Djavan;Improviso
Um Affair;Djavan;Improviso
Pra Sempre;Djavan;Improviso
Spassiunatamente;Avion Travel;Danson metropoli - Canzoni di Paolo Conte
Un vecchio errore;Avion Travel;Danson metropoli - Canzoni di Paolo Conte
Max;Avion Travel;Danson metropoli - Canzoni di Paolo Conte
Sijmadicandhapajiee;Avion Travel;Danson metropoli - Canzoni di Paolo Conte
Languida;Avion Travel;Danson metropoli - Canzoni di Paolo Conte
Elisir;Gianna Nannini;Danson metropoli - Canzoni di Paolo Conte
Aguaplano;Avion Travel;Danson metropoli - Canzoni di Paolo Conte
Gioco d'azzardo;Avion Travel;Danson metropoli - Canzoni di Paolo Conte
Danson metropoli;Avion Travel;Danson metropoli - Canzoni di Paolo Conte
Blue Haways;Avion Travel;Danson metropoli - Canzoni di Paolo Conte
Il giudizio di paride;Avion Travel;Danson metropoli - Canzoni di Paolo Conte
Cosa sai di me?;Avion Travel;Danson metropoli - Canzoni di Paolo Conte
Foreign Affair;The Manhattan Transfer;Extensions
Coo Coo U;The Manhattan Transfer;Extensions
Body And Soul;The Manhattan Transfer;Extensions
Trickle Trickle;The Manhattan Transfer;Extensions
Shaker Song;The Manhattan Transfer;Extensions
Wacky Dust;The Manhattan Transfer;Extensions
Twilight Zone/Twilight Tone;The Manhattan Transfer;Extensions
Nothin' You Can Do About It;The Manhattan Transfer;Extensions
Birdland;The Manhattan Transfer;Extensions
Sassy (Album Version);The Manhattan Transfer;The Offbeat Of Avenues
Confide In Me (Album Version);The Manhattan Transfer;The Offbeat Of Avenues
Gentleman With a Family (Album Version);The Manhattan Transfer;The Offbeat Of Avenues
Woman In Love (Album Version);The Manhattan Transfer;The Offbeat Of Avenues
The Offbeat of Avenues (Album Version);The Manhattan Transfer;The Offbeat Of Avenues
What Goes Around Comes Around (Album Version);The Manhattan Transfer;The Offbeat Of Avenues
Blue Serenade (Album Version);The Manhattan Transfer;The Offbeat Of Avenues
10 Minutes Till the Savages Come (Album Version);The Manhattan Transfer;The Offbeat Of Avenues
Blues for Pablo (Album Version);The Manhattan Transfer;The Offbeat Of Avenues
A World Apart (Album Version);The Manhattan Transfer;The Offbeat Of Avenues
The Quietude (Encuentro de Animales) (Album Version);The Manhattan Transfer;The Offbeat Of Avenues
Swing Balboa (Down on Riverside);The Manhattan Transfer;The Junction
Tequila / The Way Of The Booze;The Manhattan Transfer;The Junction
Shake Ya Boogie  (Galactic Vocal Version);The Manhattan Transfer;The Junction
Blues for Harry Bosch;The Manhattan Transfer;The Junction
Sometimes I Do;The Manhattan Transfer;The Junction
Ugly Man;The Manhattan Transfer;The Junction
The Junction;The Manhattan Transfer;The Junction
The Man Who Sailed Around His Soul;The Manhattan Transfer;The Junction
Cantaloop (Flip Out!);The Manhattan Transfer;The Junction
The Paradise Within (Paradise Found);The Manhattan Transfer;The Junction
That's Killer Joe;The Manhattan Transfer;Vocalese
Sing Joy Spring;The Manhattan Transfer;Vocalese
Airegin;The Manhattan Transfer;Vocalese
(You Should) Meet Benny Bailey;The Manhattan Transfer;Vocalese
Move;The Manhattan Transfer;Vocalese
Rambo;The Manhattan Transfer;Vocalese
Oh Yes, I Remember Clifford;The Manhattan Transfer;Vocalese
Ray's Rockhouse;The Manhattan Transfer;Vocalese
To You;The Manhattan Transfer;Vocalese
Blee Blop Blues;The Manhattan Transfer;Vocalese
Another Night In Tunisia;The Manhattan Transfer;Vocalese
Mystery (Remastered);The Manhattan Transfer;Bodies And Souls
Spice Of Life (Remastered);The Manhattan Transfer;Bodies And Souls
Soldier Of Fortune (Remastered);The Manhattan Transfer;Bodies And Souls
Down South Camp Meetin' (Remastered);The Manhattan Transfer;Bodies And Souls
The Night That Monk Returned To Heaven (Remastered);The Manhattan Transfer;Bodies And Souls
Why Not (Manhattan Carnival) (Remastered);The Manhattan Transfer;Bodies And Souls
Malaise En Malaisie (Remastered);The Manhattan Transfer;Bodies And Souls
American Pop (Remastered);The Manhattan Transfer;Bodies And Souls
Goodbye Love (Remastered);The Manhattan Transfer;Bodies And Souls
Code Of Ethics (Remastered);The Manhattan Transfer;Bodies And Souls
This Independence (Remastered);The Manhattan Transfer;Bodies And Souls
Blues For Harry Bosch;The Manhattan Transfer;Fifty
Paradise Within;The Manhattan Transfer;Fifty
The Man Who Sailed Around His Soul;The Manhattan Transfer;Fifty
Twilight Zone / Twilight Tone;The Manhattan Transfer;Fifty
What Goes Around, Comes Around;The Manhattan Transfer;Fifty
God Only Knows;The Manhattan Transfer;Fifty
The Man I Love;The Manhattan Transfer;Fifty
Agua;The Manhattan Transfer;Fifty
On A Little Street In Singapore;The Manhattan Transfer;Fifty
Chanson D'Amour;The Manhattan Transfer;Fifty
The Jungle Pioneer (Viola Violar);The Manhattan Transfer;Brasil
Soul Food To Go (Sina);The Manhattan Transfer;Brasil
Metropolis (Arlequim Desconhecido);The Manhattan Transfer;Brasil
So You Say (Esquinas);The Manhattan Transfer;Brasil
Notes From The Underground (Antes Que Seja Tarde);The Manhattan Transfer;Brasil
Hear The Voices (Bahia De Todas As Contas);The Manhattan Transfer;Brasil
Capim;The Manhattan Transfer;Brasil
Agua;The Manhattan Transfer;Brasil
The Zoo Blues;The Manhattan Transfer;Brasil
Smile Again;The Manhattan Transfer;Mecca For Moderns
A Nightingale Sang In Berkeley Square;The Manhattan Transfer;Mecca For Moderns
(The Word Of) Confirmation;The Manhattan Transfer;Mecca For Moderns
(Wanted) Dead Or Alive;The Manhattan Transfer;Mecca For Moderns
On The Boulevard;The Manhattan Transfer;Mecca For Moderns
Kafka;The Manhattan Transfer;Mecca For Moderns
Boy From New York City;The Manhattan Transfer;Mecca For Moderns
Until I Meet You (Corner Pocket);The Manhattan Transfer;Mecca For Moderns
Spies In The Night;The Manhattan Transfer;Mecca For Moderns
Motor City Love Machine;Steve Conte;The Concrete Jangle
We Like It;Steve Conte;The Concrete Jangle
One Last Bell;Steve Conte;The Concrete Jangle
Shoot Out The Stars;Steve Conte;The Concrete Jangle
I Dream Her;Steve Conte;The Concrete Jangle
All Tied Up;Steve Conte;The Concrete Jangle
Decomposing A Song For You;Steve Conte;The Concrete Jangle
Girl With No Name;Steve Conte;The Concrete Jangle
Hey Hey Hey (Aren't You The One);Steve Conte;The Concrete Jangle
Fourth of July;Steve Conte;The Concrete Jangle
So Beautiful or So What  (Live at Webster Hall, New York City - June 2011);Paul Simon;Live In New York City
Rewrite  (Live at Webster Hall, New York City - June 2011);Paul Simon;Live In New York City
Mother and Child Reunion  (Live at Webster Hall, New York City - June 2011);Paul Simon;Live In New York City
50 Ways To Leave Your Lover  (Live at Webster Hall, New York City - June 2011);Paul Simon;Live In New York City
Dazzling Blue  (Live at Webster Hall, New York City - June 2011);Paul Simon;Live In New York City
Slip Slidin' Away  (Live at Webster Hall, New York City - June 2011);Paul Simon;Live In New York City
That Was Your Mother  (Live at Webster Hall, New York City - June 2011);Paul Simon;Live In New York City
Hearts and Bones  (Live at Webster Hall, New York City - June 2011);Paul Simon;Live In New York City
Crazy Love, Vol. II  (Live at Webster Hall, New York City - June 2011);Paul Simon;Live In New York City
The Obvious Child  (Live at Webster Hall, New York City - June 2011);Paul Simon;Live In New York City
The Afterlife  (Live at Webster Hall, New York City - June 2011);Paul Simon;Live In New York City
The Boy In the Bubble  (Live at Webster Hall, New York City - June 2011);Paul Simon;Live In New York City
Still Crazy After All These Years  (Live at Webster Hall, New York City - June 2011);Paul Simon;Live In New York City
Late in the Evening  (Live at Webster Hall, New York City - June 2011);Paul Simon;Live In New York City
Gumboots  (Live at Webster Hall, New York City - June 2011);Paul Simon;Live In New York City
Gone at Last  (Live at Webster Hall, New York City - June 2011);Paul Simon;Live In New York City
Kodachrome  (Live at Webster Hall, New York City - June 2011);Paul Simon;Live In New York City
The Sound of Silence  (Live at Webster Hall, New York City - June 2011);Paul Simon;Live In New York City
Diamonds on the Soles of Her Shoes  (Live at Webster Hall, New York City - June 2011);Paul Simon;Live In New York City
The Only Living Boy in New York  (Live at Webster Hall, New York City - June 2011);Paul Simon;Live In New York City
Beautiful;Paul Simon;Surprise
Outrageous;Paul Simon;Surprise
Once Upon a Time There Was an Ocean;Paul Simon;Surprise
How Can You Live in the Northeast?;Paul Simon;Surprise
Everything About It Is a Love Song;Paul Simon;Surprise
Sure Don't Feel Like Love;Paul Simon;Surprise
Another Galaxy;Paul Simon;Surprise
That's Me;Paul Simon;Surprise
Father and Daughter;Paul Simon;Surprise
I Don't Believe;Paul Simon;Surprise
Wartime Prayers;Paul Simon;Surprise
New York Is My Home;Paul Simon;Stranger To Stranger
In A Parade;Paul Simon;Stranger To Stranger
Street Angel;Paul Simon;Stranger To Stranger
Proof Of Love;Paul Simon;Stranger To Stranger
The Riverbank;Paul Simon;Stranger To Stranger
Cool Papa Bell;Paul Simon;Stranger To Stranger
Insomniac’s Lullaby;Paul Simon;Stranger To Stranger
Stranger To Stranger;Paul Simon;Stranger To Stranger
Guitar Piece 3;Paul Simon;Stranger To Stranger
Horace And Pete;Paul Simon;Stranger To Stranger
The Werewolf;Paul Simon;Stranger To Stranger
Wristband;Paul Simon;Stranger To Stranger
One Man's Ceiling Is Another Man's Floor;Paul Simon;There Goes Rhymin' Simon
Tenderness;Paul Simon;There Goes Rhymin' Simon
Something so Right;Paul Simon;There Goes Rhymin' Simon
American Tune (Unfinished Demo) (Previously Unissued);Paul Simon;There Goes Rhymin' Simon
Take Me to the Mardi Gras;Paul Simon;There Goes Rhymin' Simon
Loves Me Like a Rock;Paul Simon;There Goes Rhymin' Simon
Was a Sunny Day;Paul Simon;There Goes Rhymin' Simon
American Tune;Paul Simon;There Goes Rhymin' Simon
Kodachrome;Paul Simon;There Goes Rhymin' Simon
Let Me Live In Your City (Work In Progress) (Previously Unissued);Paul Simon;There Goes Rhymin' Simon
St. Judy's Comet;Paul Simon;There Goes Rhymin' Simon
Loves Me Like a Rock (Acoustic Demo) (Previously Unissued);Paul Simon;There Goes Rhymin' Simon
Learn How to Fall;Paul Simon;There Goes Rhymin' Simon
Take Me to the Mardi Gras (Acoustic Demo) (Previously Unissued);Paul Simon;There Goes Rhymin' Simon
You're the One;Paul Simon;You're The One
Darling Lorraine;Paul Simon;You're The One
Love;Paul Simon;You're The One
Quiet;Paul Simon;You're The One
Look at That;Paul Simon;You're The One
Old (Live);Paul Simon;You're The One
Señorita with a Necklace of Tears;Paul Simon;You're The One
That's Where I Belong;Paul Simon;You're The One
That's Where I Belong (Live);Paul Simon;You're The One
Pigs, Sheep and Wolves;Paul Simon;You're The One
Old;Paul Simon;You're The One
Hurricane Eye;Paul Simon;You're The One
The Teacher;Paul Simon;You're The One
Hurricane Eye (Live);Paul Simon;You're The One
The Boy In the Bubble;Paul Simon;Graceland (25th Anniversary Deluxe Edition)
Diamonds on the Soles of Her Shoes;Paul Simon;Graceland (25th Anniversary Deluxe Edition)
I Know What I Know;Paul Simon;Graceland (25th Anniversary Deluxe Edition)
Gumboots;Paul Simon;Graceland (25th Anniversary Deluxe Edition)
All Around the World or the Myth of Fingerprints;Paul Simon;Graceland (25th Anniversary Deluxe Edition)
Homeless;Paul Simon;Graceland (25th Anniversary Deluxe Edition)
All Around the World or the Myth of Fingerprints (Early Version) (early version);Paul Simon;Graceland (25th Anniversary Deluxe Edition)
Crazy Love, Vol. II;Paul Simon;Graceland (25th Anniversary Deluxe Edition)
Diamonds on the Soles of Her Shoes (Unreleased Version) (alternate version);Paul Simon;Graceland (25th Anniversary Deluxe Edition)
Crazy Love (Demo);Paul Simon;Graceland (25th Anniversary Deluxe Edition)
You Can Call Me Al;Paul Simon;Graceland (25th Anniversary Deluxe Edition)
Under African Skies;Paul Simon;Graceland (25th Anniversary Deluxe Edition)
Homeless (Demo);Paul Simon;Graceland (25th Anniversary Deluxe Edition)
"The Story of ""Graceland"" as Told by Paul Simon";Paul Simon;Graceland (25th Anniversary Deluxe Edition)
That Was Your Mother;Paul Simon;Graceland (25th Anniversary Deluxe Edition)
Graceland;Paul Simon;Graceland (25th Anniversary Deluxe Edition)
You Can Call Me Al (Demo);Paul Simon;Graceland (25th Anniversary Deluxe Edition)
Adios Hermanos;Paul Simon;Songs From The Capeman
Can I Forgive Him (Original Demo) (Bonus Track);Paul Simon;Songs From The Capeman
Time Is an Ocean;Various Interprets;Songs From The Capeman
Satin Summer Nights;Paul Simon;Songs From The Capeman
Born in Puerto Rico (Demo with Jose Feliciano) (Bonus Track);Jose Felciano;Songs From The Capeman
Trailways Bus;Paul Simon;Songs From The Capeman
Bernadette;Paul Simon;Songs From The Capeman
Killer Wants to Go to College II;Paul Simon;Songs From The Capeman
Killer Wants to Go to College;Paul Simon;Songs From The Capeman
Quality;Paul Simon;Songs From The Capeman
Can I Forgive Him;Paul Simon;Songs From The Capeman
Virgil;Paul Simon;Songs From The Capeman
Shoplifting Clothes (Bonus Track);Paul Simon;Songs From The Capeman
Sunday Afternoon;Ednita Nazario;Songs From The Capeman
The Vampires;Paul Simon;Songs From The Capeman
Born in Puerto Rico;Paul Simon;Songs From The Capeman
Slip Slidin' Away (Demo) (Previously Unissued);Paul Simon;Still Crazy After All These Years
My Little Town;Paul Simon with Art Garfunkel;Still Crazy After All These Years
Some Folks' Lives Roll Easy;Paul Simon;Still Crazy After All These Years
Night Game;Paul Simon;Still Crazy After All These Years
Silent Eyes;Paul Simon;Still Crazy After All These Years
50 Ways to Leave Your Lover;Paul Simon;Still Crazy After All These Years
Still Crazy After All These Years;Paul Simon;Still Crazy After All These Years
You're Kind;Paul Simon;Still Crazy After All These Years
Have a Good Time;Paul Simon;Still Crazy After All These Years
I Do It for Your Love;Paul Simon;Still Crazy After All These Years
Gone at Last;Paul Simon with Phoebe Snow and The Jessy Dixon Singers;Still Crazy After All These Years
Gone at Last (Original Demo with The Jessy Dixon Singers) (Previously Unissued);Paul Simon;Still Crazy After All These Years
Think Too Much (b);Paul Simon;Hearts And Bones
Allergies;Paul Simon;Hearts And Bones
Cars Are Cars;Paul Simon;Hearts And Bones
Train in the Distance;Paul Simon;Hearts And Bones
Song About the Moon;Paul Simon;Hearts And Bones
Rene and George Magritte with Their Dog After the War (Original Acoustic Demo) (Bonus Track);Paul Simon;Hearts And Bones
Rene and Georgette Magritte with Their Dog After the War;Paul Simon;Hearts And Bones
Think Too Much (a);Paul Simon;Hearts And Bones
Train in the Distance (Original Acoustic Demo) (Bonus Track);Paul Simon;Hearts And Bones
The Late Great Johnny Ace (Original Acoustic Demo) (Bonus Track);Paul Simon;Hearts And Bones
When Numbers Get Serious;Paul Simon;Hearts And Bones
Hearts and Bones;Paul Simon;Hearts And Bones
The Late Great Johnny Ace;Paul Simon;Hearts And Bones
Shelter of Your Arms (Unreleased Work-In-Progress) (Bonus Track);Paul Simon;Hearts And Bones
Paranoia Blues;Paul Simon;Paul Simon
Me and Julio Down by the Schoolyard (Demo - San Francisco 2/71) (Previously Unissued);Paul Simon;Paul Simon
Armistice Day;Paul Simon;Paul Simon
Me and Julio Down by the Schoolyard;Paul Simon;Paul Simon
Duncan (Demo - San Francisco 2/71) (Previously Unissued);Paul Simon;Paul Simon
Hobo's Blues;Paul Simon;Paul Simon
Duncan;Paul Simon;Paul Simon
Everything Put Together Falls Apart;Paul Simon;Paul Simon
Mother and Child Reunion;Paul Simon;Paul Simon
Papa Hobo;Paul Simon;Paul Simon
Congratulations;Paul Simon;Paul Simon
Peace Like a River;Paul Simon;Paul Simon
Paranoia Blues (Unreleased Version) (Previously Unissued);Paul Simon;Paul Simon
Run That Body Down;Paul Simon;Paul Simon
Pigs, Sheep and Wolves;Paul Simon;In the Blue Light
The Teacher;Paul Simon;In the Blue Light
How the Heart Approaches What It Yearns;Paul Simon;In the Blue Light
Questions for the Angels;Paul Simon;In the Blue Light
Darling Lorraine;Paul Simon;In the Blue Light
One Man's Ceiling Is Another Man's Floor;Paul Simon;In the Blue Light
Can't Run But;Paul Simon;In the Blue Light
Some Folks' Lives Roll Easy;Paul Simon;In the Blue Light
René and Georgette Magritte with Their Dog After the War;Paul Simon;In the Blue Light
Love;Paul Simon;In the Blue Light
How the Heart Approaches What It Yearns;Paul Simon;One-Trick Pony
Soft Parachutes (Unreleased Soundtrack Recording) (Previously Unissued);Paul Simon;One-Trick Pony
Nobody;Paul Simon;One-Trick Pony
Long, Long Day;Paul Simon;One-Trick Pony
Stranded in a Limosine;Paul Simon;One-Trick Pony
That's Why God Made the Movies;Paul Simon;One-Trick Pony
One-Trick Pony  (Live at the Agora Theatre, Cleveland, OH - September 1979);Paul Simon;One-Trick Pony
Late in the Evening;Paul Simon;One-Trick Pony
Spiral Highway (Unreleased Soundtrack Recording) (Previously Unissued);Paul Simon;One-Trick Pony
Jonah;Paul Simon;One-Trick Pony
God Bless the Absentee;Paul Simon;One-Trick Pony
Ace in the Hole  (Live at the Agora Theatre, Cleveland, OH - September 1979);Paul Simon;One-Trick Pony
All Because of You (Outtake) (Previously Unissued);Paul Simon;One-Trick Pony
Oh, Marion;Paul Simon;One-Trick Pony
Thelma (Bonus Track);Paul Simon;The Rhythm Of The Saints
Spirit Voices;Paul Simon;The Rhythm Of The Saints
Born at the Right Time;Paul Simon;The Rhythm Of The Saints
The Coast (Work-In-Progress) (Bonus Track);Paul Simon;The Rhythm Of The Saints
She Moves On;Paul Simon;The Rhythm Of The Saints
The Rhythm of the Saints;Paul Simon;The Rhythm Of The Saints
The Cool, Cool River;Paul Simon;The Rhythm Of The Saints
Can't Run But;Paul Simon;The Rhythm Of The Saints
Proof;Paul Simon;The Rhythm Of The Saints
The Obvious Child;Paul Simon;The Rhythm Of The Saints
The Coast;Paul Simon;The Rhythm Of The Saints
Born at the Right Time (Original Acoustic Demo) (Bonus Track);Paul Simon;The Rhythm Of The Saints
Further to Fly;Paul Simon;The Rhythm Of The Saints
Spirit Voices (Work-In-Progress) (Bonus Track);Paul Simon;The Rhythm Of The Saints
Seven Psalms: The Lord / Love Is Like a Braid / My Professional Opinion / Your Forgiveness / Trail of Volcanoes / The Sacred Harp / Wait;Paul Simon;Seven Psalms
She Moves On  (Live at Central Park, New York, NY - August 15, 1991);Paul Simon;Paul Simon's Concert In The Park August 15, 1991
Born at the Right Time  (Live at Central Park, New York, NY - August 15, 1991);Paul Simon;Paul Simon's Concert In The Park August 15, 1991
I Know What I Know  (Live at Central Park, New York, NY - August 15, 1991);Paul Simon;Paul Simon's Concert In The Park August 15, 1991
The Cool, Cool River  (Live at Central Park, New York, NY - August 15, 1991);Paul Simon;Paul Simon's Concert In The Park August 15, 1991
Kodachrome  (Live at Central Park, New York, NY - August 15, 1991);Paul Simon;Paul Simon's Concert In The Park August 15, 1991
Proof  (Live at Central Park, New York, NY - August 15, 1991);Paul Simon;Paul Simon's Concert In The Park August 15, 1991
Bridge over Troubled Water  (Live at Central Park, New York, NY - August 15, 1991);Paul Simon;Paul Simon's Concert In The Park August 15, 1991
The Boy in the Bubble  (Live at Central Park, New York, NY - August 15, 1991);Paul Simon;Paul Simon's Concert In The Park August 15, 1991
Me and Julio Down by the Schoolyard  (Live at Central Park, New York, NY - August 15, 1991);Paul Simon;Paul Simon's Concert In The Park August 15, 1991
Train in the Distance  (Live at Central Park, New York, NY - August 15, 1991);Paul Simon;Paul Simon's Concert In The Park August 15, 1991
The Obvious Child  (Live at Central Park, New York, NY - August 15, 1991);Paul Simon;Paul Simon's Concert In The Park August 15, 1991
Late in the Evening  (Live at Central Park, New York, NY - August 15, 1991);Paul Simon;Paul Simon's Concert In The Park August 15, 1991
The Boxer  (Live at Central Park, New York, NY - August 15, 1991);Paul Simon;Paul Simon's Concert In The Park August 15, 1991
Cecilia  (Live at Central Park, New York, NY - August 15, 1991);Paul Simon;Paul Simon's Concert In The Park August 15, 1991
America  (Live at Central Park, New York, NY - August 15, 1991);Paul Simon;Paul Simon's Concert In The Park August 15, 1991
The Sound of Silence  (Live at Central Park, New York, NY - August 15, 1991);Paul Simon;Paul Simon's Concert In The Park August 15, 1991
The Coast  (Live at Central Park, New York, NY - August 15, 1991);Paul Simon;Paul Simon's Concert In The Park August 15, 1991
Diamonds on the Soles of Her Shoes  (Live at Central Park, New York, NY - August 15, 1991);Paul Simon;Paul Simon's Concert In The Park August 15, 1991
Loves Me Like a Rock  (Live at Central Park, New York, NY - August 15, 1991);Paul Simon;Paul Simon's Concert In The Park August 15, 1991
Hearts and Bones  (Live at Central Park, New York, NY - August 15, 1991);Paul Simon;Paul Simon's Concert In The Park August 15, 1991
Still Crazy After All These Years  (Live at Central Park, New York, NY - August 15, 1991);Paul Simon;Paul Simon's Concert In The Park August 15, 1991
You Can Call Me Al  (Live at Central Park, New York, NY - August 15, 1991);Paul Simon;Paul Simon's Concert In The Park August 15, 1991
Graceland  (Live at Central Park, New York, NY - August 15, 1991);Paul Simon;Paul Simon's Concert In The Park August 15, 1991
Rewrite;Paul Simon;So Beautiful or So What
Love & Blessings;Paul Simon;So Beautiful or So What
Question for the Angels;Paul Simon;So Beautiful or So What
Dazzling Blue;Paul Simon;So Beautiful or So What
Love and Hard Times;Paul Simon;So Beautiful or So What
So Beautiful or so What;Paul Simon;So Beautiful or So What
Getting Ready for Christmas Day;Paul Simon;So Beautiful or So What
The Afterlife;Paul Simon;So Beautiful or So What
Amulet;Paul Simon;So Beautiful or So What
Love Is Eternal Sacred Light;Paul Simon;So Beautiful or So What
In Our Lifetime (Album Version);Marvin Gaye;In Our Lifetime?
Far Cry (Album Version);Marvin Gaye;In Our Lifetime?
Love Party (Album Version);Marvin Gaye;In Our Lifetime?
Love Me Now Or Love Me Later (Album Version);Marvin Gaye;In Our Lifetime?
Funk Me (Album Version);Marvin Gaye;In Our Lifetime?
Praise;Marvin Gaye;In Our Lifetime?
Life Is For Learning (Album Version);Marvin Gaye;In Our Lifetime?
Heavy Love Affair (Single Version);Marvin Gaye;In Our Lifetime?
Time To Get It Together (Album Version);Marvin Gaye;Here, My Dear
When Did You Stop Loving Me, When Did I Stop Loving You;Marvin Gaye;Here, My Dear
Here, My Dear (Album Version);Marvin Gaye;Here, My Dear
Anna's Song (Album Version);Marvin Gaye;Here, My Dear
Sparrow (Album Version);Marvin Gaye;Here, My Dear
I Met A Little Girl (Album Version);Marvin Gaye;Here, My Dear
Is That Enough (Album Version);Marvin Gaye;Here, My Dear
You Can Leave, But It's Going To Cost You (Album Version);Marvin Gaye;Here, My Dear
Falling In Love Again (Album Version);Marvin Gaye;Here, My Dear
Everybody Needs Love (Album Version);Marvin Gaye;Here, My Dear
When Did You Stop Loving Me, When Did I Stop Loving You (Instrumental);Marvin Gaye;Here, My Dear
When Did You Stop Loving Me, When Did I Stop Loving You (Reprise);Marvin Gaye;Here, My Dear
Anger;Marvin Gaye;Here, My Dear
A Funky Space Reincarnation (Album Version);Marvin Gaye;Here, My Dear
Rockin' After Midnight (Instrumental);Marvin Gaye;Midnight Love
Joy;Marvin Gaye;Midnight Love
Sexual Healing;Marvin Gaye;Midnight Love
My Love Is Waiting;Marvin Gaye;Midnight Love
Third World Girl;Marvin Gaye;Midnight Love
Rockin' After Midnight;Marvin Gaye;Midnight Love
'Til Tomorrow;Marvin Gaye;Midnight Love
Midnight Lady;Marvin Gaye;Midnight Love
Turn on Some Music;Marvin Gaye;Midnight Love
"Theme From Trouble Man (From ""Trouble Man"" Soundtrack)";Marvin Gaye;Trouble Man
"""T"" Stands For Trouble (Alternate Version)";Marvin Gaye;Trouble Man
"""T"" Plays It Cool (From ""Trouble Man"" Soundtrack)";Marvin Gaye;Trouble Man
"Life Is A Gamble (From ""Trouble Man"" Soundtrack)";Marvin Gaye;Trouble Man
"""T"" Stands For Trouble (Unedited Vocal Version)";Marvin Gaye;Trouble Man
"Poor Abbey Walsh (From ""Trouble Man"" Soundtrack)";Marvin Gaye;Trouble Man
"Deep In  It (From ""Trouble Man"" Soundtrack)";Marvin Gaye;Trouble Man
Poor Abbey Walsh (Pt. 2 / Take 2);Marvin Gaye;Trouble Man
"""T"" Stands For Trouble (From ""Trouble Man"" Soundtrack)";Marvin Gaye;Trouble Man
Main Theme From Trouble Man (Alternate Take With Strings);Marvin Gaye;Trouble Man
Trouble Man;Marvin Gaye;Trouble Man
Main Theme From Trouble Man (Pt. 1);Marvin Gaye;Trouble Man
"Cleo's Apartment (From ""Trouble Man"" Soundtrack)";Marvin Gaye;Trouble Man
Main Theme From Trouble Man (Pt. 2);Marvin Gaye;Trouble Man
"Don't Mess With Mister ""T"" (From ""Trouble Man"" Soundtrack)";Marvin Gaye;Trouble Man
"""T"" Plays It Cool (Unedited Version)";Marvin Gaye;Trouble Man
Main Theme From Trouble Man (Vocal Version);Marvin Gaye;Trouble Man
"The Break In (Police Shoot Big) (From ""Trouble Man"" Soundtrack)";Marvin Gaye;Trouble Man
"There Goes Mister ""T"" (From ""Trouble Man"" Soundtrack)";Marvin Gaye;Trouble Man
Theme From Trouble Man (Vocal Version);Marvin Gaye;Trouble Man
Trouble Man (Extended Version);Marvin Gaye;Trouble Man
Poor Abbey Walsh (Pt. 2 / Take 1);Marvin Gaye;Trouble Man
Crap Game (A.K.A. The Break In)/Getting Rid Of Body/Talking To Angel (Trouble Man Original Film Score);Marvin Gaye;Trouble Man
Stick Up (Trouble Man Original Film Score);Marvin Gaye;Trouble Man
"""T"" Plays It Cool (Trouble Man Original Film Score)";Marvin Gaye;Trouble Man
Penthouse (Trouble Man Original Film Score);Marvin Gaye;Trouble Man
Man Tied Up/Jimmy's West/Conversation With Cleo (Trouble Man Original Film Score);Marvin Gaye;Trouble Man
Outside Police Station (Trouble Man Original Film Score);Marvin Gaye;Trouble Man
Car Ride/Looking For Pete (Trouble Man Original Film Score);Marvin Gaye;Trouble Man
Parking Garage/Elevator (Trouble Man Original Film Score);Marvin Gaye;Trouble Man
Bowling Alley Parking Lot (Trouble Man Original Film Score);Marvin Gaye;Trouble Man
"My Name Is ""T""/End Credits (Trouble Man Original Film Score)";Marvin Gaye;Trouble Man
Getting Pete (Trouble Man Original Film Score);Marvin Gaye;Trouble Man
Cleaners/Cleo (Trouble Man Original Film Score);Marvin Gaye;Trouble Man
"""T"" Cleans Up/Police Station (Trouble Man Original Film Score)";Marvin Gaye;Trouble Man
Pool Hall (Trouble Man Original Film Score);Marvin Gaye;Trouble Man
"""T"" At The Cross (Trouble Man Original Film Score)";Marvin Gaye;Trouble Man
Closing Jimmy's (Trouble Man Original Film Score);Marvin Gaye;Trouble Man
"Packing Up/Jimmy Gets Worked/Saying Goodbye/""T"" Breaks In/Movie Theater (Trouble Man Original Film Score)";Marvin Gaye;Trouble Man
Cadillac Interlude/Cleo's Apartment (Trouble Man Original Film Score);Marvin Gaye;Trouble Man
Police Break In (Trouble Man Original Film Score);Marvin Gaye;Trouble Man
Trouble Man (Trouble Man Original Film Score);Marvin Gaye;Trouble Man
After The Dance (Instrumental);Marvin Gaye;I Want You
All The Way Around;Marvin Gaye;I Want You
I Wanna Be Where You Are;Marvin Gaye;I Want You
Come Live With Me Angel;Marvin Gaye;I Want You
Feel All My Love Inside;Marvin Gaye;I Want You
Since I Had You;Marvin Gaye;I Want You
I Want You (Intro Jam 2);Marvin Gaye;I Want You
I Want You (Intro Jam 1);Marvin Gaye;I Want You
Soon I'll Be Loving You Again;Marvin Gaye;I Want You
After The Dance;Marvin Gaye;I Want You
I Want You;Marvin Gaye;I Want You
Savage In the Sack;Marvin Gaye;Dream of a Lifetime
Masochistic Beauty;Marvin Gaye;Dream of a Lifetime
Sanctified Lady;Marvin Gaye;Dream of a Lifetime
Symphony;Marvin Gaye;Dream of a Lifetime
Life's Opera;Marvin Gaye;Dream of a Lifetime
Ain't It Funny (How Things Turn Around);Marvin Gaye;Dream of a Lifetime
Dream of a Lifetime;Marvin Gaye;Dream of a Lifetime
It's Madness;Marvin Gaye;Dream of a Lifetime
Come Get To This;Marvin Gaye;Let's Get It On
If I Should Die Tonight (Unedited Version);Marvin Gaye;Let's Get It On
Distant Lover;Marvin Gaye;Let's Get It On
Let's Get It On;Marvin Gaye;Let's Get It On
Just To Keep You Satisfied (Album Version);Marvin Gaye;Let's Get It On
Keep Gettin' It On;Marvin Gaye;Let's Get It On
Please Don’t Stay (Once You Go Away) (Album Version);Marvin Gaye;Let's Get It On
You Sure Love To Ball;Marvin Gaye;Let's Get It On
Interlude #2;Marvin Gaye;Let's Get It On
Lovely Lady (Instrumental);Marvin Gaye;Let's Get It On
Come Get To This (Alternate Mix 1);Marvin Gaye;Let's Get It On
Distant Lover (Alternate Mix 1);Marvin Gaye;Let's Get It On
Let's Get It On (Pt. II);Marvin Gaye;Let's Get It On
Let's Get It On (Demo);Marvin Gaye;Let's Get It On
Interlude #1;Marvin Gaye;Let's Get It On
I Don’t Have To Get High To Do It (Instrumental);Marvin Gaye;Let's Get It On
You Sure Love To Ball (Alternate Mix 1 W/ Alternate Vocal);Marvin Gaye;Let's Get It On
If I Should Die Tonight (Demo);Marvin Gaye;Let's Get It On
I Knew One Day My Day Would Come (Instrumental);Marvin Gaye;Let's Get It On
Just To Keep You Satisfied (A Cappella W/ Alternative Vocal);Marvin Gaye;Let's Get It On
If I Should Die Tonight (SaLaAm ReMi's Piano Mix);Marvin Gaye;Let's Get It On
Just To Keep You Satisfied (John Morales's Stripped Mix);Marvin Gaye;Let's Get It On
Please Don’t Stay (Once You Go Away) (Alternate Mix 1);Marvin Gaye;Let's Get It On
If I Should Die Tonight;Marvin Gaye;Let's Get It On
You Sure Love To Ball (Single Version);Marvin Gaye;Let's Get It On
Let's Get It On (Single Version);Marvin Gaye;Let's Get It On
Song #1 (Instrumental);Marvin Gaye;Let's Get It On
Shake Well (Instrumental);Marvin Gaye;Let's Get It On
My Love Is Growing;Marvin Gaye;Let's Get It On
Perfection (Instrumental);Marvin Gaye;Let's Get It On
Cakes (Instrumental);Marvin Gaye;Let's Get It On
Song #4 (Instrumental / Partial Vocal);Marvin Gaye;Let's Get It On
Song #3 (Instrumental);Marvin Gaye;Let's Get It On
Song #2 (Instrumental);Marvin Gaye;Let's Get It On
Why Did I Choose You (1973 Version);Marvin Gaye;Let's Get It On
This Will Make You Laugh (1973 Version);Marvin Gaye;Let's Get It On
Funny, Not Much (1973 Version);Marvin Gaye;Let's Get It On
She Needs Me (1973 Version);Marvin Gaye;Let's Get It On
The Shadow Of Your Smile (1973 Version);Marvin Gaye;Let's Get It On
I Won't Cry Anymore (1973 Version);Marvin Gaye;Let's Get It On
I Wish I Didn’t Love You So (1973 Version);Marvin Gaye;Let's Get It On
God Is Love;Marvin Gaye;What's Going On
Right On;Marvin Gaye;What's Going On
Wholy Holy;Marvin Gaye;What's Going On
Save The Children;Marvin Gaye;What's Going On
What's Happening Brother;Marvin Gaye;What's Going On
Mercy Mercy Me (The Ecology);Marvin Gaye;What's Going On
What's Going On;Marvin Gaye;What's Going On
Flyin' High (In The Friendly Sky);Marvin Gaye;What's Going On
Inner City Blues (Make Me Wanna Holler);Marvin Gaye;What's Going On
Sad Tomorrows (Single Version / Stereo);Marvin Gaye;What's Going On
What's Going On (Mono Single Version);Marvin Gaye;What's Going On
God Is Love (Mono Single Version);Marvin Gaye;What's Going On
Soul Of The People;Nicola Conte;Umoja
Dance Of Love & Peace (Part. 2);Nicola Conte;Umoja
Arise (Instrumental);Nicola Conte;Umoja
Flying Circles;Nicola Conte;Umoja
Life Forces;Nicola Conte;Umoja
Umoja Unity;Nicola Conte;Umoja
Into The Light Of Love (Instrumental);Nicola Conte;Umoja
Freedom & Progress;Nicola Conte;Umoja
Into The Light Of Love;Nicola Conte;Umoja
Heritage;Nicola Conte;Umoja
Arise;Nicola Conte;Umoja
Dance Of Love And Peace (Part 1);Nicola Conte;Umoja
Devorzhum (Remastered);Dead Can Dance;Spiritchaser
Song of the Nile (Remastered);Dead Can Dance;Spiritchaser
Nierika (Remastered);Dead Can Dance;Spiritchaser
Dedicacé Outò (Remastered);Dead Can Dance;Spiritchaser
Song of the Stars (Remastered);Dead Can Dance;Spiritchaser
The Snake and the Moon (Remastered);Dead Can Dance;Spiritchaser
Indus (Remastered);Dead Can Dance;Spiritchaser
Song of the Dispossessed (Remastered);Dead Can Dance;Spiritchaser
ACT I : Sea Borne - Liberator of Minds - Dance of the Bacchantes;Dead Can Dance;Dionysus
ACT II : The Mountain - The Invocation - The Forest - Psychopomp;Dead Can Dance;Dionysus
Babylon (Live from Olympia Theatre, Dublin, Ireland. March 10th, 2005);Dead Can Dance;Live from Olympia Theatre, Dublin, Ireland. March 10th, 2005
The Love That Cannot Be (Live from Olympia Theatre, Dublin, Ireland. March 10th, 2005);Dead Can Dance;Live from Olympia Theatre, Dublin, Ireland. March 10th, 2005
Salem's Lot (Live from Olympia Theatre, Dublin, Ireland. March 10th, 2005);Dead Can Dance;Live from Olympia Theatre, Dublin, Ireland. March 10th, 2005
Minus Sanctus (Live from Olympia Theatre, Dublin, Ireland. March 10th, 2005);Dead Can Dance;Live from Olympia Theatre, Dublin, Ireland. March 10th, 2005
Saltarello (Live from Olympia Theatre, Dublin, Ireland. March 10th, 2005);Dead Can Dance;Live from Olympia Theatre, Dublin, Ireland. March 10th, 2005
Nierika (Live from Olympia Theatre, Dublin, Ireland. March 10th, 2005);Dead Can Dance;Live from Olympia Theatre, Dublin, Ireland. March 10th, 2005
American Dreaming (Live from Olympia Theatre, Dublin, Ireland. March 10th, 2005);Dead Can Dance;Live from Olympia Theatre, Dublin, Ireland. March 10th, 2005
Yulunga (Live from Olympia Theatre, Dublin, Ireland. March 10th, 2005);Dead Can Dance;Live from Olympia Theatre, Dublin, Ireland. March 10th, 2005
The Ubiquitous Mr. Lovegrove (Live from Olympia Theatre, Dublin, Ireland. March 10th, 2005);Dead Can Dance;Live from Olympia Theatre, Dublin, Ireland. March 10th, 2005
Yamyinar (Live from Olympia Theatre, Dublin, Ireland. March 10th, 2005);Dead Can Dance;Live from Olympia Theatre, Dublin, Ireland. March 10th, 2005
Crescent (Live from Olympia Theatre, Dublin, Ireland. March 10th, 2005);Dead Can Dance;Live from Olympia Theatre, Dublin, Ireland. March 10th, 2005
Severance (Live from Olympia Theatre, Dublin, Ireland. March 10th, 2005);Dead Can Dance;Live from Olympia Theatre, Dublin, Ireland. March 10th, 2005
Dreams Made Flesh (Live from Olympia Theatre, Dublin, Ireland. March 10th, 2005);Dead Can Dance;Live from Olympia Theatre, Dublin, Ireland. March 10th, 2005
Hymn for the Fallen (Live from Olympia Theatre, Dublin, Ireland. March 10th, 2005);Dead Can Dance;Live from Olympia Theatre, Dublin, Ireland. March 10th, 2005
The Wind That Shakes the Barley (Live from Olympia Theatre, Dublin, Ireland. March 10th, 2005);Dead Can Dance;Live from Olympia Theatre, Dublin, Ireland. March 10th, 2005
Rakim (Live from Olympia Theatre, Dublin, Ireland. March 10th, 2005);Dead Can Dance;Live from Olympia Theatre, Dublin, Ireland. March 10th, 2005
The Lotus Eaters (Live from Olympia Theatre, Dublin, Ireland. March 10th, 2005);Dead Can Dance;Live from Olympia Theatre, Dublin, Ireland. March 10th, 2005
I Can See Now (Live from Olympia Theatre, Dublin, Ireland. March 10th, 2005);Dead Can Dance;Live from Olympia Theatre, Dublin, Ireland. March 10th, 2005
Black Sun (Live from Olympia Theatre, Dublin, Ireland. March 10th, 2005);Dead Can Dance;Live from Olympia Theatre, Dublin, Ireland. March 10th, 2005
Sanvean (Live from Olympia Theatre, Dublin, Ireland. March 10th, 2005);Dead Can Dance;Live from Olympia Theatre, Dublin, Ireland. March 10th, 2005
Tell Me About the Forest (You Once Called Home) (Remastered);Dead Can Dance;Into the Labyrinth
The Wind That Shakes the Barley (Remastered);Dead Can Dance;Into the Labyrinth
The Ubiquitous Mr. Lovegrove (Remastered);Dead Can Dance;Into the Labyrinth
The Carnival Is Over (Remastered);Dead Can Dance;Into the Labyrinth
The Spider's Stratagem (Remastered);Dead Can Dance;Into the Labyrinth
Saldek (Remastered);Dead Can Dance;Into the Labyrinth
Towards the Within (Remastered);Dead Can Dance;Into the Labyrinth
Emmeleia (Remastered);Dead Can Dance;Into the Labyrinth
How Fortunate the Man With None (Remastered);Dead Can Dance;Into the Labyrinth
Yulunga (Spirit Dance);Dead Can Dance;Into the Labyrinth
Ariadne (Remastered);Dead Can Dance;Into the Labyrinth
Opium;Dead Can Dance;Anastasis
Kiko;Dead Can Dance;Anastasis
All in Good Time;Dead Can Dance;Anastasis
Amnesia;Dead Can Dance;Anastasis
Anabasis;Dead Can Dance;Anastasis
Children of the Sun;Dead Can Dance;Anastasis
Return of the She-King;Dead Can Dance;Anastasis
Agape;Dead Can Dance;Anastasis
Birdland;Patti Smith;Horses (50th Anniversary)
Elegie;Patti Smith;Horses (50th Anniversary)
Break It Up;Patti Smith;Horses (50th Anniversary)
Land: Horses / Land of a Thousand Dances / La Mer(de);Patti Smith;Horses (50th Anniversary)
Kimberly;Patti Smith;Horses (50th Anniversary)
Free Money;Patti Smith;Horses (50th Anniversary)
Redondo Beach;Patti Smith;Horses (50th Anniversary)
Gloria: In Excelsis Deo;Patti Smith;Horses (50th Anniversary)
We Three;Patti Smith;Horses (50th Anniversary)
Birdland  (Alternate Take);Patti Smith;Horses (50th Anniversary)
The Hunter Gets Captured by The Game;Patti Smith;Horses (50th Anniversary)
Snowball;Patti Smith;Horses (50th Anniversary)
Break It Up  (Alternate Take);Patti Smith;Horses (50th Anniversary)
Distant Fingers;Patti Smith;Horses (50th Anniversary)
Kimberly  (Alternate Take);Patti Smith;Horses (50th Anniversary)
Redondo Beach  (RCA Demo);Patti Smith;Horses (50th Anniversary)
Gloria: In Excelsis Deo  (RCA Demo);Patti Smith;Horses (50th Anniversary)
A Reassuringly Dull Sunday (Remastered 2003);Rain Tree Crow;Rain Tree Crow
Blackwater (Remastered 2003);Rain Tree Crow;Rain Tree Crow
Blackcrow Hits Shoe Shine City (Remastered 2003);Rain Tree Crow;Rain Tree Crow
Red Earth (As Summertime Ends) (Remastered 2003);Rain Tree Crow;Rain Tree Crow
I Drink To Forget (Remastered 2003);Rain Tree Crow;Rain Tree Crow
Rain Tree Crow (Remastered 2003);Rain Tree Crow;Rain Tree Crow
Cries And Whispers (Remastered 2003);Rain Tree Crow;Rain Tree Crow
Scratchings On The Bible Belt (Remastered 2003);Rain Tree Crow;Rain Tree Crow
New Moon At Red Deer Wallow (Remastered 2003);Rain Tree Crow;Rain Tree Crow
Big Wheels In Shanty Town (Remastered 2003);Rain Tree Crow;Rain Tree Crow
Pocket Full Of Change (Remastered 2003);Rain Tree Crow;Rain Tree Crow
Boat's For Burning (Remastered 2003);Rain Tree Crow;Rain Tree Crow
Every Colour You Are (Remastered 2003);Rain Tree Crow;Rain Tree Crow
Heatwave;Bronski Beat;The Age of Consent
Why ?;Bronski Beat;The Age of Consent
Puit d'amour;Bronski Beat;The Age of Consent
No More War;Bronski Beat;The Age of Consent
I Feel Love;Bronski Beat;The Age of Consent
Heatwave  (Remix);Bronski Beat;The Age of Consent
Junk;Bronski Beat;The Age of Consent
Smalltown Boy;Bronski Beat;The Age of Consent
Need a Man Blues;Bronski Beat;The Age of Consent
Love and Money;Bronski Beat;The Age of Consent
Memories;Bronski Beat;The Age of Consent
Run From Love  (Remix);Bronski Beat;The Age of Consent
Hard Rain  (Remix);Bronski Beat;The Age of Consent
Screaming;Bronski Beat;The Age of Consent
I Feel Love  (Medley);Bronski Beat;The Age of Consent
It Ain't Necessarily So;Bronski Beat;The Age of Consent
Obsession (Vocal);Sarah Vaughan;Brazilian Romance
Make This City Ours Tonight (Vocal);Sarah Vaughan;Brazilian Romance
Nothing Will Be As It Was (Vocal);Sarah Vaughan;Brazilian Romance
Love And Passion (Vocal);Sarah Vaughan;Brazilian Romance
Wanting More (Vocal);Sarah Vaughan;Brazilian Romance
Your Smile (Vocal);Sarah Vaughan;Brazilian Romance
Romance (Vocal);Sarah Vaughan;Brazilian Romance
It's Simple (Vocal);Sarah Vaughan;Brazilian Romance
So Many Stars (Album Version);Sarah Vaughan;Brazilian Romance
Photograph (Vocal);Sarah Vaughan;Brazilian Romance
When Love Walks In;Mick Karn;Dreams Of Reason Produce Monsters
Buoy;Mick Karn;Dreams Of Reason Produce Monsters
Dreams Of Reason;Mick Karn;Dreams Of Reason Produce Monsters
The Three Fates;Mick Karn;Dreams Of Reason Produce Monsters
Language Of Ritual;Mick Karn;Dreams Of Reason Produce Monsters
Answer;Mick Karn;Dreams Of Reason Produce Monsters
First Impression;Mick Karn;Dreams Of Reason Produce Monsters
Land;Mick Karn;Dreams Of Reason Produce Monsters
Caroline Says I;Lou Reed;Berlin
Lady Day;Lou Reed;Berlin
Caroline Says II;Lou Reed;Berlin
Oh Jim;Lou Reed;Berlin
The Kids;Lou Reed;Berlin
How Do You Think It Feels;Lou Reed;Berlin
The Bed;Lou Reed;Berlin
Berlin  (1973 Version);Lou Reed;Berlin
Sad Song;Lou Reed;Berlin
Men of Good Fortune;Lou Reed;Berlin
Harry's Circumcision (Reverie Gone Astray);Lou Reed;Magic and Loss
Gassed and Stoned (Loss);Lou Reed;Magic and Loss
Goodby Mass (In a Chapel Bodily Termination);Lou Reed;Magic and Loss
Magician (Internally);Lou Reed;Magic and Loss
Sword of Damocles (Externally);Lou Reed;Magic and Loss
Power and Glory (The Situation);Lou Reed;Magic and Loss
Dreamin' - Escape;Lou Reed;Magic and Loss
What's Good (The Thesis);Lou Reed;Magic and Loss
Magic and Loss (Summation);Lou Reed;Magic and Loss
Cremation (Ashes to Ashes);Lou Reed;Magic and Loss
Warrior King (Revenge);Lou Reed;Magic and Loss
No Chance (Regret);Lou Reed;Magic and Loss
Dorita - The Spirit;Lou Reed;Magic and Loss
Power and Glory Pat II (Magic Transformation);Lou Reed;Magic and Loss
Hold On  (2020 Remaster);Lou Reed;New York 
Sick of You  (2020 Remaster);Lou Reed;New York 
There Is No Time  (2020 Remaster);Lou Reed;New York 
Beginning of a Great Adventure  (2020 Remaster);Lou Reed;New York 
Last Great American Whale  (2020 Remaster);Lou Reed;New York 
Xmas in February  (2020 Remaster);Lou Reed;New York 
Dime Store Mystery  (2020 Remaster);Lou Reed;New York 
Good Evening Mr. Waldeheim  (2020 Remaster);Lou Reed;New York 
Halloween Parade  (2020 Remaster);Lou Reed;New York 
Endless Cycle  (2020 Remaster);Lou Reed;New York 
Romeo Had Juliette  (2020 Remaster);Lou Reed;New York 
Strawman  (2020 Remaster);Lou Reed;New York 
Dirty Blvd.  (2020 Remaster);Lou Reed;New York 
Busload of Faith  (2020 Remaster);Lou Reed;New York 
Hold On  (Rough Mix);Lou Reed;New York 
Sick of You  (Rough Mix);Lou Reed;New York 
Sick of You  (Work Tape);Lou Reed;New York 
Dirty Blvd.  (Work Tape);Lou Reed;New York 
Busload of Faith  (Acoustic Version);Lou Reed;New York 
Sweet Jane  (Live Encore at The Mosque, Richmond, VA, 8/8/1989);Lou Reed;New York 
Beginning of a Great Adventure  (Rough Mix);Lou Reed;New York 
Walk on the Wild Side  (Live Encore at The Mosque, Richmond, VA, 8/8/1989);Lou Reed;New York 
Last Great American Whale  (Work Tape);Lou Reed;New York 
The Room;Lou Reed;New York 
Endless Cycle  (Work Tape);Lou Reed;New York 
Romeo Had Juliette  (Single Version);Lou Reed;New York 
Strawman  (Rough Mix);Lou Reed;New York 
Dirty Blvd.  (Rough Mix);Lou Reed;New York 
Hold On  (Live at the Mosque, Richmond, VA, 8/8/1989);Lou Reed;New York 
Sick of You  (Live at the Tower Theatre, Upper Darby, PA, 3/17/1989);Lou Reed;New York 
There Is No Time  (Live at The Mosque, Richmond, VA, 8/8/1989);Lou Reed;New York 
Dirty Blvd. (Live at Wembley Arena, London, UK, 7/14/1989) (Live at Wembley Arena, London, UK, 7/14/89);Lou Reed;New York 
Beginning of a Great Adventure  (Live at Wembley Arena, London, UK, 7/4/1989);Lou Reed;New York 
Last Great American Whale  (Live at The Mosque, Richmond, VA, 8/8/1989);Lou Reed;New York 
Xmas in February  (Live at Joseph Meyerhoff Symphony Hall, Baltimore, MD, 3/16/1989);Lou Reed;New York 
Dime Store Mystery  (Live at the Mosque, Richmond, VA, 8/8/1989);Lou Reed;New York 
Romeo Had Juliette (Live at Warner Theatre, Washington, DC, 3/14/1989) (Live at Warner Theatre, Washington, DC 3/14/1989);Lou Reed;New York 
Halloween Parade  (Live at Joseph Meyerhoff Symphony Hall, Baltimore, MD, 3/16/1989);Lou Reed;New York 
Endless Cycle  (Live at the Warner Theatre, Washington, DC, 3/14/1989);Lou Reed;New York 
Good Evening Mr. Waldheim  (Live at Joseph Meyerhoff Symphony Hall, Baltimore, MD, 3/16/1989);Lou Reed;New York 
Strawman  (Live at Wembley Arena, London, UK, 7/4/1989);Lou Reed;New York 
Busload of Faith  (Live at the Falconer Theatre, Copenhagen, Denmark, 6/9/1989);Lou Reed;New York 
Crazy Feeling;Lou Reed;Coney Island Baby
Ooohhh Baby;Lou Reed;Coney Island Baby
She's My Best Friend;Lou Reed;Coney Island Baby
Coney Island Baby;Lou Reed;Coney Island Baby
Nobody's Business;Lou Reed;Coney Island Baby
Charley's Girl;Lou Reed;Coney Island Baby
Kicks;Lou Reed;Coney Island Baby
A Gift;Lou Reed;Coney Island Baby
Work;Lou Reed;Songs For Drella
Starlight;Lou Reed;Songs For Drella
Trouble with Classicists;Lou Reed;Songs For Drella
Hello It's Me;Lou Reed;Songs For Drella
Smalltown;Lou Reed;Songs For Drella
Open House;Lou Reed;Songs For Drella
Images;Lou Reed;Songs For Drella
Faces and Names;Lou Reed;Songs For Drella
Nobody but You;Lou Reed;Songs For Drella
Style It Takes;Lou Reed;Songs For Drella
A Dream;Lou Reed;Songs For Drella
It Wasn't Me;Lou Reed;Songs For Drella
I Believe;Lou Reed;Songs For Drella
Slip Away (A Warning);Lou Reed;Songs For Drella
Forever Changed;Lou Reed;Songs For Drella
Goodnight Ladies;Lou Reed;Transformer
Perfect Day;Lou Reed;Transformer
Satellite of Love;Lou Reed;Transformer
Walk On the Wild Side;Lou Reed;Transformer
I'm So Free;Lou Reed;Transformer
Hangin' 'Round;Lou Reed;Transformer
Make Up;Lou Reed;Transformer
Vicious;Lou Reed;Transformer
New York Telephone Conversation;Lou Reed;Transformer
Wagon Wheel;Lou Reed;Transformer
Andy's Chest;Lou Reed;Transformer
Love;The Dream Academy;A Different Kind of Weather
Lowlands;The Dream Academy;A Different Kind of Weather
Waterloo;The Dream Academy;A Different Kind of Weather
Mercy Killing;The Dream Academy;A Different Kind of Weather
Forest Fire;The Dream Academy;A Different Kind of Weather
Lucy September;The Dream Academy;A Different Kind of Weather
It'll Never Happen Again;The Dream Academy;A Different Kind of Weather
Gaby Says;The Dream Academy;A Different Kind of Weather
Twelve-Eight Angel;The Dream Academy;A Different Kind of Weather
Not for Second Prize;The Dream Academy;A Different Kind of Weather
St. Valentine's Day;The Dream Academy;A Different Kind of Weather
Christmas in Surburbia;Martin Newell;The Greatest Living Englishman
The Green-Gold Girl of Summer;Martin Newell;The Greatest Living Englishman
She Rings the Changes;Martin Newell;The Greatest Living Englishman
The Jangling Man;Martin Newell;The Greatest Living Englishman
Straight to You Boy;Martin Newell;The Greatest Living Englishman
A Street Called Prospect;Martin Newell;The Greatest Living Englishman
We'll Build a House;Martin Newell;The Greatest Living Englishman
Before The Hurricane;Martin Newell;The Greatest Living Englishman
Home Counties Boy;Martin Newell;The Greatest Living Englishman
Tribute to the Greatest Living Englishman;Martin Newell;The Greatest Living Englishman
Goodbye Dreaming Fields;Martin Newell;The Greatest Living Englishman
An Englishmans Home;Martin Newell;The Greatest Living Englishman
It Clearly Matters To You;The Cowboy Mouth;Faultlines
Burning Bridges;The Cowboy Mouth;Faultlines
Haunt You;The Cowboy Mouth;Faultlines
Fool Again;The Cowboy Mouth;Faultlines
Yeah Yeah Yeah;The Cowboy Mouth;Faultlines
The Swimmer;The Cowboy Mouth;Faultlines
Following You;The Cowboy Mouth;Faultlines
Faultline;The Cowboy Mouth;Faultlines
Favourite Son;The Cowboy Mouth;Faultlines
Poster Boy;The Cowboy Mouth;Faultlines
Sight Of The Wind;Robert Wyatt;Dondestan (Revisited)
Lisp Service;Robert Wyatt;Dondestan (Revisited)
Shrinkrap;Robert Wyatt;Dondestan (Revisited)
Costa (Memories Of Under-Development);Robert Wyatt;Dondestan (Revisited)
Catholic Architecture;Robert Wyatt;Dondestan (Revisited)
Left On Man;Robert Wyatt;Dondestan (Revisited)
N.I.O. (New Information Order);Robert Wyatt;Dondestan (Revisited)
Worship;Robert Wyatt;Dondestan (Revisited)
CP Jeebies;Robert Wyatt;Dondestan (Revisited)
Dondestan;Robert Wyatt;Dondestan (Revisited)
Solar Flares;Robert Wyatt;Ruth Is Stranger Than Richard
Song for Che;Robert Wyatt;Ruth Is Stranger Than Richard
Muddy Mouse (a);Robert Wyatt;Ruth Is Stranger Than Richard
Muddy Mouse (b);Robert Wyatt;Ruth Is Stranger Than Richard
Soup Song;Robert Wyatt;Ruth Is Stranger Than Richard
Muddy Mouse (c) which in turn leads to Muddy Mouth;Robert Wyatt;Ruth Is Stranger Than Richard
5 Black Notes And 1 White Note;Robert Wyatt;Ruth Is Stranger Than Richard
Team Spirit;Robert Wyatt;Ruth Is Stranger Than Richard
Sonia;Robert Wyatt;Ruth Is Stranger Than Richard
Beware;Robert Wyatt;Cuckooland
Mister E;Robert Wyatt;Cuckooland
Tom Hay's Fox;Robert Wyatt;Cuckooland
Trickle Down;Robert Wyatt;Cuckooland
Lullaby For Hamza;Robert Wyatt;Cuckooland
Just A Bit;Robert Wyatt;Cuckooland
Old Europe;Robert Wyatt;Cuckooland
Insensatez;Robert Wyatt;Cuckooland
Lullaloop;Robert Wyatt;Cuckooland
Life Is Sheep;Robert Wyatt;Cuckooland
Brian The Fox;Robert Wyatt;Cuckooland
La Ahada Yalam;Robert Wyatt;Cuckooland
Cuckoo Madame;Robert Wyatt;Cuckooland
Raining In My Heart;Robert Wyatt;Cuckooland
Forest;Robert Wyatt;Cuckooland
Foreign Accents;Robert Wyatt;Cuckooland
Strange Fruit;Robert Wyatt;Nothing Can Stop Us
At Last I Am Free;Robert Wyatt;Nothing Can Stop Us
Trade Union;Robert Wyatt;Nothing Can Stop Us
Stalin Wasn't Stallin';Robert Wyatt;Nothing Can Stop Us
Red Flag;Robert Wyatt;Nothing Can Stop Us
Caimanera;Robert Wyatt;Nothing Can Stop Us
Arauco;Robert Wyatt;Nothing Can Stop Us
Born Again Cretin;Robert Wyatt;Nothing Can Stop Us
Grass;Robert Wyatt;Nothing Can Stop Us
Stalingrad;Robert Wyatt;Nothing Can Stop Us
Gharbzadegi;Robert Wyatt;Old Rottenhat
East Timor;Robert Wyatt;Old Rottenhat
The British Road;Robert Wyatt;Old Rottenhat
P.L.A.;Robert Wyatt;Old Rottenhat
The Age Of Self;Robert Wyatt;Old Rottenhat
Mass Medium;Robert Wyatt;Old Rottenhat
The United States Of Amnesia;Robert Wyatt;Old Rottenhat
Alliance;Robert Wyatt;Old Rottenhat
Vandalusia;Robert Wyatt;Old Rottenhat
Speechless (Instrumental);Robert Wyatt;Old Rottenhat
To Carla, Marsha and Caroline (For Making Everything Beautifuller);Robert Wyatt;The End Of An Ear
To Caravan and Brother Jim;Robert Wyatt;The End Of An Ear
Las Vegas Tango, Pt. 1;Robert Wyatt;The End Of An Ear
To Oz Alien Daevyd and Gilly;Robert Wyatt;The End Of An Ear
To Mark Everywhere;Robert Wyatt;The End Of An Ear
To Nick Everyone;Robert Wyatt;The End Of An Ear
Las Vegas Tango, Pt. 1 (Repeat);Robert Wyatt;The End Of An Ear
To the Old World (Thank You for the Use of Your Body, Goodbye);Robert Wyatt;The End Of An Ear
To Saintly Bridget;Robert Wyatt;The End Of An Ear
Out Of Season;Robert Wyatt;Shleep
The Whole Point Of No Return;Robert Wyatt;Shleep
Alien;Robert Wyatt;Shleep
A Sunday In Madrid;Robert Wyatt;Shleep
Blues In Bob Minor;Robert Wyatt;Shleep
The Duchess;Robert Wyatt;Shleep
Free Will And Testament;Robert Wyatt;Shleep
Heaps Of Sheeps;Robert Wyatt;Shleep
September The Ninth;Robert Wyatt;Shleep
Maryan;Robert Wyatt;Shleep
Was A Friend;Robert Wyatt;Shleep
A Last Straw;Robert Wyatt;Rock Bottom
Alife;Robert Wyatt;Rock Bottom
Alifib;Robert Wyatt;Rock Bottom
Little Red Robin Hood Hit The Road;Robert Wyatt;Rock Bottom
Little Red Riding Hood Hit The Road;Robert Wyatt;Rock Bottom
Sea Song;Robert Wyatt;Rock Bottom
A.W.O.L.;Robert Wyatt;Comicopera
Just As You Are;Robert Wyatt;Comicopera
Cancion De Julieta;Robert Wyatt;Comicopera
Pastafari;Robert Wyatt;Comicopera
Stay Tuned;Robert Wyatt;Comicopera
Out Of The Blue;Robert Wyatt;Comicopera
Fragment;Robert Wyatt;Comicopera
Del Mondo;Robert Wyatt;Comicopera
Hasta Siempre Comandante;Robert Wyatt;Comicopera
Anachronist;Robert Wyatt;Comicopera
On The Town Square;Robert Wyatt;Comicopera
Be Serious;Robert Wyatt;Comicopera
You You;Robert Wyatt;Comicopera
A Beautiful War;Robert Wyatt;Comicopera
Mob Rule;Robert Wyatt;Comicopera
A Beautiful Peace;Robert Wyatt;Comicopera
Hello Sunshine;Bruce Springsteen;Western Stars
There Goes My Miracle;Bruce Springsteen;Western Stars
Sundown;Bruce Springsteen;Western Stars
Somewhere North of Nashville;Bruce Springsteen;Western Stars
Drive Fast (The Stuntman);Bruce Springsteen;Western Stars
Hitch Hikin';Bruce Springsteen;Western Stars
Western Stars;Bruce Springsteen;Western Stars
Stones;Bruce Springsteen;Western Stars
Sleepy Joe's Café;Bruce Springsteen;Western Stars
The Wayfarer;Bruce Springsteen;Western Stars
Moonlight Motel;Bruce Springsteen;Western Stars
Chasin' Wild Horses;Bruce Springsteen;Western Stars
Tucson Train;Bruce Springsteen;Western Stars
Adam Raised A Cain (Live);Bruce Springsteen;Bruce Springsteen & The E Street Band Live 1975-85
Spirit in the Night (Live);Bruce Springsteen;Bruce Springsteen & The E Street Band Live 1975-85
Raise Your Hand (Live);Bruce Springsteen;Bruce Springsteen & The E Street Band Live 1975-85
It's Hard To Be A Saint In The City (Live);Bruce Springsteen;Bruce Springsteen & The E Street Band Live 1975-85
Fire (Live);Bruce Springsteen;Bruce Springsteen & The E Street Band Live 1975-85
4Th Of July, Asbury Park (Sandy) (Live);Bruce Springsteen;Bruce Springsteen & The E Street Band Live 1975-85
Backstreets (Live);Bruce Springsteen;Bruce Springsteen & The E Street Band Live 1975-85
"Paradise By The ""C"" (Live)";Bruce Springsteen;Bruce Springsteen & The E Street Band Live 1975-85
Rosalita (Come Out Tonight) (Live);Bruce Springsteen;Bruce Springsteen & The E Street Band Live 1975-85
Growin' Up (Live);Bruce Springsteen;Bruce Springsteen & The E Street Band Live 1975-85
Thunder Road (Live);Bruce Springsteen;Bruce Springsteen & The E Street Band Live 1975-85
Two Hearts (Live);Bruce Springsteen;Bruce Springsteen & The E Street Band Live 1975-85
Hungry Heart (Live);Bruce Springsteen;Bruce Springsteen & The E Street Band Live 1975-85
Jersey Girl (Live);Bruce Springsteen;Bruce Springsteen & The E Street Band Live 1975-85
Bobby Jean (Live);Bruce Springsteen;Bruce Springsteen & The E Street Band Live 1975-85
War (Live);Bruce Springsteen;Bruce Springsteen & The E Street Band Live 1975-85
My Hometown (Live);Bruce Springsteen;Bruce Springsteen & The E Street Band Live 1975-85
Darlington County (Live);Bruce Springsteen;Bruce Springsteen & The E Street Band Live 1975-85
Born To Run (Live);Bruce Springsteen;Bruce Springsteen & The E Street Band Live 1975-85
I'm On Fire (Live);Bruce Springsteen;Bruce Springsteen & The E Street Band Live 1975-85
No Surrender (Live);Bruce Springsteen;Bruce Springsteen & The E Street Band Live 1975-85
Cover Me (Live);Bruce Springsteen;Bruce Springsteen & The E Street Band Live 1975-85
Tenth Avenue Freeze-Out (Live);Bruce Springsteen;Bruce Springsteen & The E Street Band Live 1975-85
The River (Live);Bruce Springsteen;Bruce Springsteen & The E Street Band Live 1975-85
The Promised Land (Live);Bruce Springsteen;Bruce Springsteen & The E Street Band Live 1975-85
Working On The Highway (Live);Bruce Springsteen;Bruce Springsteen & The E Street Band Live 1975-85
Darkness On The Edge Of Town (Live);Bruce Springsteen;Bruce Springsteen & The E Street Band Live 1975-85
Seeds (Live);Bruce Springsteen;Bruce Springsteen & The E Street Band Live 1975-85
Cadillac Ranch (Live);Bruce Springsteen;Bruce Springsteen & The E Street Band Live 1975-85
Racing In The Street (Live);Bruce Springsteen;Bruce Springsteen & The E Street Band Live 1975-85
You Can Look (But You Better Not Touch) (Live);Bruce Springsteen;Bruce Springsteen & The E Street Band Live 1975-85
Born In The U.S.A. (Live);Bruce Springsteen;Bruce Springsteen & The E Street Band Live 1975-85
Candy's Room (Live);Bruce Springsteen;Bruce Springsteen & The E Street Band Live 1975-85
This Land is Your Land (Live);Bruce Springsteen;Bruce Springsteen & The E Street Band Live 1975-85
Nebraska (Live);Bruce Springsteen;Bruce Springsteen & The E Street Band Live 1975-85
Because the Night (Live);Bruce Springsteen;Bruce Springsteen & The E Street Band Live 1975-85
Reason To Believe (Live);Bruce Springsteen;Bruce Springsteen & The E Street Band Live 1975-85
Independence Day (Live);Bruce Springsteen;Bruce Springsteen & The E Street Band Live 1975-85
Johnny 99 (Live);Bruce Springsteen;Bruce Springsteen & The E Street Band Live 1975-85
Badlands (Live);Bruce Springsteen;Bruce Springsteen & The E Street Band Live 1975-85
Growin' Up  (Live at the Point Theatre, Dublin, Ireland - November 2006);Bruce Springsteen;Live In Dublin
Erie Canal  (Live at the Point Theatre, Dublin, Ireland - November 2006);Bruce Springsteen;Live In Dublin
This Little Light of Mine  (Live at the Point Theatre, Dublin, Ireland - November 2006);Bruce Springsteen;Live In Dublin
My City of Ruins  (Live at the Point Theatre, Dublin, Ireland - November 2006);Bruce Springsteen;Live In Dublin
American Land  (Live at the Point Theatre, Dublin, Ireland - November 2006);Bruce Springsteen;Live In Dublin
Love of the Common People  (Live at the Point Theatre, Dublin, Ireland - November 2006);Bruce Springsteen;Live In Dublin
For You  (Live at the Point Theatre, Dublin, Ireland - November 2006);Bruce Springsteen;Live In Dublin
Pay Me My Money Down  (Live at the Point Theatre, Dublin, Ireland - November 2006);Bruce Springsteen;Live In Dublin
Johnny 99  (Live at the Point Theatre, Dublin, Ireland - November 2006);Bruce Springsteen;Live In Dublin
Eyes on the Prize  (Live at the Point Theatre, Dublin, Ireland - November 2006);Bruce Springsteen;Live In Dublin
Long Time Comin'  (Live at the Point Theatre, Dublin, Ireland - November 2006);Bruce Springsteen;Live In Dublin
Blinded By The Light - The Song  (Live at the Point Theatre, Dublin, Ireland - November 2006);Bruce Springsteen;Live In Dublin
Further On (Up the Road)  (Live at the Point Theatre, Dublin, Ireland - November 2006);Bruce Springsteen;Live In Dublin
Jacob's Ladder  (Live at the Point Theatre, Dublin, Ireland - November 2006);Bruce Springsteen;Live In Dublin
When the Saints Go Marching In  (Live at the Point Theatre, Dublin, Ireland - November 2006);Bruce Springsteen;Live In Dublin
Mrs. McGrath  (Live at the Point Theatre, Dublin, Ireland - November 2006);Bruce Springsteen;Live In Dublin
O Mary Don't You Weep  (Live at the Point Theatre, Dublin, Ireland - November 2006);Bruce Springsteen;Live In Dublin
How Can a Poor Man Stand Such Times and Live  (Live at the Point Theatre, Dublin, Ireland - November 2006);Bruce Springsteen;Live In Dublin
Highway Patrolman  (Live at the Point Theatre, Dublin, Ireland - November 2006);Bruce Springsteen;Live In Dublin
Open All Night  (Live at the Point Theatre, Dublin, Ireland - November 2006);Bruce Springsteen;Live In Dublin
If I Should Fall Behind  (Live at the Point Theatre, Dublin, Ireland - November 2006);Bruce Springsteen;Live In Dublin
The Ghost of Tom Joad  (Live at the Point Theatre, Dublin, Ireland - November 2006);Bruce Springsteen;Live In Dublin
Old Dan Tucker  (Live at the Point Theatre, Dublin, Ireland - November 2006);Bruce Springsteen;Live In Dublin
Bobby Jean  (Live at the Point Theatre, Dublin, Ireland - November 2006);Bruce Springsteen;Live In Dublin
We Shall Overcome  (Live at the Point Theatre, Dublin, Ireland - November 2006);Bruce Springsteen;Live In Dublin
My Oklahoma Home  (Live at the Point Theatre, Dublin, Ireland - November 2006);Bruce Springsteen;Live In Dublin
Jesse James  (Live at the Point Theatre, Dublin, Ireland - November 2006);Bruce Springsteen;Live In Dublin
Atlantic City  (Live at the Point Theatre, Dublin, Ireland - November 2006);Bruce Springsteen;Live In Dublin
Rendezvous  (Live at Nassau Coliseum, Uniondale, NY - December 1980);Bruce Springsteen;Tracks
Santa Ana  (Studio Outtake - 1973);Bruce Springsteen;Tracks
Bring On The Night  (Studio Outtake - 1979);Bruce Springsteen;Tracks
Zero And Blind Terry  (Studio Outtake - 1973);Bruce Springsteen;Tracks
Don't Look Back  (Studio Outtake - 1977);Bruce Springsteen;Tracks
Mary Queen Of Arkansas  (Demo Version - 1972);Bruce Springsteen;Tracks
It's Hard To Be A Saint In The City  (Demo Version - 1972);Bruce Springsteen;Tracks
Does This Bus Stop At 82nd Street?  (Demo Version - 1972);Bruce Springsteen;Tracks
Bishop Danced  (Live at Max's Kansas City - January 1973);Bruce Springsteen;Tracks
Hearts Of Stone  (Studio Outtake - 1977);Bruce Springsteen;Tracks
Thundercrack  (Studio Outtake - 1973);Bruce Springsteen;Tracks
Iceman  (Studio Outtake - 1977);Bruce Springsteen;Tracks
So Young And In Love  (Studio Outtake - 1974);Bruce Springsteen;Tracks
Growin' Up  (Demo Version - 1972);Bruce Springsteen;Tracks
Linda Let Me Be The One  (Studio Outtake - 1975);Bruce Springsteen;Tracks
Give The Girl A Kiss  (Studio Outtake - 1977);Bruce Springsteen;Tracks
Seaside Bar Song  (Studio Outtake - 1973);Bruce Springsteen;Tracks
Cynthia  (Studio Outtake - 1983);Bruce Springsteen;Tracks
Two For The Road  (Single B-Side - 1987);Bruce Springsteen;Tracks
Janey Don't You Lose Heart  (Single B-Side - 1985);Bruce Springsteen;Tracks
Brothers Under The Bridges ('83)  (Studio Outtake - 1983);Bruce Springsteen;Tracks
Car Wash  (Studio Outtake - 1983);Bruce Springsteen;Tracks
Lion's Den  (Studio Outtake - 1982);Bruce Springsteen;Tracks
Frankie  (Studio Outtake - 1982);Bruce Springsteen;Tracks
Lucky Man  (Single B-Side - 1987);Bruce Springsteen;Tracks
Stand On It  (Single B-Side - 1985);Bruce Springsteen;Tracks
Rockaway The Days  (Studio Outtake - 1984);Bruce Springsteen;Tracks
Man At The Top  (Studio Outtake - 1984);Bruce Springsteen;Tracks
This Hard Land  (Studio Outtake - 1982);Bruce Springsteen;Tracks
Pink Cadillac  (Single B-Side - 1984);Bruce Springsteen;Tracks
My Love Will Not Let You Down  (Studio Outtake - 1982);Bruce Springsteen;Tracks
The Wish  (Studio Outtake - 1987);Bruce Springsteen;Tracks
TV Movie  (Studio Outtake - 1983);Bruce Springsteen;Tracks
The Honeymooners  (Studio Outtake - 1987);Bruce Springsteen;Tracks
When You Need Me  (Studio Outtake - 1987);Bruce Springsteen;Tracks
Dollhouse  (Studio Outtake - 1979);Bruce Springsteen;Tracks
Ricky Wants A Man Of Her Own  (Studio Outtake - 1979);Bruce Springsteen;Tracks
Mary Lou  (Studio Outtake - 1979);Bruce Springsteen;Tracks
Where The Bands Are  (Studio Outtake - 1979);Bruce Springsteen;Tracks
Stolen Car  (Alternate Version - 1979);Bruce Springsteen;Tracks
I Wanna Be With You  (Studio Outtake - 1979);Bruce Springsteen;Tracks
Loose Ends  (Studio Outtake - 1979);Bruce Springsteen;Tracks
Living On The Edge Of The World  (Studio Outtake - 1979);Bruce Springsteen;Tracks
Take 'Em as They Come  (Studio Outtake - 1980);Bruce Springsteen;Tracks
A Good Man Is Hard To Find (Pittsburgh)  (Studio Outtake - 1982);Bruce Springsteen;Tracks
Be True  (Single B-Side - 1981);Bruce Springsteen;Tracks
Shut Out The Light  (Single B-Side - 1984);Bruce Springsteen;Tracks
Restless Nights  (Studio Outtake - 1980);Bruce Springsteen;Tracks
Born In the U.S.A.  (Demo Version - 1982);Bruce Springsteen;Tracks
Wages Of Sin  (Studio Outtake - 1982);Bruce Springsteen;Tracks
Roulette  (Studio Outtake - 1979);Bruce Springsteen;Tracks
Johnny Bye-Bye  (Single B-Side - 1984);Bruce Springsteen;Tracks
Leavin' Train  (Studio Outtake - 1990);Bruce Springsteen;Tracks
Trouble In Paradise  (Studio Outtake - 1989);Bruce Springsteen;Tracks
The Promise  (Studio Outtake - 1999);Bruce Springsteen;Tracks
Back In Your Arms  (Studio Outtake - 1995);Bruce Springsteen;Tracks
My Lover Man  (Studio Outtake - 1990);Bruce Springsteen;Tracks
Part Man, Part Monkey  (Studio Outtake - 1990);Bruce Springsteen;Tracks
Over The Rise  (Studio Outtake - 1990);Bruce Springsteen;Tracks
Trouble River  (Studio Outtake - 1990);Bruce Springsteen;Tracks
The Fever  (Studio Outtake - 1973);Bruce Springsteen;Tracks
Brothers Under The Bridge  (Studio Outtake - 1995);Bruce Springsteen;Tracks
Seven Angels  (Studio Outtake - 1990);Bruce Springsteen;Tracks
Happy  (Studio Outtake - 1992);Bruce Springsteen;Tracks
When The Lights Go Out  (Studio Outtake - 1990);Bruce Springsteen;Tracks
Loose Change  (Studio Outtake - 1991);Bruce Springsteen;Tracks
Gave It A Name  (Studio Outtake - 1998);Bruce Springsteen;Tracks
Goin' Cali  (Studio Outtake - 1991);Bruce Springsteen;Tracks
Sad Eyes  (Studio Outtake - 1990);Bruce Springsteen;Tracks
Ramrod  (Live at Madison Square Garden, New York, NY - June/July 2000);Bruce Springsteen;Live in New York City
American Skin (41 Shots)  (Live at Madison Square Garden, New York, NY - June/July 2000);Bruce Springsteen;Live in New York City
Badlands  (Live at Madison Square Garden, New York, NY - June/July 2000);Bruce Springsteen;Live in New York City
Land of Hope and Dreams  (Live at Madison Square Garden, New York, NY - June/July 2000);Bruce Springsteen;Live in New York City
This Hard Land  (Live at Madison Square Garden, New York, NY - June/July 2000);Bruce Springsteen;Live in New York City
Lost In the Flood  (Live at Madison Square Garden, New York, NY - June/July 2000);Bruce Springsteen;Live in New York City
The River  (Live at Madison Square Garden, New York, NY - June/July 2000);Bruce Springsteen;Live in New York City
Atlantic City  (Live at Madison Square Garden, New York, NY - June/July 2000);Bruce Springsteen;Live in New York City
Out In the Street  (Live at Madison Square Garden, New York, NY - June/July 2000);Bruce Springsteen;Live in New York City
If I Should Fall Behind  (Live at Madison Square Garden, New York, NY - June/July 2000);Bruce Springsteen;Live in New York City
Mansion On the Hill  (Live at Madison Square Garden, New York, NY - June/July 2000);Bruce Springsteen;Live in New York City
Don't Look Back  (Live at Madison Square Garden, New York, NY - June/July 2000);Bruce Springsteen;Live in New York City
Jungleland  (Live at Madison Square Garden, New York, NY - June/July 2000);Bruce Springsteen;Live in New York City
Youngstown  (Live at Madison Square Garden, New York, NY - June/July 2000);Bruce Springsteen;Live in New York City
My Hometown  (Live at Madison Square Garden, New York, NY - June/July 2000);Bruce Springsteen;Live in New York City
Tenth Avenue Freeze-Out  (Live at Madison Square Garden, New York, NY - June/July 2000);Bruce Springsteen;Live in New York City
Born to Run  (Live at Madison Square Garden, New York, NY - June/July 2000);Bruce Springsteen;Live in New York City
Murder Incorporated  (Live at Madison Square Garden, New York, NY - June/July 2000);Bruce Springsteen;Live in New York City
Two Hearts  (Live at Madison Square Garden, New York, NY - June/July 2000);Bruce Springsteen;Live in New York City
Prove It All Night  (Live at Madison Square Garden, New York, NY - June/July 2000);Bruce Springsteen;Live in New York City
Born In the U.S.A.  (Live at Madison Square Garden, New York, NY - June/July 2000);Bruce Springsteen;Live in New York City
My Love Will Not Let You Down  (Live at Madison Square Garden, New York, NY - June/July 2000);Bruce Springsteen;Live in New York City
Mary Queen of Arkansas;Bruce Springsteen;Greetings from Asbury Park, N.J.
Spirit in the Night;Bruce Springsteen;Greetings from Asbury Park, N.J.
Does This Bus Stop at 82nd Street?;Bruce Springsteen;Greetings from Asbury Park, N.J.
Lost in the Flood;Bruce Springsteen;Greetings from Asbury Park, N.J.
For You;Bruce Springsteen;Greetings from Asbury Park, N.J.
It's Hard to Be a Saint in the City;Bruce Springsteen;Greetings from Asbury Park, N.J.
Blinded By The Light;Bruce Springsteen;Greetings from Asbury Park, N.J.
The Angel;Bruce Springsteen;Greetings from Asbury Park, N.J.
Growin' Up;Bruce Springsteen;Greetings from Asbury Park, N.J.
Red Headed Woman (Album Version);Bruce Springsteen;In Concert/MTV Plugged 
If I Should Fall Behind (Album Version);Bruce Springsteen;In Concert/MTV Plugged 
Lucky Town (Album Version);Bruce Springsteen;In Concert/MTV Plugged 
Living Proof (Album Version);Bruce Springsteen;In Concert/MTV Plugged 
Human Touch (Album Version);Bruce Springsteen;In Concert/MTV Plugged 
Man's Job (Album Version);Bruce Springsteen;In Concert/MTV Plugged 
Atlantic City (Album Version);Bruce Springsteen;In Concert/MTV Plugged 
My Beautiful Reward (Album Version);Bruce Springsteen;In Concert/MTV Plugged 
Thunder Road (Album Version);Bruce Springsteen;In Concert/MTV Plugged 
Better Days  (Live at Warner Hollywood Studios, Los Angeles, CA - September 1992);Bruce Springsteen;In Concert/MTV Plugged 
Light Of Day (Album Version);Bruce Springsteen;In Concert/MTV Plugged 
Darkness On The Edge Of Town (Album Version);Bruce Springsteen;In Concert/MTV Plugged 
I Wish I Were Blind (Album Version);Bruce Springsteen;In Concert/MTV Plugged 
Hey, Western Union Man;Bruce Springsteen;Only the Strong Survive
Soul Days;Bruce Springsteen;Only the Strong Survive
Any Other Way;Bruce Springsteen;Only the Strong Survive
What Becomes of the Brokenhearted;Bruce Springsteen;Only the Strong Survive
I Wish It Would Rain;Bruce Springsteen;Only the Strong Survive
The Sun Ain't Gonna Shine Anymore;Bruce Springsteen;Only the Strong Survive
7 Rooms Of Gloom;Bruce Springsteen;Only the Strong Survive
Nightshift;Bruce Springsteen;Only the Strong Survive
Don't Play That Song;Bruce Springsteen;Only the Strong Survive
Someday We'll Be Together;Bruce Springsteen;Only the Strong Survive
Do I Love You (Indeed I Do);Bruce Springsteen;Only the Strong Survive
Turn Back the Hands of Time;Bruce Springsteen;Only the Strong Survive
I Forgot To Be Your Lover;Bruce Springsteen;Only the Strong Survive
Only the Strong Survive;Bruce Springsteen;Only the Strong Survive
When She Was My Girl;Bruce Springsteen;Only the Strong Survive
Badlands (2010 Remastered Version);Bruce Springsteen;Darkness On the Edge of Town
Adam Raised a Cain (2010 Remastered Version);Bruce Springsteen;Darkness On the Edge of Town
Streets of Fire (2010 Remastered Version);Bruce Springsteen;Darkness On the Edge of Town
Something in the Night (2010 Remastered Version);Bruce Springsteen;Darkness On the Edge of Town
Prove It All Night (2010 Remastered Version);Bruce Springsteen;Darkness On the Edge of Town
Racing in the Street (2010 Remastered Version);Bruce Springsteen;Darkness On the Edge of Town
Factory (2010 Remastered Version);Bruce Springsteen;Darkness On the Edge of Town
The Promised Land (2010 Remastered Version);Bruce Springsteen;Darkness On the Edge of Town
Darkness on the Edge of Town (2010 Remastered Version);Bruce Springsteen;Darkness On the Edge of Town
Candy's Room (2010 Remastered Version);Bruce Springsteen;Darkness On the Edge of Town
Local Hero;Bruce Springsteen;Lucky Town
Book of Dreams;Bruce Springsteen;Lucky Town
Lucky Town;Bruce Springsteen;Lucky Town
Leap Of Faith;Bruce Springsteen;Lucky Town
Better Days;Bruce Springsteen;Lucky Town
The Big Muddy;Bruce Springsteen;Lucky Town
My Beautiful Reward;Bruce Springsteen;Lucky Town
Souls of the Departed;Bruce Springsteen;Lucky Town
If I Should Fall Behind;Bruce Springsteen;Lucky Town
Living Proof;Bruce Springsteen;Lucky Town
The Ghost of Tom Joad (Introduction) (Live at the Walter Kerr Theatre, New York, NY - July 2018);Bruce Springsteen;Springsteen on Broadway
My Hometown (Introduction Part 1) (Live at the Walter Kerr Theatre, New York, NY - July 2018);Bruce Springsteen;Springsteen on Broadway
Born to Run (Live at the Walter Kerr Theatre, New York, NY - July 2018);Bruce Springsteen;Springsteen on Broadway
My Father's House (Live at the Walter Kerr Theatre, New York, NY - July 2018);Bruce Springsteen;Springsteen on Broadway
Land of Hope and Dreams (Live at the Walter Kerr Theatre, New York, NY - July 2018);Bruce Springsteen;Springsteen on Broadway
The Wish (Live at the Walter Kerr Theatre, New York, NY - July 2018);Bruce Springsteen;Springsteen on Broadway
The Promised Land (Introduction Part 2) (Live at the Walter Kerr Theatre, New York, NY - July 2018);Bruce Springsteen;Springsteen on Broadway
Born to Run (Introduction Part 2) (Live at the Walter Kerr Theatre, New York, NY - July 2018);Bruce Springsteen;Springsteen on Broadway
Tenth Avenue Freeze-Out (Introduction) (Live at the Walter Kerr Theatre, New York, NY - July 2018);Bruce Springsteen;Springsteen on Broadway
Born In the U.S.A. (Live at the Walter Kerr Theatre, New York, NY - July 2018);Bruce Springsteen;Springsteen on Broadway
My Hometown (Live at the Walter Kerr Theatre, New York, NY - July 2018);Bruce Springsteen;Springsteen on Broadway
Brilliant Disguise (Introduction) (Live at the Walter Kerr Theatre, New York, NY - July 2018);Bruce Springsteen;Springsteen on Broadway
My Hometown (Introduction Part 2) (Live at the Walter Kerr Theatre, New York, NY - July 2018);Bruce Springsteen;Springsteen on Broadway
Brilliant Disguise (Live at the Walter Kerr Theatre, New York, NY - July 2018);Bruce Springsteen;Springsteen on Broadway
Dancing In the Dark (Introduction) (Live at the Walter Kerr Theatre, New York, NY - July 2018);Bruce Springsteen;Springsteen on Broadway
Born In the U.S.A. (Introduction Part 1) (Live at the Walter Kerr Theatre, New York, NY - July 2018);Bruce Springsteen;Springsteen on Broadway
Born to Run (Introduction Part 1) (Live at the Walter Kerr Theatre, New York, NY - July 2018);Bruce Springsteen;Springsteen on Broadway
Growin' Up (Introduction) (Live at the Walter Kerr Theatre, New York, NY - July 2018);Bruce Springsteen;Springsteen on Broadway
Thunder Road (Introduction) (Live at the Walter Kerr Theatre, New York, NY - July 2018);Bruce Springsteen;Springsteen on Broadway
Tougher Than the Rest (Introduction) (Live at the Walter Kerr Theatre, New York, NY - July 2018);Bruce Springsteen;Springsteen on Broadway
The Promised Land (Live at the Walter Kerr Theatre, New York, NY - July 2018);Bruce Springsteen;Springsteen on Broadway
Long Time Comin' (Live at the Walter Kerr Theatre, New York, NY - July 2018);Bruce Springsteen;Springsteen on Broadway
Born In the U.S.A. (Introduction Part 2) (Live at the Walter Kerr Theatre, New York, NY - July 2018);Bruce Springsteen;Springsteen on Broadway
Tougher Than the Rest (Live at the Walter Kerr Theatre, New York, NY - July 2018);Bruce Springsteen;Springsteen on Broadway
The Ghost of Tom Joad (Live at the Walter Kerr Theatre, New York, NY - July 2018);Bruce Springsteen;Springsteen on Broadway
Long Time Comin' (Introduction) (Live at the Walter Kerr Theatre, New York, NY - July 2018);Bruce Springsteen;Springsteen on Broadway
The Wish (Introduction) (Live at the Walter Kerr Theatre, New York, NY - July 2018);Bruce Springsteen;Springsteen on Broadway
Thunder Road (Live at the Walter Kerr Theatre, New York, NY - July 2018);Bruce Springsteen;Springsteen on Broadway
The Rising (Live at the Walter Kerr Theatre, New York, NY - July 2018);Bruce Springsteen;Springsteen on Broadway
Dancing In the Dark (Live at the Walter Kerr Theatre, New York, NY - July 2018);Bruce Springsteen;Springsteen on Broadway
My Father's House (Introduction) (Live at the Walter Kerr Theatre, New York, NY - July 2018);Bruce Springsteen;Springsteen on Broadway
The Promised Land (Introduction Part 1) (Live at the Walter Kerr Theatre, New York, NY - July 2018);Bruce Springsteen;Springsteen on Broadway
The Promised Land (Introduction Part 3) (Live at the Walter Kerr Theatre, New York, NY - July 2018);Bruce Springsteen;Springsteen on Broadway
Growin' Up (Live at the Walter Kerr Theatre, New York, NY - July 2018);Bruce Springsteen;Springsteen on Broadway
Tenth Avenue Freeze-Out (Live at the Walter Kerr Theatre, New York, NY - July 2018);Bruce Springsteen;Springsteen on Broadway
The New Timer;Bruce Springsteen;The Ghost Of Tom Joad
The Line;Bruce Springsteen;The Ghost Of Tom Joad
Galveston Bay;Bruce Springsteen;The Ghost Of Tom Joad
Sinaloa Cowboys;Bruce Springsteen;The Ghost Of Tom Joad
My Best Was Never Good Enough;Bruce Springsteen;The Ghost Of Tom Joad
Balboa Park;Bruce Springsteen;The Ghost Of Tom Joad
Highway 29;Bruce Springsteen;The Ghost Of Tom Joad
Youngstown;Bruce Springsteen;The Ghost Of Tom Joad
Straight Time;Bruce Springsteen;The Ghost Of Tom Joad
The Ghost of Tom Joad;Bruce Springsteen;The Ghost Of Tom Joad
Across the Border;Bruce Springsteen;The Ghost Of Tom Joad
Dry Lightning;Bruce Springsteen;The Ghost Of Tom Joad
Land of Hope and Dreams;Bruce Springsteen;Wrecking Ball
You've Got It;Bruce Springsteen;Wrecking Ball
Jack Of All Trades;Bruce Springsteen;Wrecking Ball
Shackled And Drawn;Bruce Springsteen;Wrecking Ball
Easy Money;Bruce Springsteen;Wrecking Ball
Wrecking Ball;Bruce Springsteen;Wrecking Ball
Death To My Hometown;Bruce Springsteen;Wrecking Ball
We Are Alive;Bruce Springsteen;Wrecking Ball
This Depression;Bruce Springsteen;Wrecking Ball
Rocky Ground;Bruce Springsteen;Wrecking Ball
Swallowed Up (In The Belly Of The Whale);Bruce Springsteen;Wrecking Ball
We Take Care of Our Own;Bruce Springsteen;Wrecking Ball
American Land;Bruce Springsteen;Wrecking Ball
Roll of the Dice;Bruce Springsteen;Human Touch
Soul Driver;Bruce Springsteen;Human Touch
The Long Goodbye;Bruce Springsteen;Human Touch
Pony Boy;Bruce Springsteen;Human Touch
Cross My Heart;Bruce Springsteen;Human Touch
Man's Job;Bruce Springsteen;Human Touch
Real World;Bruce Springsteen;Human Touch
Human Touch;Bruce Springsteen;Human Touch
I Wish I Were Blind;Bruce Springsteen;Human Touch
With Every Wish;Bruce Springsteen;Human Touch
57 Channels (And Nothin' On);Bruce Springsteen;Human Touch
Gloria's Eyes;Bruce Springsteen;Human Touch
All Or Nothin' At All;Bruce Springsteen;Human Touch
Real Man;Bruce Springsteen;Human Touch
You Can Look (But You Better Not Touch);Bruce Springsteen;The River
Two Hearts;Bruce Springsteen;The River
Independence Day;Bruce Springsteen;The River
The Ties That Bind;Bruce Springsteen;The River
Crush on You;Bruce Springsteen;The River
Hungry Heart;Bruce Springsteen;The River
Out In the Street;Bruce Springsteen;The River
I Wanna Marry You;Bruce Springsteen;The River
Sherry Darling;Bruce Springsteen;The River
Jackson Cage;Bruce Springsteen;The River
The River;Bruce Springsteen;The River
Drive All Night;Bruce Springsteen;The River
Fade Away;Bruce Springsteen;The River
Ramrod;Bruce Springsteen;The River
I'm a Rocker;Bruce Springsteen;The River
Wreck on the Highway;Bruce Springsteen;The River
Stolen Car;Bruce Springsteen;The River
Point Blank;Bruce Springsteen;The River
Cadillac Ranch;Bruce Springsteen;The River
The Price You Pay;Bruce Springsteen;The River
Child Bride  (Nebraska Outtakes);Bruce Springsteen;Nebraska '82: Expanded Edition
Pink Cadillac  (Nebraska Outtakes);Bruce Springsteen;Nebraska '82: Expanded Edition
On the Prowl  (Nebraska Outtakes);Bruce Springsteen;Nebraska '82: Expanded Edition
Working on the Highway  (Nebraska Outtakes);Bruce Springsteen;Nebraska '82: Expanded Edition
Gun in Every Home  (Nebraska Outtakes);Bruce Springsteen;Nebraska '82: Expanded Edition
The Big Payback  (Single B-side - 1982);Bruce Springsteen;Nebraska '82: Expanded Edition
Downbound Train  (Nebraska Outtakes);Bruce Springsteen;Nebraska '82: Expanded Edition
Born In the U.S.A.  (Demo Version - 1982);Bruce Springsteen;Nebraska '82: Expanded Edition
Losin' Kind  (Nebraska Outtakes);Bruce Springsteen;Nebraska '82: Expanded Edition
Reason to Believe  (Nebraska Live);Bruce Springsteen;Nebraska '82: Expanded Edition
Nebraska  (Nebraska Live);Bruce Springsteen;Nebraska '82: Expanded Edition
My Father's House  (Nebraska Live);Bruce Springsteen;Nebraska '82: Expanded Edition
Atlantic City  (Nebraska Live);Bruce Springsteen;Nebraska '82: Expanded Edition
Mansion on the Hill  (Nebraska Live);Bruce Springsteen;Nebraska '82: Expanded Edition
State Trooper  (Nebraska Live);Bruce Springsteen;Nebraska '82: Expanded Edition
Used Cars  (Nebraska Live);Bruce Springsteen;Nebraska '82: Expanded Edition
Johnny 99  (Nebraska Live);Bruce Springsteen;Nebraska '82: Expanded Edition
Highway Patrolman  (Nebraska Live);Bruce Springsteen;Nebraska '82: Expanded Edition
Open All Night  (Nebraska Live);Bruce Springsteen;Nebraska '82: Expanded Edition
Reason to Believe  (Electric Nebraska);Bruce Springsteen;Nebraska '82: Expanded Edition
Nebraska  (Electric Nebraska);Bruce Springsteen;Nebraska '82: Expanded Edition
Downbound Train  (Electric Nebraska);Bruce Springsteen;Nebraska '82: Expanded Edition
Born in the U.S.A.  (Electric Nebraska);Bruce Springsteen;Nebraska '82: Expanded Edition
Atlantic City  (Electric Nebraska);Bruce Springsteen;Nebraska '82: Expanded Edition
Mansion on the Hill  (Electric Nebraska);Bruce Springsteen;Nebraska '82: Expanded Edition
Johnny 99  (Electric Nebraska);Bruce Springsteen;Nebraska '82: Expanded Edition
Open All Night  (Electric Nebraska);Bruce Springsteen;Nebraska '82: Expanded Edition
Reason to Believe;Bruce Springsteen;Nebraska '82: Expanded Edition
Nebraska;Bruce Springsteen;Nebraska '82: Expanded Edition
My Father's House;Bruce Springsteen;Nebraska '82: Expanded Edition
Atlantic City;Bruce Springsteen;Nebraska '82: Expanded Edition
Mansion on the Hill;Bruce Springsteen;Nebraska '82: Expanded Edition
State Trooper;Bruce Springsteen;Nebraska '82: Expanded Edition
Used Cars;Bruce Springsteen;Nebraska '82: Expanded Edition
Johnny 99;Bruce Springsteen;Nebraska '82: Expanded Edition
Highway Patrolman;Bruce Springsteen;Nebraska '82: Expanded Edition
Open All Night;Bruce Springsteen;Nebraska '82: Expanded Edition
Janey Needs A Shooter;Bruce Springsteen;Letter To You
House Of A Thousand Guitars;Bruce Springsteen;Letter To You
Ghosts;Bruce Springsteen;Letter To You
Song For Orphans;Bruce Springsteen;Letter To You
Last Man Standing;Bruce Springsteen;Letter To You
I'll See You In My Dreams;Bruce Springsteen;Letter To You
If I Was The Priest;Bruce Springsteen;Letter To You
Rainmaker;Bruce Springsteen;Letter To You
The Power Of Prayer;Bruce Springsteen;Letter To You
One Minute You're Here;Bruce Springsteen;Letter To You
Letter To You;Bruce Springsteen;Letter To You
Burnin' Train;Bruce Springsteen;Letter To You
Life Itself;Bruce Springsteen;Working On A Dream
The Last Carnival;Bruce Springsteen;Working On A Dream
What Love Can Do;Bruce Springsteen;Working On A Dream
The Wrestler (Bonus Track);Bruce Springsteen;Working On A Dream
Tomorrow Never Knows;Bruce Springsteen;Working On A Dream
Surprise, Surprise;Bruce Springsteen;Working On A Dream
Outlaw Pete;Bruce Springsteen;Working On A Dream
Queen Of The Supermarket;Bruce Springsteen;Working On A Dream
My Lucky Day;Bruce Springsteen;Working On A Dream
Good Eye;Bruce Springsteen;Working On A Dream
Kingdom Of Days;Bruce Springsteen;Working On A Dream
This Life;Bruce Springsteen;Working On A Dream
Working On a Dream;Bruce Springsteen;Working On A Dream
Take 'Em as They Come (Studio Outtake - 1980);Bruce Springsteen;The Ties that Bind: The River Collection
Mary Lou (Studio Outtake - 1979);Bruce Springsteen;The Ties that Bind: The River Collection
The Man Who Got Away (Studio Outtake - 1979);Bruce Springsteen;The Ties that Bind: The River Collection
Dollhouse (Studio Outtake - 1979);Bruce Springsteen;The Ties that Bind: The River Collection
"Paradise By The ""C"" (Studio Outtake - 1980)";Bruce Springsteen;The Ties that Bind: The River Collection
Little White Lies (Studio Outtake - 1979);Bruce Springsteen;The Ties that Bind: The River Collection
Held Up Without a Gun (Single B-side - 1980);Bruce Springsteen;The Ties that Bind: The River Collection
Restless Nights (Studio Outtake - 1980);Bruce Springsteen;The Ties that Bind: The River Collection
Roulette (Studio Outtake - 1979);Bruce Springsteen;The Ties that Bind: The River Collection
Meet Me In The City (Studio Outtake - 1979);Bruce Springsteen;The Ties that Bind: The River Collection
Mr. Outside (Studio Outtake - 1980);Bruce Springsteen;The Ties that Bind: The River Collection
Where The Bands Are (Studio Outtake - 1979);Bruce Springsteen;The Ties that Bind: The River Collection
From Small Things (Big Things One Day Come) (Studio Outtake - 1979);Bruce Springsteen;The Ties that Bind: The River Collection
Living On The Edge Of The World (Studio Outtake - 1979);Bruce Springsteen;The Ties that Bind: The River Collection
The Time That Never Was (Studio Outtake - 1980);Bruce Springsteen;The Ties that Bind: The River Collection
Chain Lightning (Studio Outtake - 1980);Bruce Springsteen;The Ties that Bind: The River Collection
Party Lights (Studio Outtake - 1980);Bruce Springsteen;The Ties that Bind: The River Collection
Ricky Wants A Man Of Her Own (Studio Outtake - 1979);Bruce Springsteen;The Ties that Bind: The River Collection
Night Fire (Studio Outtake - 1979);Bruce Springsteen;The Ties that Bind: The River Collection
I Wanna Be With You (Studio Outtake - 1979);Bruce Springsteen;The Ties that Bind: The River Collection
Whitetown (Studio Outtake - 1980);Bruce Springsteen;The Ties that Bind: The River Collection
Stray Bullet (Studio Outtake - 1980);Bruce Springsteen;The Ties that Bind: The River Collection
Loose Ends (Single LP Version - 1979);Bruce Springsteen;The Ties that Bind: The River Collection
Be True (Single LP Version - 1979);Bruce Springsteen;The Ties that Bind: The River Collection
The Price You Pay (Single LP Version - 1979);Bruce Springsteen;The Ties that Bind: The River Collection
Cindy (Single LP Version - 1979);Bruce Springsteen;The Ties that Bind: The River Collection
Stolen Car (Single LP Version - 1979);Bruce Springsteen;The Ties that Bind: The River Collection
You Can Look (But You Better Not Touch) (Single LP Version - 1979);Bruce Springsteen;The Ties that Bind: The River Collection
Hungry Heart (Single LP Version - 1979);Bruce Springsteen;The Ties that Bind: The River Collection
I Wanna Marry You (Single LP Version - 1979);Bruce Springsteen;The Ties that Bind: The River Collection
The Ties That Bind (Single LP Version - 1979);Bruce Springsteen;The Ties that Bind: The River Collection
The River (Single LP Version - 1979);Bruce Springsteen;The Ties that Bind: The River Collection
The Ghost of Tom Joad  (Electric Version);Bruce Springsteen;High Hopes
Harry's Place;Bruce Springsteen;High Hopes
Hunter of Invisible Game;Bruce Springsteen;High Hopes
Heaven's Wall;Bruce Springsteen;High Hopes
The Wall;Bruce Springsteen;High Hopes
Down in the Hole;Bruce Springsteen;High Hopes
American Skin (41 Shots)  (Studio Version);Bruce Springsteen;High Hopes
High Hopes;Bruce Springsteen;High Hopes
Just Like Fire Would;Bruce Springsteen;High Hopes
Dream Baby Dream;Bruce Springsteen;High Hopes
Frankie Fell in Love;Bruce Springsteen;High Hopes
This is Your Sword;Bruce Springsteen;High Hopes
New York City Serenade;Bruce Springsteen;The Wild, the Innocent & The E Street Shuffle
Incident on 57th Street;Bruce Springsteen;The Wild, the Innocent & The E Street Shuffle
The E Street Shuffle;Bruce Springsteen;The Wild, the Innocent & The E Street Shuffle
4th of July, Asbury Park (Sandy);Bruce Springsteen;The Wild, the Innocent & The E Street Shuffle
Rosalita (Come Out Tonight);Bruce Springsteen;The Wild, the Innocent & The E Street Shuffle
Kitty's Back;Bruce Springsteen;The Wild, the Innocent & The E Street Shuffle
Wild Billy's Circus Story;Bruce Springsteen;The Wild, the Innocent & The E Street Shuffle
Lonesome Day;Bruce Springsteen;The Rising
Countin' On a Miracle;Bruce Springsteen;The Rising
The Rising;Bruce Springsteen;The Rising
You're Missing;Bruce Springsteen;The Rising
Waitin' On A Sunny Day;Bruce Springsteen;The Rising
The Fuse;Bruce Springsteen;The Rising
Worlds Apart;Bruce Springsteen;The Rising
Let's Be Friends (Skin to Skin);Bruce Springsteen;The Rising
Further On (Up the Road);Bruce Springsteen;The Rising
Empty Sky;Bruce Springsteen;The Rising
Paradise;Bruce Springsteen;The Rising
Mary's Place;Bruce Springsteen;The Rising
Into the Fire;Bruce Springsteen;The Rising
Nothing Man;Bruce Springsteen;The Rising
My City of Ruins;Bruce Springsteen;The Rising
Unsatisfied Heart;Bruce Springsteen;Tracks II: The Lost Albums
Fugitives Dream;Bruce Springsteen;Tracks II: The Lost Albums
My Hometown;Bruce Springsteen;Tracks II: The Lost Albums
Don't Back Down On Our Love;Bruce Springsteen;Tracks II: The Lost Albums
Johnny Bye Bye;Bruce Springsteen;Tracks II: The Lost Albums
The Klansman;Bruce Springsteen;Tracks II: The Lost Albums
Don't Back Down;Bruce Springsteen;Tracks II: The Lost Albums
One Love;Bruce Springsteen;Tracks II: The Lost Albums
Seven Tears;Bruce Springsteen;Tracks II: The Lost Albums
Jim Deer;Bruce Springsteen;Tracks II: The Lost Albums
Shut Out the Light;Bruce Springsteen;Tracks II: The Lost Albums
Follow That Dream;Bruce Springsteen;Tracks II: The Lost Albums
Richfield Whistle;Bruce Springsteen;Tracks II: The Lost Albums
Sugarland;Bruce Springsteen;Tracks II: The Lost Albums
Little Girl Like You;Bruce Springsteen;Tracks II: The Lost Albums
Black Mountain Ballad;Bruce Springsteen;Tracks II: The Lost Albums
Fugitive's Dream (Ballad);Bruce Springsteen;Tracks II: The Lost Albums
County Fair;Bruce Springsteen;Tracks II: The Lost Albums
My Master's Hand (Theme);Bruce Springsteen;Tracks II: The Lost Albums
Let Me Ride;Bruce Springsteen;Tracks II: The Lost Albums
My Master's Hand;Bruce Springsteen;Tracks II: The Lost Albums
Where You Going, Where You From;Bruce Springsteen;Tracks II: The Lost Albums
Faithless;Bruce Springsteen;Tracks II: The Lost Albums
A Prayer By The River  (Instrumental);Bruce Springsteen;Tracks II: The Lost Albums
Goin' to California;Bruce Springsteen;Tracks II: The Lost Albums
The Desert  (Instrumental);Bruce Springsteen;Tracks II: The Lost Albums
God Sent You;Bruce Springsteen;Tracks II: The Lost Albums
The Western Sea  (Instrumental);Bruce Springsteen;Tracks II: The Lost Albums
All God's Children;Bruce Springsteen;Tracks II: The Lost Albums
Maybe I Don't Know You;Bruce Springsteen;Tracks II: The Lost Albums
Blind Spot;Bruce Springsteen;Tracks II: The Lost Albums
Something In The Well;Bruce Springsteen;Tracks II: The Lost Albums
One Beautiful Morning;Bruce Springsteen;Tracks II: The Lost Albums
Farewell Party;Bruce Springsteen;Tracks II: The Lost Albums
Waiting On The End Of The World;Bruce Springsteen;Tracks II: The Lost Albums
Between Heaven And Earth;Bruce Springsteen;Tracks II: The Lost Albums
The Little Things;Bruce Springsteen;Tracks II: The Lost Albums
We Fell Down;Bruce Springsteen;Tracks II: The Lost Albums
Secret Garden;Bruce Springsteen;Tracks II: The Lost Albums
September Kisses;Bruce Springsteen;Tracks II: The Lost Albums
Lonely Town;Bruce Springsteen;Tracks II: The Lost Albums
Late in the Evening;Bruce Springsteen;Tracks II: The Lost Albums
Twilight Hours;Bruce Springsteen;Tracks II: The Lost Albums
High Sierra;Bruce Springsteen;Tracks II: The Lost Albums
Dinner at Eight;Bruce Springsteen;Tracks II: The Lost Albums
Follow The Sun;Bruce Springsteen;Tracks II: The Lost Albums
Sunliner;Bruce Springsteen;Tracks II: The Lost Albums
I'll Stand By You;Bruce Springsteen;Tracks II: The Lost Albums
Another You;Bruce Springsteen;Tracks II: The Lost Albums
Two of Us;Bruce Springsteen;Tracks II: The Lost Albums
Sunday Love;Bruce Springsteen;Tracks II: The Lost Albums
Rain in the River;Bruce Springsteen;Tracks II: The Lost Albums
Idiot's Delight;Bruce Springsteen;Tracks II: The Lost Albums
Blind Man;Bruce Springsteen;Tracks II: The Lost Albums
I'm Not Sleeping;Bruce Springsteen;Tracks II: The Lost Albums
You Lifted Me Up;Bruce Springsteen;Tracks II: The Lost Albums
If I Could Only Be Your Lover;Bruce Springsteen;Tracks II: The Lost Albums
Perfect World;Bruce Springsteen;Tracks II: The Lost Albums
The Great Depression;Bruce Springsteen;Tracks II: The Lost Albums
Another Thin Line;Bruce Springsteen;Tracks II: The Lost Albums
Cutting Knife;Bruce Springsteen;Tracks II: The Lost Albums
You're Gonna Miss Me When I'm Gone;Bruce Springsteen;Tracks II: The Lost Albums
Repo Man;Bruce Springsteen;Tracks II: The Lost Albums
Blue Highway;Bruce Springsteen;Tracks II: The Lost Albums
Poor Side Of Town;Bruce Springsteen;Tracks II: The Lost Albums
Stand On It;Bruce Springsteen;Tracks II: The Lost Albums
Under A Big Sky;Bruce Springsteen;Tracks II: The Lost Albums
Somewhere North of Nashville;Bruce Springsteen;Tracks II: The Lost Albums
Detail Man;Bruce Springsteen;Tracks II: The Lost Albums
Silver Mountain;Bruce Springsteen;Tracks II: The Lost Albums
Tiger Rose;Bruce Springsteen;Tracks II: The Lost Albums
Janey Don't You Lose Heart;Bruce Springsteen;Tracks II: The Lost Albums
Delivery Man;Bruce Springsteen;Tracks II: The Lost Albums
One False Move;Bruce Springsteen;Tracks II: The Lost Albums
Our Lady of Monroe;Bruce Springsteen;Tracks II: The Lost Albums
Adelita;Bruce Springsteen;Tracks II: The Lost Albums
The Lost Charro;Bruce Springsteen;Tracks II: The Lost Albums
The Aztec Dance;Bruce Springsteen;Tracks II: The Lost Albums
When I Build My Beautiful House;Bruce Springsteen;Tracks II: The Lost Albums
Ciudad Juarez;Bruce Springsteen;Tracks II: The Lost Albums
El Jardinero (Upon the Death of Ramona);Bruce Springsteen;Tracks II: The Lost Albums
Inyo;Bruce Springsteen;Tracks II: The Lost Albums
Indian Town;Bruce Springsteen;Tracks II: The Lost Albums
Matamoros Banks (Album Version);Bruce Springsteen;Devils & Dust
Leah (Album Version);Bruce Springsteen;Devils & Dust
All I'm Thinkin' About (Album Version);Bruce Springsteen;Devils & Dust
Jesus Was an Only Son - The Song (Album Version);Bruce Springsteen;Devils & Dust
The Hitter (Album Version);Bruce Springsteen;Devils & Dust
Maria's Bed (Album Version);Bruce Springsteen;Devils & Dust
Black Cowboys (Album Version);Bruce Springsteen;Devils & Dust
Long Time Comin' (Album Version);Bruce Springsteen;Devils & Dust
Reno (Album Version);Bruce Springsteen;Devils & Dust
All The Way Home (Album Version);Bruce Springsteen;Devils & Dust
Devils & Dust (Album Version);Bruce Springsteen;Devils & Dust
Silver Palomino (Album Version);Bruce Springsteen;Devils & Dust
She's the One;Bruce Springsteen;Born To Run
Born to Run;Bruce Springsteen;Born To Run
Backstreets;Bruce Springsteen;Born To Run
Night;Bruce Springsteen;Born To Run
Jungleland;Bruce Springsteen;Born To Run
Tenth Avenue Freeze-Out;Bruce Springsteen;Born To Run
Thunder Road;Bruce Springsteen;Born To Run
Meeting Across the River;Bruce Springsteen;Born To Run
Spare Parts;Bruce Springsteen;Tunnel Of Love
All That Heaven Will Allow;Bruce Springsteen;Tunnel Of Love
Valentine's Day;Bruce Springsteen;Tunnel Of Love
Tougher Than the Rest;Bruce Springsteen;Tunnel Of Love
Cautious Man;Bruce Springsteen;Tunnel Of Love
Two Faces;Bruce Springsteen;Tunnel Of Love
When You're Alone;Bruce Springsteen;Tunnel Of Love
One Step Up;Bruce Springsteen;Tunnel Of Love
Walk Like a Man;Bruce Springsteen;Tunnel Of Love
Tunnel of Love;Bruce Springsteen;Tunnel Of Love
Brilliant Disguise;Bruce Springsteen;Tunnel Of Love
Ain't Got You;Bruce Springsteen;Tunnel Of Love
You'll Be Comin' Down;Bruce Springsteen;Magic
Magic;Bruce Springsteen;Magic
Long Walk Home;Bruce Springsteen;Magic
Girls In Their Summer Clothes;Bruce Springsteen;Magic
I'll Work for Your Love;Bruce Springsteen;Magic
Terry's Song;Bruce Springsteen;Magic
Livin' In the Future;Bruce Springsteen;Magic
Your Own Worst Enemy;Bruce Springsteen;Magic
Last to Die;Bruce Springsteen;Magic
Gypsy Biker;Bruce Springsteen;Magic
Devil's Arcade;Bruce Springsteen;Magic
Radio Nowhere;Bruce Springsteen;Magic
Bobby Jean;Bruce Springsteen;Born In The U.S.A.
I'm On Fire;Bruce Springsteen;Born In The U.S.A.
I'm Goin' Down;Bruce Springsteen;Born In The U.S.A.
Darlington County;Bruce Springsteen;Born In The U.S.A.
Dancing In the Dark;Bruce Springsteen;Born In The U.S.A.
Downbound Train;Bruce Springsteen;Born In The U.S.A.
No Surrender;Bruce Springsteen;Born In The U.S.A.
Cover Me;Bruce Springsteen;Born In The U.S.A.
Glory Days;Bruce Springsteen;Born In The U.S.A.
My Hometown;Bruce Springsteen;Born In The U.S.A.
Working on the Highway;Bruce Springsteen;Born In The U.S.A.
Born in the U.S.A.;Bruce Springsteen;Born In The U.S.A.
New Year Of Grace;Ben Watt;Fever Dream
Never Goes Away;Ben Watt;Fever Dream
Fever Dream;Ben Watt;Fever Dream
Winter's Eve;Ben Watt;Fever Dream
Faces Of My Friends;Ben Watt;Fever Dream
Between Two Fires;Ben Watt;Fever Dream
Bricks And Wood;Ben Watt;Fever Dream
Women's Company;Ben Watt;Fever Dream
Running With The Front Runners;Ben Watt;Fever Dream
Gradually;Ben Watt;Fever Dream
Spring;Ben Watt;Hendra
Hendra;Ben Watt;Hendra
The Gun;Ben Watt;Hendra
Nathaniel;Ben Watt;Hendra
Golden Ratio;Ben Watt;Hendra
The Levels;Ben Watt;Hendra
Young Man's Game;Ben Watt;Hendra
Forget;Ben Watt;Hendra
The Heart Is A Mirror;Ben Watt;Hendra
Matthew Arnold's Field;Ben Watt;Hendra
Comeback Kid;Ben Watt;Storm Shelter
Summer Ghosts (Storm Shelter Version);Ben Watt;Storm Shelter
Sunlight Follows The Night (Storm Shelter Version);Ben Watt;Storm Shelter
Winter's Eve (Storm Shelter Version);Ben Watt;Storm Shelter
Balanced On A Wire (Storm Shelter Version);Ben Watt;Storm Shelter
That’s The Way Love Is;Ben Watt;Storm Shelter
Another Conversation with Myself;Ben Watt;North Marine Drive
A Girl in Winter;Ben Watt;North Marine Drive
Empty Bottles;Ben Watt;North Marine Drive
Waiting Like Mad;Ben Watt;North Marine Drive
You're Gonna Make Me Lonesome When You Go;Ben Watt;North Marine Drive
Aquamarine;Ben Watt;North Marine Drive
Thirst for Knowledge;Ben Watt;North Marine Drive
North Marine Drive;Ben Watt;North Marine Drive
On Box Hill;Ben Watt;North Marine Drive
Slipping Slowly;Ben Watt;North Marine Drive
Lucky One;Ben Watt;North Marine Drive
Walter and John;Ben Watt;North Marine Drive
Long Time No Sea;Ben Watt;North Marine Drive
Some Things Don't Matter;Ben Watt;North Marine Drive
Festival Song;Ben Watt;Storm Damage
Figures In The Landscape;Ben Watt;Storm Damage
Hand;Ben Watt;Storm Damage
Balanced On A Wire;Ben Watt;Storm Damage
Summer Ghosts;Ben Watt;Storm Damage
You’ve Changed, I’ve Changed;Ben Watt;Storm Damage
Knife In The Drawer;Ben Watt;Storm Damage
Irene;Ben Watt;Storm Damage
Sunlight Follows The Night;Ben Watt;Storm Damage
Retreat To Find;Ben Watt;Storm Damage
Aquamarine (feat. Robert Wyatt);Ben Watt;Summer into Winter
Walter and John (feat. Robert Wyatt);Ben Watt;Summer into Winter
Slipping Slowly (feat. Robert Wyatt);Ben Watt;Summer into Winter
Another Conversation with Myself (feat. Robert Wyatt);Ben Watt;Summer into Winter
A Girl in Winter (feat. Robert Wyatt);Ben Watt;Summer into Winter
Love Me Do (2023 Mix);The Beatles;Now And Then
Now And Then;The Beatles;Now And Then
You Won't See Me (Remastered);The Beatles;Rubber Soul
If I Needed Someone (Remastered);The Beatles;Rubber Soul
Think For Yourself (Remastered);The Beatles;Rubber Soul
What Goes On (Remastered);The Beatles;Rubber Soul
Run For Your Life (Remastered);The Beatles;Rubber Soul
Girl (Remastered);The Beatles;Rubber Soul
Norwegian Wood (This Bird Has Flown) (Remastered);The Beatles;Rubber Soul
Wait (Remastered);The Beatles;Rubber Soul
Drive My Car (Remastered);The Beatles;Rubber Soul
Michelle (Remastered);The Beatles;Rubber Soul
Nowhere Man (Remastered);The Beatles;Rubber Soul
I'm Looking Through You (Remastered);The Beatles;Rubber Soul
In My Life (Remastered);The Beatles;Rubber Soul
The Word (Remastered);The Beatles;Rubber Soul
Hey Bulldog (Remastered 2009);The Beatles;Yellow Submarine
Sea Of Holes (Remastered 2009);George Martin;Yellow Submarine
Yellow Submarine (Remastered 2009);The Beatles;Yellow Submarine
All You Need Is Love (Remastered 2009);The Beatles;Yellow Submarine
Yellow Submarine In Pepperland (Remastered 2009);George Martin;Yellow Submarine
Only A Northern Song (Remastered 2009);The Beatles;Yellow Submarine
Pepperland Laid Waste (Remastered 2009);George Martin;Yellow Submarine
It's All Too Much (Remastered 2009);The Beatles;Yellow Submarine
March Of The Meanies (Remastered 2009);George Martin;Yellow Submarine
All Together Now (Remastered 2009);The Beatles;Yellow Submarine
Sea Of Monsters (Remastered 2009);George Martin;Yellow Submarine
Sea Of Time (Remastered 2009);George Martin;Yellow Submarine
Pepperland (Remastered 2009);George Martin;Yellow Submarine
She Said She Said (2022 Mix);The Beatles;Revolver
Yellow Submarine (2022 Mix);The Beatles;Revolver
I'm Only Sleeping (2022 Mix);The Beatles;Revolver
And Your Bird Can Sing (2022 Mix);The Beatles;Revolver
Taxman (2022 Mix);The Beatles;Revolver
Tomorrow Never Knows (2022 Mix);The Beatles;Revolver
For No One (2022 Mix);The Beatles;Revolver
Doctor Robert (2022 Mix);The Beatles;Revolver
Good Day Sunshine (2022 Mix);The Beatles;Revolver
Eleanor Rigby (2022 Mix);The Beatles;Revolver
Here, There And Everywhere (2022 Mix);The Beatles;Revolver
Love You To (2022 Mix);The Beatles;Revolver
Got To Get You Into My Life (2022 Mix);The Beatles;Revolver
I Want To Tell You (2022 Mix);The Beatles;Revolver
Yellow Submarine (Highlighted Sound Effects);The Beatles;Revolver
For No One (Take 10 / Backing Track);The Beatles;Revolver
I’m Only Sleeping (Mono Mix RM1);The Beatles;Revolver
Here, There And Everywhere (Take 6);The Beatles;Revolver
I’m Only Sleeping (Take 5);The Beatles;Revolver
I’m Only Sleeping (Rehearsal Fragment);The Beatles;Revolver
I’m Only Sleeping (Take 2);The Beatles;Revolver
She Said She Said (John's Demo);The Beatles;Revolver
I Want To Tell You (Speech & Take 4);The Beatles;Revolver
Yellow Submarine (Take 4 Before Sound Effects);The Beatles;Revolver
Yellow Submarine (Songwriting Work Tape / Part 1);The Beatles;Revolver
Eleanor Rigby (Take 2);The Beatles;Revolver
She Said She Said (Take 15 / Backing Track Rehearsal);The Beatles;Revolver
Taxman (Take 11);The Beatles;Revolver
Yellow Submarine (Songwriting Work Tape / Part 2);The Beatles;Revolver
And Your Bird Can Sing (Second Version / Take 5);The Beatles;Revolver
Eleanor Rigby (Speech Before Take 2);The Beatles;Revolver
Doctor Robert (Take 7);The Beatles;Revolver
Rain (Take 5 / Slowed Down For Master Tape);The Beatles;Revolver
Got To Get You Into My Life (First Version / Take 5);The Beatles;Revolver
Love You To (Unnumbered Rehearsal);The Beatles;Revolver
Rain (Take 5 / Actual Speed);The Beatles;Revolver
And Your Bird Can Sing (First Version / Take 2 / Giggling);The Beatles;Revolver
Love You To (Take 1);The Beatles;Revolver
Love You To (Take 7);The Beatles;Revolver
Got To Get You Into My Life (Second Version / Take 8);The Beatles;Revolver
Got To Get You Into My Life (Second Version / Unnumbered Mix);The Beatles;Revolver
Tomorrow Never Knows (Mono Mix RM 11);The Beatles;Revolver
Paperback Writer (Takes 1 & 2 / Backing Track);The Beatles;Revolver
And Your Bird Can Sing (First Version / Take 2);The Beatles;Revolver
Tomorrow Never Knows (Take 1);The Beatles;Revolver
She Said She Said (Mono);The Beatles;Revolver
Yellow Submarine (Mono);The Beatles;Revolver
I'm Only Sleeping (Mono);The Beatles;Revolver
And Your Bird Can Sing (Mono);The Beatles;Revolver
Taxman (Mono);The Beatles;Revolver
Tomorrow Never Knows (Mono);The Beatles;Revolver
For No One (Mono);The Beatles;Revolver
Doctor Robert (Mono);The Beatles;Revolver
Good Day Sunshine (Mono);The Beatles;Revolver
Eleanor Rigby (Mono);The Beatles;Revolver
Here, There And Everywhere (Mono);The Beatles;Revolver
Love You To (Mono);The Beatles;Revolver
Got To Get You Into My Life (Mono);The Beatles;Revolver
I Want To Tell You (Mono);The Beatles;Revolver
Rain (2022 Stereo Mix);The Beatles;Revolver
Paperback Writer (2022 Stereo Mix);The Beatles;Revolver
Rain (Mono);The Beatles;Revolver
Paperback Writer (Mono);The Beatles;Revolver
You've Got To Hide Your Love Away (Remastered);The Beatles;Help!
Act Naturally (Remastered);The Beatles;Help!
It's Only Love (Remastered);The Beatles;Help!
Another Girl (Remastered);The Beatles;Help!
Dizzy Miss Lizzy (Remastered);The Beatles;Help!
I've Just Seen A Face (Remastered);The Beatles;Help!
The Night Before (Remastered);The Beatles;Help!
Tell Me What You See (Remastered);The Beatles;Help!
I Need You (Remastered);The Beatles;Help!
Ticket To Ride (Remastered);The Beatles;Help!
You Like Me Too Much (Remastered);The Beatles;Help!
Help! (Remastered);The Beatles;Help!
You're Going To Lose That Girl (Remastered);The Beatles;Help!
Yesterday (Remastered);The Beatles;Help!
Baby It's You (Remastered 2009);The Beatles;Please Please Me
A Taste Of Honey (Remastered 2009);The Beatles;Please Please Me
Anna (Go To Him) (Remastered 2009);The Beatles;Please Please Me
Do You Want To Know A Secret (Remastered 2009);The Beatles;Please Please Me
Ask Me Why (Remastered 2009);The Beatles;Please Please Me
I Saw Her Standing There (Remastered 2009);The Beatles;Please Please Me
Love Me Do (Remastered 2009);The Beatles;Please Please Me
Boys (Remastered 2009);The Beatles;Please Please Me
Twist And Shout (Remastered 2009);The Beatles;Please Please Me
Please Please Me (Remastered 2009);The Beatles;Please Please Me
Chains (Remastered 2009);The Beatles;Please Please Me
There's A Place (Remastered 2009);The Beatles;Please Please Me
P.S. I Love You (Remastered 2009);The Beatles;Please Please Me
Misery (Remastered 2009);The Beatles;Please Please Me
Kansas City / Hey-Hey-Hey-Hey (Remastered);The Beatles;Beatles For Sale
Honey Don't (Remastered);The Beatles;Beatles For Sale
Eight Days A Week (Remastered);The Beatles;Beatles For Sale
Everybody's Trying To Be My Baby (Remastered);The Beatles;Beatles For Sale
What You're Doing (Remastered);The Beatles;Beatles For Sale
Words Of Love (Remastered);The Beatles;Beatles For Sale
Mr Moonlight (Remastered);The Beatles;Beatles For Sale
Rock And Roll Music (Remastered);The Beatles;Beatles For Sale
Baby's In Black (Remastered);The Beatles;Beatles For Sale
I'm A Loser (Remastered);The Beatles;Beatles For Sale
No Reply (Remastered);The Beatles;Beatles For Sale
Every Little Thing (Remastered);The Beatles;Beatles For Sale
I Don't Want To Spoil The Party (Remastered);The Beatles;Beatles For Sale
I'll Follow The Sun (Remastered);The Beatles;Beatles For Sale
Back In The U.S.S.R. (2018 Mix);The Beatles;The Beatles (White Album) [Super Deluxe]
While My Guitar Gently Weeps (2018 Mix);The Beatles;The Beatles (White Album) [Super Deluxe]
Don't Pass Me By (2018 Mix);The Beatles;The Beatles (White Album) [Super Deluxe]
The Continuing Story Of Bungalow Bill (2018 Mix);The Beatles;The Beatles (White Album) [Super Deluxe]
Why Don't We Do It In The Road? (2018 Mix);The Beatles;The Beatles (White Album) [Super Deluxe]
Martha My Dear (2018 Mix);The Beatles;The Beatles (White Album) [Super Deluxe]
Glass Onion (2018 Mix);The Beatles;The Beatles (White Album) [Super Deluxe]
I Will (2018 Mix);The Beatles;The Beatles (White Album) [Super Deluxe]
I'm So Tired (2018 Mix);The Beatles;The Beatles (White Album) [Super Deluxe]
Rocky Raccoon (2018 Mix);The Beatles;The Beatles (White Album) [Super Deluxe]
Dear Prudence (2018 Mix);The Beatles;The Beatles (White Album) [Super Deluxe]
Ob-La-Di, Ob-La-Da (2018 Mix);The Beatles;The Beatles (White Album) [Super Deluxe]
Piggies (2018 Mix);The Beatles;The Beatles (White Album) [Super Deluxe]
Julia (2018 Mix);The Beatles;The Beatles (White Album) [Super Deluxe]
Blackbird (2018 Mix);The Beatles;The Beatles (White Album) [Super Deluxe]
Happiness Is A Warm Gun (2018 Mix);The Beatles;The Beatles (White Album) [Super Deluxe]
Wild Honey Pie (2018 Mix);The Beatles;The Beatles (White Album) [Super Deluxe]
Rocky Raccoon (Esher Demo);The Beatles;The Beatles (White Album) [Super Deluxe]
Back In The U.S.S.R. (Esher Demo);The Beatles;The Beatles (White Album) [Super Deluxe]
Sexy Sadie (Esher Demo);The Beatles;The Beatles (White Album) [Super Deluxe]
Mother Nature's Son (Esher Demo);The Beatles;The Beatles (White Album) [Super Deluxe]
Sour Milk Sea (Esher Demo);The Beatles;The Beatles (White Album) [Super Deluxe]
Child Of Nature (Esher Demo);The Beatles;The Beatles (White Album) [Super Deluxe]
What’s The New Mary Jane (Esher Demo);The Beatles;The Beatles (White Album) [Super Deluxe]
Mean Mr Mustard (Esher Demo);The Beatles;The Beatles (White Album) [Super Deluxe]
Blackbird (Esher Demo);The Beatles;The Beatles (White Album) [Super Deluxe]
Piggies (Esher Demo);The Beatles;The Beatles (White Album) [Super Deluxe]
Yer Blues (Esher Demo);The Beatles;The Beatles (White Album) [Super Deluxe]
Everybody's Got Something To Hide Except Me And My Monkey (Esher Demo);The Beatles;The Beatles (White Album) [Super Deluxe]
Junk (Esher Demo);The Beatles;The Beatles (White Album) [Super Deluxe]
Glass Onion (Esher Demo);The Beatles;The Beatles (White Album) [Super Deluxe]
Happiness Is A Warm Gun (Esher Demo);The Beatles;The Beatles (White Album) [Super Deluxe]
The Continuing Story Of Bungalow Bill (Esher Demo);The Beatles;The Beatles (White Album) [Super Deluxe]
Revolution (Esher Demo);The Beatles;The Beatles (White Album) [Super Deluxe]
Dear Prudence (Esher Demo);The Beatles;The Beatles (White Album) [Super Deluxe]
Polythene Pam (Esher Demo);The Beatles;The Beatles (White Album) [Super Deluxe]
Julia (Esher Demo);The Beatles;The Beatles (White Album) [Super Deluxe]
Cry Baby Cry (Esher Demo);The Beatles;The Beatles (White Album) [Super Deluxe]
While My Guitar Gently Weeps (Esher Demo);The Beatles;The Beatles (White Album) [Super Deluxe]
Not Guilty (Esher Demo);The Beatles;The Beatles (White Album) [Super Deluxe]
Ob-La-Di, Ob-La-Da (Esher Demo);The Beatles;The Beatles (White Album) [Super Deluxe]
I'm So Tired (Esher Demo);The Beatles;The Beatles (White Album) [Super Deluxe]
Circles (Esher Demo);The Beatles;The Beatles (White Album) [Super Deluxe]
Honey Pie (Esher Demo);The Beatles;The Beatles (White Album) [Super Deluxe]
Mother Nature's Son (2018 Mix);The Beatles;The Beatles (White Album) [Super Deluxe]
Sexy Sadie (2018 Mix);The Beatles;The Beatles (White Album) [Super Deluxe]
Revolution 9 (2018 Mix);The Beatles;The Beatles (White Album) [Super Deluxe]
Revolution 1 (2018 Mix);The Beatles;The Beatles (White Album) [Super Deluxe]
Honey Pie (2018 Mix);The Beatles;The Beatles (White Album) [Super Deluxe]
Yer Blues (2018 Mix);The Beatles;The Beatles (White Album) [Super Deluxe]
Long, Long, Long (2018 Mix);The Beatles;The Beatles (White Album) [Super Deluxe]
Helter Skelter (2018 Mix);The Beatles;The Beatles (White Album) [Super Deluxe]
Good Night (2018 Mix);The Beatles;The Beatles (White Album) [Super Deluxe]
Birthday (2018 Mix);The Beatles;The Beatles (White Album) [Super Deluxe]
Everybody's Got Something To Hide Except Me And My Monkey (2018 Mix);The Beatles;The Beatles (White Album) [Super Deluxe]
Savoy Truffle (2018 Mix);The Beatles;The Beatles (White Album) [Super Deluxe]
Cry Baby Cry (2018 Mix);The Beatles;The Beatles (White Album) [Super Deluxe]
I'm So Tired (Take 14);The Beatles;The Beatles (White Album) [Super Deluxe]
Martha My Dear (Without Brass And Strings);The Beatles;The Beatles (White Album) [Super Deluxe]
Why Don’t We Do It In The Road? (Take 5);The Beatles;The Beatles (White Album) [Super Deluxe]
I Will (Take 13);The Beatles;The Beatles (White Album) [Super Deluxe]
I'm So Tired (Take 7);The Beatles;The Beatles (White Album) [Super Deluxe]
Across The Universe (Take 6);The Beatles;The Beatles (White Album) [Super Deluxe]
Savoy Truffle (Instrumental Backing Track);The Beatles;The Beatles (White Album) [Super Deluxe]
Lady Madonna (Backing Vocals From Take 3);The Beatles;The Beatles (White Album) [Super Deluxe]
I Will (Take 29);The Beatles;The Beatles (White Album) [Super Deluxe]
Can You Take Me Back? (Take 1);The Beatles;The Beatles (White Album) [Super Deluxe]
Los Paranoias (Studio Jam);The Beatles;The Beatles (White Album) [Super Deluxe]
Piggies (Take 12 / Instrumental Backing Track);The Beatles;The Beatles (White Album) [Super Deluxe]
Julia (Two Rehearsals);The Beatles;The Beatles (White Album) [Super Deluxe]
Honey Pie (Instrumental Backing Track);The Beatles;The Beatles (White Album) [Super Deluxe]
The Continuing Story Of Bungalow Bill (Take 2);The Beatles;The Beatles (White Album) [Super Deluxe]
Happiness Is A Warm Gun (Take 19);The Beatles;The Beatles (White Album) [Super Deluxe]
Lady Madonna (Take 2 / Piano & Drums);The Beatles;The Beatles (White Album) [Super Deluxe]
Blue Moon (Studio Jam);The Beatles;The Beatles (White Album) [Super Deluxe]
The Inner Light (Take 6 / Instrumental Backing Track);The Beatles;The Beatles (White Album) [Super Deluxe]
Step Inside Love (Studio Jam);The Beatles;The Beatles (White Album) [Super Deluxe]
Long, Long, Long (Take 44);The Beatles;The Beatles (White Album) [Super Deluxe]
Birthday (Take 2 / Instrumental Backing Track);The Beatles;The Beatles (White Album) [Super Deluxe]
Blackbird (Take 28);The Beatles;The Beatles (White Album) [Super Deluxe]
Helter Skelter (First Version / Take 2);The Beatles;The Beatles (White Album) [Super Deluxe]
Good Night (Unumbered Rehearsal);The Beatles;The Beatles (White Album) [Super Deluxe]
Revolution (Unumbered Rehearsal);The Beatles;The Beatles (White Album) [Super Deluxe]
Good Night (Take 22);The Beatles;The Beatles (White Album) [Super Deluxe]
Revolution 1 (Take 18);The Beatles;The Beatles (White Album) [Super Deluxe]
A Beginning (Take 4) / Don’t Pass Me By (Take 7);The Beatles;The Beatles (White Album) [Super Deluxe]
Revolution (Take 14 / Instrumental Backing Track);The Beatles;The Beatles (White Album) [Super Deluxe]
Good Night (Take 10 With A Guitar Part From Take 5);The Beatles;The Beatles (White Album) [Super Deluxe]
Everybody's Got Something To Hide Except Me And My Monkey (Unumbered Rehearsal);The Beatles;The Beatles (White Album) [Super Deluxe]
Cry Baby Cry (Unumbered Rehearsal);The Beatles;The Beatles (White Album) [Super Deluxe]
Ob-La-Di, Ob-La-Da (Take 3);The Beatles;The Beatles (White Album) [Super Deluxe]
Helter Skelter (Second Version / Take 17);The Beatles;The Beatles (White Album) [Super Deluxe]
Dear Prudence (Vocal, Guitar & Drums);The Beatles;The Beatles (White Album) [Super Deluxe]
(You're So Square) Baby I Don’t Care (Studio Jam);The Beatles;The Beatles (White Album) [Super Deluxe]
Let It Be (Unumbered Rehearsal);The Beatles;The Beatles (White Album) [Super Deluxe]
Not Guilty (Take 102);The Beatles;The Beatles (White Album) [Super Deluxe]
Rocky Raccoon (Take 8);The Beatles;The Beatles (White Album) [Super Deluxe]
Mother Nature's Son (Take 15);The Beatles;The Beatles (White Album) [Super Deluxe]
What’s The New Mary Jane (Take 1);The Beatles;The Beatles (White Album) [Super Deluxe]
Yer Blues (Take 5 With Guide Vocal);The Beatles;The Beatles (White Album) [Super Deluxe]
Hey Jude (Take 1);The Beatles;The Beatles (White Album) [Super Deluxe]
Glass Onion (Take 10);The Beatles;The Beatles (White Album) [Super Deluxe]
Back In The U.S.S.R. (Take 5 / Instrumental Backing Track);The Beatles;The Beatles (White Album) [Super Deluxe]
While My Guitar Gently Weeps (Acoustic Version / Take 2);The Beatles;The Beatles (White Album) [Super Deluxe]
Sexy Sadie (Take 3);The Beatles;The Beatles (White Album) [Super Deluxe]
St Louis Blues (Studio Jam);The Beatles;The Beatles (White Album) [Super Deluxe]
While My Guitar Gently Weeps (Third Version / Take 27);The Beatles;The Beatles (White Album) [Super Deluxe]
Maggie Mae (2021 Mix);The Beatles;Let It Be
Dig A Pony (2021 Mix);The Beatles;Let It Be
For You Blue (2021 Mix);The Beatles;Let It Be
I've Got A Feeling (2021 Mix);The Beatles;Let It Be
Dig It (2021 Mix);The Beatles;Let It Be
Two Of Us (2021 Mix);The Beatles;Let It Be
I Me Mine (2021 Mix);The Beatles;Let It Be
The Long And Winding Road (2021 Mix);The Beatles;Let It Be
One After 909 (2021 Mix);The Beatles;Let It Be
Let It Be (2021 Mix);The Beatles;Let It Be
Across The Universe (2021 Mix);The Beatles;Let It Be
Get Back (2021 Mix);The Beatles;Let It Be
Oh! Darling (Jam);The Beatles;Let It Be
Something (Rehearsal / Mono);The Beatles;Let It Be
Get Back (Take 8);The Beatles;Let It Be
She Came In Through The Bathroom Window (Rehearsal);The Beatles;Let It Be
Polythene Pam (Rehearsal / Mono);The Beatles;Let It Be
The Walk (Jam);The Beatles;Let It Be
I Me Mine (Rehearsal / Mono);The Beatles;Let It Be
Concentrate On The Sound (Mono);The Beatles;Let It Be
On The Day Shift Now / All Things Must Pass (Rehearsals / Mono);The Beatles;Let It Be
Let It Be (Take 28);The Beatles;Let It Be
Gimme Some Truth (Rehearsal / Mono);The Beatles;Let It Be
Octopus’s Garden (Rehearsal / Mono);The Beatles;Let It Be
Without A Song (Jam);The Beatles;Let It Be
Dig A Pony (Take 14);The Beatles;Let It Be
Get Back (Take 19);The Beatles;Let It Be
Morning Camera / Two Of Us (Take 4);The Beatles;Let It Be
Let It Be / Please Please Me / Let It Be (Take 10);The Beatles;Let It Be
One After 909 (Take 3);The Beatles;Let It Be
The Long And Winding Road (Take 19);The Beatles;Let It Be
Can You Dig It?;The Beatles;Let It Be
For You Blue (Take 4);The Beatles;Let It Be
Don’t Let Me Down (First Rooftop Performance);The Beatles;Let It Be
Like Making An Album? (Speech);The Beatles;Let It Be
Maggie Mae / Fancy My Chances With You (Mono);The Beatles;Let It Be
I’ve Got A Feeling (Take 10);The Beatles;Let It Be
Wake Up Little Susie / I Me Mine (Take 11);The Beatles;Let It Be
I Don't Know Why I'm Moaning (Speech / Mono);The Beatles;Let It Be
Let It Be (1969 Glyn Johns Mix);The Beatles;Let It Be
Teddy Boy (1969 Glyn Johns Mix);The Beatles;Let It Be
Don't Let Me Down (1969 Glyn Johns Mix);The Beatles;Let It Be
Dig A Pony (1969 Glyn Johns Mix);The Beatles;Let It Be
Maggie Mae (1969 Glyn Johns Mix);The Beatles;Let It Be
I've Got A Feeling (1969 Glyn Johns Mix);The Beatles;Let It Be
Dig It (1969 Glyn Johns Mix);The Beatles;Let It Be
The Long And Winding Road (1969 Glyn Johns Mix);The Beatles;Let It Be
Get Back (Reprise / 1969 Glyn Johns Mix);The Beatles;Let It Be
One After 909 (1969 Glyn Johns Mix);The Beatles;Let It Be
Get Back (1969 Glyn Johns Mix);The Beatles;Let It Be
For You Blue (1969 Glyn Johns Mix);The Beatles;Let It Be
Two Of Us (1969 Glyn Johns Mix);The Beatles;Let It Be
Medley: I’m Ready (aka Rocker) / Save The Last Dance For Me / Don’t Let Me Down (1969 Glyn Johns Mix);The Beatles;Let It Be
Don’t Let Me Down (Single Version / 2021 Mix);The Beatles;Let It Be
I Me Mine (1970 Glyn Johns Mix);The Beatles;Let It Be
Across The Universe (1970 Glyn Johns Mix);The Beatles;Let It Be
Let It Be (Single Version / 2021 Mix);The Beatles;Let It Be
Good Morning Good Morning (Remix);The Beatles;Sgt. Pepper's Lonely Hearts Club Band
Sgt. Pepper's Lonely Hearts Club Band (Reprise) (Remix);The Beatles;Sgt. Pepper's Lonely Hearts Club Band
Sgt. Pepper's Lonely Hearts Club Band (Remix);The Beatles;Sgt. Pepper's Lonely Hearts Club Band
Within You Without You (Remix);The Beatles;Sgt. Pepper's Lonely Hearts Club Band
When I'm Sixty-Four (Remix);The Beatles;Sgt. Pepper's Lonely Hearts Club Band
Being For The Benefit Of Mr. Kite! (Remix);The Beatles;Sgt. Pepper's Lonely Hearts Club Band
Lucy In The Sky With Diamonds (Remix);The Beatles;Sgt. Pepper's Lonely Hearts Club Band
Fixing A Hole (Remix);The Beatles;Sgt. Pepper's Lonely Hearts Club Band
She's Leaving Home (Remix);The Beatles;Sgt. Pepper's Lonely Hearts Club Band
With A Little Help From My Friends (Remix);The Beatles;Sgt. Pepper's Lonely Hearts Club Band
A Day In The Life (Remix);The Beatles;Sgt. Pepper's Lonely Hearts Club Band
Lovely Rita (Remix);The Beatles;Sgt. Pepper's Lonely Hearts Club Band
Getting Better (Remix);The Beatles;Sgt. Pepper's Lonely Hearts Club Band
Being For The Benefit Of Mr. Kite! (Take 7);The Beatles;Sgt. Pepper's Lonely Hearts Club Band
She's Leaving Home (Take 6 / Instrumental);The Beatles;Sgt. Pepper's Lonely Hearts Club Band
Getting Better (Take 1 / Instrumental And Speech At The End);The Beatles;Sgt. Pepper's Lonely Hearts Club Band
Fixing A Hole (Speech And Take 3);The Beatles;Sgt. Pepper's Lonely Hearts Club Band
Sgt. Pepper's Lonely Hearts Club Band (Reprise) (Speech And Take 8);The Beatles;Sgt. Pepper's Lonely Hearts Club Band
Lucy In The Sky With Diamonds (Take 1 And Speech At The End);The Beatles;Sgt. Pepper's Lonely Hearts Club Band
Being For The Benefit Of Mr. Kite! (Speech From Before Take 1 / Take 4 And Speech At End);The Beatles;Sgt. Pepper's Lonely Hearts Club Band
Fixing A Hole (Take 1);The Beatles;Sgt. Pepper's Lonely Hearts Club Band
Lucy In The Sky With Diamonds (Speech, False Start And Take 5);The Beatles;Sgt. Pepper's Lonely Hearts Club Band
Lovely Rita (Speech And Take 9);The Beatles;Sgt. Pepper's Lonely Hearts Club Band
Within You Without You (Take 1 / Indian Instruments);The Beatles;Sgt. Pepper's Lonely Hearts Club Band
She's Leaving Home (Take 1 / Instrumental);The Beatles;Sgt. Pepper's Lonely Hearts Club Band
Getting Better (Take 12);The Beatles;Sgt. Pepper's Lonely Hearts Club Band
Within You Without You (George Coaching The Musicians);The Beatles;Sgt. Pepper's Lonely Hearts Club Band
With A Little Help From My Friends (Take 1 / False Start And Take 2 / Instrumental);The Beatles;Sgt. Pepper's Lonely Hearts Club Band
Strawberry Fields Forever (Stereo Mix 2015);The Beatles;Sgt. Pepper's Lonely Hearts Club Band
Strawberry Fields Forever (Take 1);The Beatles;Sgt. Pepper's Lonely Hearts Club Band
Good Morning Good Morning (Take 1 / Instrumental Breakdown);The Beatles;Sgt. Pepper's Lonely Hearts Club Band
When I'm Sixty-Four (Take 2);The Beatles;Sgt. Pepper's Lonely Hearts Club Band
Sgt. Pepper's Lonely Hearts Club Band (Take 9 And Speech);The Beatles;Sgt. Pepper's Lonely Hearts Club Band
A Day In The Life (Take 2);The Beatles;Sgt. Pepper's Lonely Hearts Club Band
Strawberry Fields Forever (Take 26);The Beatles;Sgt. Pepper's Lonely Hearts Club Band
Sgt. Pepper's Lonely Hearts Club Band (Take 1 / Instrumental);The Beatles;Sgt. Pepper's Lonely Hearts Club Band
A Day In The Life (The Last Chord);The Beatles;Sgt. Pepper's Lonely Hearts Club Band
Good Morning Good Morning (Take 8);The Beatles;Sgt. Pepper's Lonely Hearts Club Band
A Day In The Life (Orchestra Overdub);The Beatles;Sgt. Pepper's Lonely Hearts Club Band
Penny Lane (Take 6 / Instrumental);The Beatles;Sgt. Pepper's Lonely Hearts Club Band
A Day In The Life (Take 1);The Beatles;Sgt. Pepper's Lonely Hearts Club Band
A Day In The Life (Hummed Last Chord / Takes 8, 9, 10 And 11);The Beatles;Sgt. Pepper's Lonely Hearts Club Band
Penny Lane (Stereo Mix 2017);The Beatles;Sgt. Pepper's Lonely Hearts Club Band
Penny Lane (Vocal Overdubs And Speech);The Beatles;Sgt. Pepper's Lonely Hearts Club Band
Strawberry Fields Forever (Take 4);The Beatles;Sgt. Pepper's Lonely Hearts Club Band
Strawberry Fields Forever (Take 7);The Beatles;Sgt. Pepper's Lonely Hearts Club Band
Good Morning Good Morning;The Beatles;Sgt. Pepper's Lonely Hearts Club Band
She's Leaving Home (First Mono Mix);The Beatles;Sgt. Pepper's Lonely Hearts Club Band
Sgt Pepper's Lonely Hearts Club Band;The Beatles;Sgt. Pepper's Lonely Hearts Club Band
Within You Without You;The Beatles;Sgt. Pepper's Lonely Hearts Club Band
Lucy In The Sky With Diamonds;The Beatles;Sgt. Pepper's Lonely Hearts Club Band
Strawberry Fields Forever;The Beatles;Sgt. Pepper's Lonely Hearts Club Band
Penny Lane;The Beatles;Sgt. Pepper's Lonely Hearts Club Band
Fixing A Hole;The Beatles;Sgt. Pepper's Lonely Hearts Club Band
She's Leaving Home;The Beatles;Sgt. Pepper's Lonely Hearts Club Band
Lucy In The Sky With Diamonds (Original Mono Mix - No. 11);The Beatles;Sgt. Pepper's Lonely Hearts Club Band
Being For The Benefit Of Mr Kite!;The Beatles;Sgt. Pepper's Lonely Hearts Club Band
When I'm Sixty Four;The Beatles;Sgt. Pepper's Lonely Hearts Club Band
Sgt Pepper's Lonely Hearts Club Band (Reprise);The Beatles;Sgt. Pepper's Lonely Hearts Club Band
Penny Lane (Capitol Records Mono US Promo Mix);The Beatles;Sgt. Pepper's Lonely Hearts Club Band
A Day In The Life (First Mono Mix);The Beatles;Sgt. Pepper's Lonely Hearts Club Band
With A Little Help From My Friends;The Beatles;Sgt. Pepper's Lonely Hearts Club Band
A Day In The Life;The Beatles;Sgt. Pepper's Lonely Hearts Club Band
Lovely Rita;The Beatles;Sgt. Pepper's Lonely Hearts Club Band
Getting Better;The Beatles;Sgt. Pepper's Lonely Hearts Club Band
Magical Mystery Tour (Remastered 2009);The Beatles;Magical Mystery Tour
The Fool On The Hill (Remastered 2009);The Beatles;Magical Mystery Tour
Flying (Remastered 2009);The Beatles;Magical Mystery Tour
Your Mother Should Know (Remastered 2009);The Beatles;Magical Mystery Tour
Baby, You're A Rich Man (Remastered 2009);The Beatles;Magical Mystery Tour
All You Need Is Love (Remastered 2009);The Beatles;Magical Mystery Tour
Hello, Goodbye (Remastered 2009);The Beatles;Magical Mystery Tour
I Am The Walrus (Remastered 2009);The Beatles;Magical Mystery Tour
Blue Jay Way (Remastered 2009);The Beatles;Magical Mystery Tour
Strawberry Fields Forever (Remastered 2009);The Beatles;Magical Mystery Tour
Penny Lane (Remastered 2009);The Beatles;Magical Mystery Tour
Don't Bother Me (Remastered);The Beatles;With The Beatles
Not A Second Time (Remastered);The Beatles;With The Beatles
Little Child (Remastered);The Beatles;With The Beatles
All My Loving (Remastered);The Beatles;With The Beatles
I Wanna Be Your Man (Remastered);The Beatles;With The Beatles
Roll Over Beethoven (Remastered);The Beatles;With The Beatles
Money (That's What I Want) (Remastered);The Beatles;With The Beatles
It Won't Be Long (Remastered);The Beatles;With The Beatles
Hold Me Tight (Remastered);The Beatles;With The Beatles
All I've Got To Do (Remastered);The Beatles;With The Beatles
You Really Got A Hold On Me (Remastered);The Beatles;With The Beatles
Till There Was You (Remastered);The Beatles;With The Beatles
Devil In Her Heart (Remastered);The Beatles;With The Beatles
Please Mister Postman (Remastered);The Beatles;With The Beatles
I Should Have Known Better (Remastered);The Beatles;A Hard Day's Night
I'll Cry Instead (Remastered);The Beatles;A Hard Day's Night
Things We Said Today (Remastered);The Beatles;A Hard Day's Night
I'll Be Back (Remastered);The Beatles;A Hard Day's Night
Tell Me Why (Remastered);The Beatles;A Hard Day's Night
A Hard Day's Night (Remastered);The Beatles;A Hard Day's Night
Any Time At All (Remastered);The Beatles;A Hard Day's Night
When I Get Home (Remastered);The Beatles;A Hard Day's Night
And I Love Her (Remastered);The Beatles;A Hard Day's Night
If I Fell (Remastered);The Beatles;A Hard Day's Night
I'm Happy Just To Dance With You (Remastered);The Beatles;A Hard Day's Night
You Can't Do That (Remastered);The Beatles;A Hard Day's Night
Can't Buy Me Love (Remastered);The Beatles;A Hard Day's Night
Come Together (2019 Mix);The Beatles;Abbey Road
You Never Give Me Your Money (2019 Mix);The Beatles;Abbey Road
The End (2019 Mix);The Beatles;Abbey Road
Octopus's Garden (2019 Mix);The Beatles;Abbey Road
Polythene Pam (2019 Mix);The Beatles;Abbey Road
She Came In Through The Bathroom Window (2019 Mix);The Beatles;Abbey Road
I Want You (She's So Heavy) (2019 Mix);The Beatles;Abbey Road
Here Comes The Sun (2019 Mix);The Beatles;Abbey Road
Carry That Weight (2019 Mix);The Beatles;Abbey Road
Her Majesty (2019 Mix);The Beatles;Abbey Road
Sun King (2019 Mix);The Beatles;Abbey Road
Oh! Darling (2019 Mix);The Beatles;Abbey Road
Maxwell's Silver Hammer (2019 Mix);The Beatles;Abbey Road
Mean Mr Mustard (2019 Mix);The Beatles;Abbey Road
Because (2019 Mix);The Beatles;Abbey Road
Something (2019 Mix);The Beatles;Abbey Road
Golden Slumbers (2019 Mix);The Beatles;Abbey Road
Come Together (Take 5);The Beatles;Abbey Road
Polythene Pam (Take 27);The Beatles;Abbey Road
The Long One (Comprising of ‘You Never Give Me Your Money’, ’Sun King’/’Mean Mr Mustard’, ‘Her Majesty’, ‘Polythene Pam’/’She Came In Through The Bathroom Window’, ’Golden Slumbers’/ ’Carry That Weight’, ’The End’);The Beatles;Abbey Road
Something (Take 39 / Instrumental / Strings Only);The Beatles;Abbey Road
The End (Take 3);The Beatles;Abbey Road
Mean Mr. Mustard (Take 20);The Beatles;Abbey Road
Golden Slumbers / Carry That Weight (Take 17 / Instrumental / Strings & Brass Only);The Beatles;Abbey Road
Come And Get It (Studio Demo);The Beatles;Abbey Road
Because (Take 1 / Instrumental);The Beatles;Abbey Road
She Came In Through The Bathroom Window (Take 27);The Beatles;Abbey Road
Sun King (Take 20);The Beatles;Abbey Road
Her Majesty (Takes 1-3);The Beatles;Abbey Road
Here Comes The Sun (Take 9);The Beatles;Abbey Road
Something (Studio Demo);The Beatles;Abbey Road
Golden Slumbers / Carry That Weight (Takes 1-3 / Medley);The Beatles;Abbey Road
Maxwell's Silver Hammer (Take 12);The Beatles;Abbey Road
Old Brown Shoe (Take 2);The Beatles;Abbey Road
I Want You (She's So Heavy) (Trident Recording Session & Reduction Mix);The Beatles;Abbey Road
You Never Give Me Your Money (Take 36);The Beatles;Abbey Road
Goodbye (Home Demo);The Beatles;Abbey Road
Oh! Darling (Take 4);The Beatles;Abbey Road
Octopus's Garden (Take 9);The Beatles;Abbey Road
The Ballad Of John And Yoko (Take 7);The Beatles;Abbey Road
Drug-Stabbing Time  (Remastered);The Clash;Give 'Em Enough Rope 
All the Young Punks (New Boots and Contracts)  (Remastered);The Clash;Give 'Em Enough Rope 
Stay Free  (Remastered);The Clash;Give 'Em Enough Rope 
English Civil War  (Remastered);The Clash;Give 'Em Enough Rope 
Guns on the Roof  (Remastered);The Clash;Give 'Em Enough Rope 
Safe European Home  (Remastered);The Clash;Give 'Em Enough Rope 
Julie's Been Working for the Drug Squad  (Remastered);The Clash;Give 'Em Enough Rope 
Last Gang in Town  (Remastered);The Clash;Give 'Em Enough Rope 
Cheapskates  (Remastered);The Clash;Give 'Em Enough Rope 
Tommy Gun  (Remastered);The Clash;Give 'Em Enough Rope 
Lose This Skin  (Remastered);The Clash;Sandinista! 
Version City  (Remastered);The Clash;Sandinista! 
The Equaliser  (Remastered);The Clash;Sandinista! 
Up In Heaven (Not Only Here)  (Remastered);The Clash;Sandinista! 
Police On My Back  (Remastered);The Clash;Sandinista! 
The Leader  (Remastered);The Clash;Sandinista! 
Shepherds Delight  (Remastered);The Clash;Sandinista! 
The Call Up  (Remastered);The Clash;Sandinista! 
Broadway  (Remastered);The Clash;Sandinista! 
Hitsville U.K.  (Remastered);The Clash;Sandinista! 
Version Pardner  (Remastered);The Clash;Sandinista! 
The Sound of Sinners  (Remastered);The Clash;Sandinista! 
Career Opportunities  (Remastered);The Clash;Sandinista! 
Something About England  (Remastered);The Clash;Sandinista! 
Lightning Strikes (Not Once but Twice)  (Remastered);The Clash;Sandinista! 
Junco Partner  (Remastered);The Clash;Sandinista! 
Ivan Meets G.I. Joe  (Remastered);The Clash;Sandinista! 
One More Time  (Remastered);The Clash;Sandinista! 
Somebody Got Murdered  (Remastered);The Clash;Sandinista! 
Let's Go Crazy  (Remastered);The Clash;Sandinista! 
Look Here  (Remastered);The Clash;Sandinista! 
Kingston Advice  (Remastered);The Clash;Sandinista! 
The Magnificent Seven  (Remastered);The Clash;Sandinista! 
Washington Bullets  (Remastered);The Clash;Sandinista! 
The Crooked Beat  (Remastered);The Clash;Sandinista! 
One More Dub  (Remastered);The Clash;Sandinista! 
The Street Parade  (Remastered);The Clash;Sandinista! 
Mensforth Hill  (Remastered);The Clash;Sandinista! 
Midnight Log  (Remastered);The Clash;Sandinista! 
Silicone On Sapphire  (Remastered);The Clash;Sandinista! 
Charlie Don't Surf  (Remastered);The Clash;Sandinista! 
Living In Fame  (Remastered);The Clash;Sandinista! 
Rebel Waltz  (Remastered);The Clash;Sandinista! 
Junkie Slip  (Remastered);The Clash;Sandinista! 
Corner Soul  (Remastered);The Clash;Sandinista! 
If Music Could Talk  (Remastered);The Clash;Sandinista! 
Protex Blue  (Remastered);The Clash;The Clash 
Remote Control  (Remastered);The Clash;The Clash 
Janie Jones  (Remastered);The Clash;The Clash 
London's Burning  (Remastered);The Clash;The Clash 
Cheat  (Remastered);The Clash;The Clash 
Career Opportunities  (Remastered);The Clash;The Clash 
Hate & War  (Remastered);The Clash;The Clash 
Deny  (Remastered);The Clash;The Clash 
White Riot  (Remastered);The Clash;The Clash 
What's My Name  (Remastered);The Clash;The Clash 
Garageland  (Remastered);The Clash;The Clash 
48 Hours  (Remastered);The Clash;The Clash 
I'm so Bored with the U.S.A.  (Remastered);The Clash;The Clash 
Police & Thieves  (Remastered);The Clash;The Clash 
Know Your Rights  (Remastered);The Clash;Combat Rock 
Overpowered by Funk  (Remastered);The Clash;Combat Rock 
Inoculated City  (Remastered);The Clash;Combat Rock 
Red Angel Dragnet  (Remastered);The Clash;Combat Rock 
Should I Stay or Should I Go  (Remastered);The Clash;Combat Rock 
Atom Tan  (Remastered);The Clash;Combat Rock 
Rock the Casbah  (Remastered);The Clash;Combat Rock 
Sean Flynn  (Remastered);The Clash;Combat Rock 
Death is a Star  (Remastered);The Clash;Combat Rock 
Car Jamming  (Remastered);The Clash;Combat Rock 
Straight to Hell  (Remastered);The Clash;Combat Rock 
Ghetto Defendant  (Remastered);The Clash;Combat Rock 
Lover's Rock  (Remastered);The Clash;London Calling 
Death or Glory  (Remastered);The Clash;London Calling 
I'm Not Down  (Remastered);The Clash;London Calling 
Rudie Can't Fail  (Remastered);The Clash;London Calling 
Train in Vain (Stand by Me)  (Remastered);The Clash;London Calling 
Jimmy Jazz  (Remastered);The Clash;London Calling 
The Guns of Brixton  (Remastered);The Clash;London Calling 
Spanish Bombs  (Remastered);The Clash;London Calling 
London Calling  (Remastered);The Clash;London Calling 
The Card Cheat  (Remastered);The Clash;London Calling 
Koka Kola  (Remastered);The Clash;London Calling 
The Right Profile  (Remastered);The Clash;London Calling 
Four Horsemen  (Remastered);The Clash;London Calling 
Clampdown  (Remastered);The Clash;London Calling 
Lost in the Supermarket  (Remastered);The Clash;London Calling 
Brand New Cadillac  (Remastered);The Clash;London Calling 
Wrong 'Em Boyo  (Remastered);The Clash;London Calling 
Revolution Rock  (Remastered);The Clash;London Calling 
Hateful  (Remastered);The Clash;London Calling 
Dictator;The Clash;Cut The Crap
Movers and Shakers;The Clash;Cut The Crap
Are You Red..Y;The Clash;Cut The Crap
Life is Wild;The Clash;Cut The Crap
Cool under Heat;The Clash;Cut The Crap
Dirty Punk;The Clash;Cut The Crap
We are the Clash;The Clash;Cut The Crap
Play to Win;The Clash;Cut The Crap
Fingerpoppin';The Clash;Cut The Crap
This is England;The Clash;Cut The Crap
Three Card Trick;The Clash;Cut The Crap
North and South;The Clash;Cut The Crap
I've Been High;R.E.M.;Reveal
The Lifting;R.E.M.;Reveal
Chorus And The Ring;R.E.M.;Reveal
Disappear;R.E.M.;Reveal
All The Way To Reno (You're Gonna Be A Star);R.E.M.;Reveal
Summer Turns To High;R.E.M.;Reveal
I'll Take The Rain;R.E.M.;Reveal
Saturn Return;R.E.M.;Reveal
She Just Wants To Be;R.E.M.;Reveal
Beachball;R.E.M.;Reveal
Beat A Drum;R.E.M.;Reveal
Imitation Of Life;R.E.M.;Reveal
Walk Unafraid;R.E.M.;Up
Why Not Smile;R.E.M.;Up
Diminished / I'm Not Over You;R.E.M.;Up
Airportman;R.E.M.;Up
You're In The Air;R.E.M.;Up
Lotus;R.E.M.;Up
Parakeet;R.E.M.;Up
Hope;R.E.M.;Up
Suspicion;R.E.M.;Up
Falls To Climb;R.E.M.;Up
The Apologist;R.E.M.;Up
Sad Professor;R.E.M.;Up
At My Most Beautiful;R.E.M.;Up
Daysleeper;R.E.M.;Up
Wanderlust;R.E.M.;Around The Sun
Electron Blue;R.E.M.;Around The Sun
Final Straw;R.E.M.;Around The Sun
The Worst Joke Ever;R.E.M.;Around The Sun
Around The Sun;R.E.M.;Around The Sun
High Speed Train;R.E.M.;Around The Sun
I Wanted To Be Wrong;R.E.M.;Around The Sun
Make It All Okay;R.E.M.;Around The Sun
Leaving New York;R.E.M.;Around The Sun
The Outsiders;R.E.M.;Around The Sun
Boy In The Well;R.E.M.;Around The Sun
The Ascent Of Man;R.E.M.;Around The Sun
Aftermath;R.E.M.;Around The Sun
Sitting Still;R.E.M.;Murmur
Laughing;R.E.M.;Murmur
Moral Kiosk;R.E.M.;Murmur
Catapult;R.E.M.;Murmur
We Walk;R.E.M.;Murmur
Pilgrimage;R.E.M.;Murmur
Talk About The Passion;R.E.M.;Murmur
Perfect Circle;R.E.M.;Murmur
9-9;R.E.M.;Murmur
Radio Free Europe;R.E.M.;Murmur
Shaking Through;R.E.M.;Murmur
West Of The Fields;R.E.M.;Murmur
Endgame;R.E.M.;Out Of Time
Near Wild Heaven;R.E.M.;Out Of Time
Radio Song;R.E.M.;Out Of Time
Losing My Religion;R.E.M.;Out Of Time
Half A World Away;R.E.M.;Out Of Time
Me In Honey;R.E.M.;Out Of Time
Low;R.E.M.;Out Of Time
Country Feedback;R.E.M.;Out Of Time
Belong;R.E.M.;Out Of Time
Texarkana;R.E.M.;Out Of Time
Shiny Happy People;R.E.M.;Out Of Time
New Orleans Instrumental No. 1;R.E.M.;Automatic For The People
The Sidewinder Sleeps Tonite;R.E.M.;Automatic For The People
Sweetness Follows;R.E.M.;Automatic For The People
Everybody Hurts;R.E.M.;Automatic For The People
Find The River;R.E.M.;Automatic For The People
Ignoreland;R.E.M.;Automatic For The People
Star Me Kitten;R.E.M.;Automatic For The People
Nightswimming;R.E.M.;Automatic For The People
Drive;R.E.M.;Automatic For The People
Man On The Moon;R.E.M.;Automatic For The People
Try Not To Breathe;R.E.M.;Automatic For The People
Monty Got A Raw Deal;R.E.M.;Automatic For The People
Auctioneer (Another Engine) (Remastered);R.E.M.;Fables Of The Reconstruction
Wendell Gee (Remastered);R.E.M.;Fables Of The Reconstruction
Old Man Kensey (Remastered);R.E.M.;Fables Of The Reconstruction
Good Advices (Remastered);R.E.M.;Fables Of The Reconstruction
Life And How To Live It;R.E.M.;Fables Of The Reconstruction
Can't Get There From Here (Remastered);R.E.M.;Fables Of The Reconstruction
Driver 8 (Remastered);R.E.M.;Fables Of The Reconstruction
Maps And Legends (Remastered);R.E.M.;Fables Of The Reconstruction
Kohoutek (Remastered);R.E.M.;Fables Of The Reconstruction
Green Grow The Rushes (Remastered);R.E.M.;Fables Of The Reconstruction
Feeling Gravitys Pull (Remastered);R.E.M.;Fables Of The Reconstruction
The One I Love (Remastered);R.E.M.;Document
Strange (Remastered);R.E.M.;Document
Lightnin' Hopkins (Remastered);R.E.M.;Document
Welcome To The Occupation (Remastered);R.E.M.;Document
Oddfellows Local 151 (Remastered);R.E.M.;Document
Finest Worksong (Remastered);R.E.M.;Document
Fireplace (Remastered);R.E.M.;Document
Disturbance At The Heron House (Remastered);R.E.M.;Document
Exhuming McCarthy (Remastered);R.E.M.;Document
King Of Birds (Remastered);R.E.M.;Document
It's The End Of The World As We Know It (And I Feel Fine) (Remastered);R.E.M.;Document
7 Chinese Bros.;R.E.M.;Reckoning
Letter Never Sent;R.E.M.;Reckoning
Little America (Original Album Version);R.E.M.;Reckoning
(Don't Go Back To) Rockville;R.E.M.;Reckoning
Camera;R.E.M.;Reckoning
Second Guessing;R.E.M.;Reckoning
Time After Time (Annelise);R.E.M.;Reckoning
So. Central Rain;R.E.M.;Reckoning
Pretty Persuasion;R.E.M.;Reckoning
Harborcoat;R.E.M.;Reckoning
Electrolite (Remastered);R.E.M.;New Adventures In Hi-Fi
Undertow (Remastered);R.E.M.;New Adventures In Hi-Fi
E-Bow The Letter (Remastered);R.E.M.;New Adventures In Hi-Fi
Binky The Doormat (Remastered);R.E.M.;New Adventures In Hi-Fi
Departure (Remastered);R.E.M.;New Adventures In Hi-Fi
Be Mine (Remastered);R.E.M.;New Adventures In Hi-Fi
Bittersweet Me (Remastered);R.E.M.;New Adventures In Hi-Fi
New Test Leper (Remastered);R.E.M.;New Adventures In Hi-Fi
Low Desert (Remastered);R.E.M.;New Adventures In Hi-Fi
So Fast, So Numb (Remastered);R.E.M.;New Adventures In Hi-Fi
How The West Was Won And Where It Got Us (Remastered);R.E.M.;New Adventures In Hi-Fi
The Wake-Up Bomb (Remastered);R.E.M.;New Adventures In Hi-Fi
Zither (Remastered);R.E.M.;New Adventures In Hi-Fi
Leave (Remastered);R.E.M.;New Adventures In Hi-Fi
Alligator_Aviator_Autopilot_Antimatter;R.E.M.;Collapse Into Now
All The Best;R.E.M.;Collapse Into Now
Blue;R.E.M.;Collapse Into Now
Oh My Heart;R.E.M.;Collapse Into Now
Discoverer;R.E.M.;Collapse Into Now
It Happened Today;R.E.M.;Collapse Into Now
Mine Smell Like Honey;R.E.M.;Collapse Into Now
Überlin;R.E.M.;Collapse Into Now
That Someone Is You;R.E.M.;Collapse Into Now
Walk It Back;R.E.M.;Collapse Into Now
Every Day Is Yours To Win;R.E.M.;Collapse Into Now
Me, Marlon Brando, Marlon Brando And I;R.E.M.;Collapse Into Now
Bang And Blame (Remastered);R.E.M.;Monster
I Don’t Sleep, I Dream (Remastered);R.E.M.;Monster
Strange Currencies (Remastered);R.E.M.;Monster
Circus Envy (Remastered);R.E.M.;Monster
You (Remastered);R.E.M.;Monster
I Took Your Name (Remastered);R.E.M.;Monster
Let Me In (Remastered);R.E.M.;Monster
Star 69 (Remastered);R.E.M.;Monster
King Of Comedy (Remastered);R.E.M.;Monster
What’s The Frequency, Kenneth? (Remastered);R.E.M.;Monster
Crush With Eyeliner (Remastered);R.E.M.;Monster
Tongue (Remastered);R.E.M.;Monster
The Flowers Of Guatemala;R.E.M.;Lifes Rich Pageant
Begin The Begin;R.E.M.;Lifes Rich Pageant
I Believe;R.E.M.;Lifes Rich Pageant
Cuyahoga;R.E.M.;Lifes Rich Pageant
Fall On Me;R.E.M.;Lifes Rich Pageant
Just A Touch;R.E.M.;Lifes Rich Pageant
Superman;R.E.M.;Lifes Rich Pageant
What If We Give It Away?;R.E.M.;Lifes Rich Pageant
Swan Swan H;R.E.M.;Lifes Rich Pageant
Underneath The Bunker;R.E.M.;Lifes Rich Pageant
Hyena (Album Version);R.E.M.;Lifes Rich Pageant
These Days;R.E.M.;Lifes Rich Pageant
Hollow Man;R.E.M.;Accelerate
Until The Day Is Done;R.E.M.;Accelerate
I'm Gonna DJ;R.E.M.;Accelerate
Mr. Richards;R.E.M.;Accelerate
Man-Sized Wreath;R.E.M.;Accelerate
Accelerate;R.E.M.;Accelerate
Sing For The Submarine;R.E.M.;Accelerate
Living Well Is The Best Revenge;R.E.M.;Accelerate
Horse To Water;R.E.M.;Accelerate
Houston;R.E.M.;Accelerate
Supernatural Superserious;R.E.M.;Accelerate
World Leader Pretend (Remastered);R.E.M.;Green
Untitled (Remastered);R.E.M.;Green
Pop Song 89 (Remastered);R.E.M.;Green
The Wrong Child (Remastered);R.E.M.;Green
You Are The Everything (Remastered);R.E.M.;Green
I Remember California (Remastered);R.E.M.;Green
Stand (Remastered);R.E.M.;Green
Orange Crush (Remastered);R.E.M.;Green
Get Up (Remastered);R.E.M.;Green
Turn You Inside-Out (Remastered);R.E.M.;Green
Hairshirt (Remastered);R.E.M.;Green
Make-Up / Break-Up;Kitti;Somethin' In The Water
Fine Ass (Interlude);Kitti;Somethin' In The Water
Me, Myself & I;Kitti;Somethin' In The Water
Come On Through (Intro);Kitti;Somethin' In The Water
Must Be Somethin';Kitti;Somethin' In The Water
I Walk Away;Kitti;Somethin' In The Water
Everything You Wanted;Kitti;Somethin' In The Water
Dreamland (Interlude);Kitti;Somethin' In The Water
Gone;Kitti;Somethin' In The Water
Wings;Kitti;Somethin' In The Water
Wonderland;Kitti;Somethin' In The Water
Maybe;Kitti;Somethin' In The Water
I Apologize (LP Version);Anita Baker;Rhythm of Love
The Look of Love (LP Version);Anita Baker;Rhythm of Love
You Belong to Me (LP Version);Anita Baker;Rhythm of Love
Only for a While (LP Version);Anita Baker;Rhythm of Love
My Funny Valentine (LP Version);Anita Baker;Rhythm of Love
Baby (LP Version);Anita Baker;Rhythm of Love
Plenty of Room  (Live/LP Version);Anita Baker;Rhythm of Love
Sometimes I Wonder Why (LP Version);Anita Baker;Rhythm of Love
It's Been You (LP Version);Anita Baker;Rhythm of Love
Wrong Man (LP Version);Anita Baker;Rhythm of Love
Rhythm of Love (LP Version);Anita Baker;Rhythm of Love
Body and Soul (LP Version);Anita Baker;Rhythm of Love
You Belong to Me;Anita Baker;Giving You the Best That I Got
Good Love;Anita Baker;Giving You the Best That I Got
Giving You the Best That I Got;Anita Baker;Giving You the Best That I Got
Priceless;Anita Baker;Giving You the Best That I Got
Rules;Anita Baker;Giving You the Best That I Got
Lead Me into Love;Anita Baker;Giving You the Best That I Got
Just Because;Anita Baker;Giving You the Best That I Got
Good Enough;Anita Baker;Giving You the Best That I Got
More Than You Know (LP Version);Anita Baker;Compositions
Whatever It Takes (LP Version);Anita Baker;Compositions
Soul Inspiration (LP Version);Anita Baker;Compositions
Talk to Me (LP Version);Anita Baker;Compositions
Fairy Tales (LP Version);Anita Baker;Compositions
No One to Blame (LP Version);Anita Baker;Compositions
Lonely (LP Version);Anita Baker;Compositions
Perfect Love Affair (LP Version);Anita Baker;Compositions
Love You to the Letter (LP Version);Anita Baker;Compositions
I Can't Sleep;Anita Baker;My Everything
Like You Used To;Anita Baker;My Everything
How Could You;Anita Baker;My Everything
How Does It Feel;Anita Baker;My Everything
Serious;Anita Baker;My Everything
You're My Everything;Anita Baker;My Everything
Close Your Eyes;Anita Baker;My Everything
You're My Everything Revisited;Anita Baker;My Everything
Men In My Life;Anita Baker;My Everything
In My Heart;Anita Baker;My Everything
Squeeze Me (LP Version);Anita Baker;The Songstress
No More Tears;Anita Baker;The Songstress
Do You Believe Me (LP Version);Anita Baker;The Songstress
Will You Be Mine (LP Version);Anita Baker;The Songstress
Sometimes (LP Version);Anita Baker;The Songstress
Angel (LP Version);Anita Baker;The Songstress
You're the Best Thing Yet;Anita Baker;The Songstress
Feel the Need (LP Version);Anita Baker;The Songstress
I'll Be Home for Christmas;Anita Baker;Christmas Fantasy
O Come All Ye Faithful;Anita Baker;Christmas Fantasy
Christmas Time Is Here;Anita Baker;Christmas Fantasy
Christmas Fantasy;Anita Baker;Christmas Fantasy
God Rest Ye Merry Gentlemen;Anita Baker;Christmas Fantasy
My Favorite Things;Anita Baker;Christmas Fantasy
Moonlight Sleighride;Anita Baker;Christmas Fantasy
Frosty's Rag;Anita Baker;Christmas Fantasy
Family of Man;Anita Baker;Christmas Fantasy
You Bring Me Joy;Anita Baker;Rapture
Mystery;Anita Baker;Rapture
Watch Your Step;Anita Baker;Rapture
Been so Long;Anita Baker;Rapture
Sweet Love;Anita Baker;Rapture
Caught Up in the Rapture;Anita Baker;Rapture
Same Ole Love (365 Days a Week);Anita Baker;Rapture
No One in the World;Anita Baker;Rapture
Troubled Mind (2013 Remaster);Everything But The Girl;Amplified Heart
Get Me (2013 Remaster);Everything But The Girl;Amplified Heart
Rollercoaster (2013 Remaster);Everything But The Girl;Amplified Heart
We Walk the Same Line (2013 Remaster);Everything But The Girl;Amplified Heart
Missing (2013 Remaster);Everything But The Girl;Amplified Heart
Walking to You (2013 Remaster);Everything But The Girl;Amplified Heart
25th December (2013 Remaster);Everything But The Girl;Amplified Heart
Two Star (2013 Remaster);Everything But The Girl;Amplified Heart
Disenchanted (2013 Remaster);Everything But The Girl;Amplified Heart
I Don't Understand Anything (2013 Remaster);Everything But The Girl;Amplified Heart
Straight Back to You (B-Side);Everything But The Girl;Amplified Heart
Each and Every One (Live, B-Side);Everything But The Girl;Amplified Heart
Lights of Te Touan (B-Side);Everything But The Girl;Amplified Heart
These Days (Live, B-Side);Everything But The Girl;Amplified Heart
I Don't Want to Talk About It (Live, B-Side);Everything But The Girl;Amplified Heart
Rollercoaster (Home Demo);Everything But The Girl;Amplified Heart
Back at Square One (Home Demo);Everything But The Girl;Amplified Heart
Two Star (Harry Robinson's String Arrangement Demo);Everything But The Girl;Amplified Heart
Troubled Mind (Home Demo);Everything But The Girl;Amplified Heart
I Don't Understand Anything (Home Demo);Everything But The Girl;Amplified Heart
Richard Says (Home Demo);Everything But The Girl;Amplified Heart
Two Star (Home Demo);Everything But The Girl;Amplified Heart
We Walk the Same Line (Home Demo);Everything But The Girl;Amplified Heart
Troubled Mind (Live, Toronto, 1994);Everything But The Girl;Amplified Heart
Walking to You (Live, Toronto, 1994);Everything But The Girl;Amplified Heart
Missing (Live, London, 1997);Everything But The Girl;Amplified Heart
Rollercoaster (Live, Toronto, 1994);Everything But The Girl;Amplified Heart
25th December (Live, Toronto, 1994);Everything But The Girl;Amplified Heart
Missing (Ultramarine Remix);Everything But The Girl;Amplified Heart
Missing (Todd Terry Remix);Everything But The Girl;Amplified Heart
Rollercoaster (King Britt Scuba Ambient Mix);Everything But The Girl;Amplified Heart
Oxford Street (2012 Remaster);Everything But The Girl;Idlewild
Blue Moon Rose (2012 Remaster);Everything But The Girl;Idlewild
Goodbye Sunday (2012 Remaster);Everything But The Girl;Idlewild
Tears All over Town (2012 Remaster);Everything But The Girl;Idlewild
These Early Days (2012 Remaster);Everything But The Girl;Idlewild
I Always Was Your Girl (2012 Remaster);Everything But The Girl;Idlewild
Lonesome for a Place I Know (2012 Remaster);Everything But The Girl;Idlewild
The Night I Heard Caruso Sing (2012 Remaster);Everything But The Girl;Idlewild
Apron Strings (2012 Remaster);Everything But The Girl;Idlewild
Love Is Here Where I Live (2012 Remaster);Everything But The Girl;Idlewild
Shadow on a Harvest Moon (2012 Remaster);Everything But The Girl;Idlewild
Apron Strings (Home Demo 1987);Everything But The Girl;Idlewild
Always Remember (These Early Days) (Home Demo 1987);Everything But The Girl;Idlewild
I Don't Want to Talk About It (2012 Remaster);Everything But The Girl;Idlewild
Oxford Street (Home Demo 1987);Everything But The Girl;Idlewild
I Always Was Your Girl (Home Demo 1987);Everything But The Girl;Idlewild
I Don't Want to Talk About It (Instrumental);Everything But The Girl;Idlewild
Dyed in the Grain (2012 Remaster);Everything But The Girl;Idlewild
Apron Strings (Alternative Film Version, 1987);Everything But The Girl;Idlewild
Tears All over Town (Home Demo 1987);Everything But The Girl;Idlewild
Hang out the Flags (2012 Remaster);Everything But The Girl;Idlewild
These Early Days (Dave Bascombe Remix);Everything But The Girl;Idlewild
Lonesome for a Place I Know (Home Demo 1987);Everything But The Girl;Idlewild
Home from Home (2012 Remaster);Everything But The Girl;Idlewild
Living on Honeycomb (2012 Remaster);Everything But The Girl;Idlewild
Another Day, Another Dollar (2012 Remaster);Everything But The Girl;Idlewild
How About Me? (2012 Remaster);Everything But The Girl;Idlewild
No Place Like Home (2012 Remaster);Everything But The Girl;Idlewild
Love Is Here Where I Live (Home Demo 1987);Everything But The Girl;Idlewild
Mirrorball;Everything But The Girl;Walking Wounded
Big Deal;Everything But The Girl;Walking Wounded
Single;Everything But The Girl;Walking Wounded
Corcovado;Everything But The Girl;Walking Wounded
Good Cop Bad Cop;Everything But The Girl;Walking Wounded
Wrong (Todd Terry Remix);Everything But The Girl;Walking Wounded
Before Today;Everything But The Girl;Walking Wounded
Single (Live);Everything But The Girl;Walking Wounded
Walking Wounded (Omni Trio Remix);Everything But The Girl;Walking Wounded
Wrong (Live);Everything But The Girl;Walking Wounded
Before Today (Live);Everything But The Girl;Walking Wounded
Flipside;Everything But The Girl;Walking Wounded
Walking Wounded;Everything But The Girl;Walking Wounded
The Heart Remains A Child;Everything But The Girl;Walking Wounded
Wrong;Everything But The Girl;Walking Wounded
Wrong (Deep Dish Remix);Everything But The Girl;Walking Wounded
Flipside (Demo);Everything But The Girl;Walking Wounded
Before Today (Nellee Hooper Remix);Everything But The Girl;Walking Wounded
Corcovado (Knee Deep Classic Club Mix Ben Watt Vocal Re-edit);Everything But The Girl;Walking Wounded
Speeding Car Side On (Instrumental Demo);Everything But The Girl;Walking Wounded
Mirrorball (DJ Jazzy Jeff Sole Full Remix);Everything But The Girl;Walking Wounded
Single (Brad Wood Memphis Remix);Everything But The Girl;Walking Wounded
Before Today (Dillinja Remix);Everything But The Girl;Walking Wounded
Wrong (Mood II Swing Dub);Everything But The Girl;Walking Wounded
Walking Wounded (Dave Wallace Remix);Everything But The Girl;Walking Wounded
Mirrorball (Demo);Everything But The Girl;Walking Wounded
Single (Photek Remix);Everything But The Girl;Walking Wounded
Above The Law (Demo);Everything But The Girl;Walking Wounded
Before Today (Adam F Remix);Everything But The Girl;Walking Wounded
Before Today (Chicane Remix);Everything But The Girl;Walking Wounded
Caution To The Wind;Everything But The Girl;Fuse
When You Mess Up;Everything But The Girl;Fuse
Interior Space;Everything But The Girl;Fuse
Karaoke;Everything But The Girl;Fuse
Nothing Left To Lose;Everything But The Girl;Fuse
Run A Red Light;Everything But The Girl;Fuse
No One Knows We’re Dancing;Everything But The Girl;Fuse
Lost;Everything But The Girl;Fuse
Forever;Everything But The Girl;Fuse
Time And Time Again;Everything But The Girl;Fuse
Another Bridge (2012 Remaster);Everything But The Girl;Eden
Fascination (2012 Remaster);Everything But The Girl;Eden
I Must Confess (2012 Remaster);Everything But The Girl;Eden
The Dustbowl (2012 Remaster);Everything But The Girl;Eden
Tender Blue (2012 Remaster);Everything But The Girl;Eden
Even So (2012 Remaster);Everything But The Girl;Eden
Each and Every One (2012 Remaster);Everything But The Girl;Eden
Soft Touch (2012 Remaster);Everything But The Girl;Eden
Crabwalk (2012 Remaster);Everything But The Girl;Eden
The Spice of Life (2012 Remaster);Everything But The Girl;Eden
Bittersweet (2012 Remaster);Everything But The Girl;Eden
Frost and Fire (2012 Remaster);Everything But The Girl;Eden
Soft Touch (Home Demo);Everything But The Girl;Eden
Bittersweet (Home Demo);Everything But The Girl;Eden
Each and Every One (Home Demo);Everything But The Girl;Eden
Even So (Home Demo);Everything But The Girl;Eden
Frost and Fire (Home Demo);Everything But The Girl;Eden
English Rose (2026 Remaster);Everything But The Girl;Eden
Easy as Sin (2012 Remaster);Everything But The Girl;Eden
Native Land (2012 Remaster);Everything But The Girl;Eden
Never Could Have Been Worse (2012 Remaster);Everything But The Girl;Eden
Don't You Go (2012 Remaster);Everything But The Girl;Eden
Gun Cupboard Love (2012 Remaster);Everything But The Girl;Eden
Laugh You out the House (2012 Remaster);Everything But The Girl;Eden
Mine (2012 Remaster);Everything But The Girl;Eden
Riverbed Dry (2012 Remaster);Everything But The Girl;Eden
Blame;Everything But The Girl;Temperamental
Lullaby Of Clubland;Everything But The Girl;Temperamental
Hatfield 1980;Everything But The Girl;Temperamental
Come In (Demo);Everything But The Girl;Temperamental
No Difference;Everything But The Girl;Temperamental
Temperamental;Everything But The Girl;Temperamental
Downhill Racer;Everything But The Girl;Temperamental
Low Tide Of The Night;Everything But The Girl;Temperamental
Firewall;Everything But The Girl;Temperamental
Compression;Everything But The Girl;Temperamental
Five Fathoms;Everything But The Girl;Temperamental
The Future Of The Future;Deep Dish;Temperamental
Temperamental (Live At The Forum);Everything But The Girl;Temperamental
Lullaby Of Clubland (Markus Schulz Tribal Journey);Everything But The Girl;Temperamental
Five Fathoms (Kevin Yost's Enlightenment Mix);Everything But The Girl;Temperamental
Temperamental (Hex Hector & Mac Quayle Reverse Drum Dub);Everything But The Girl;Temperamental
Blame (J Majik VIP Remix);Everything But The Girl;Temperamental
Blame (Fabio Remix);Everything But The Girl;Temperamental
Temperamental (Wamdue Project Remix);Everything But The Girl;Temperamental
Downhill Racer (Kenny Dope Remix);Everything But The Girl;Temperamental
Five Fathoms (Club 69 Future Club Mix);Everything But The Girl;Temperamental
Temperamental (Pull's Timewarp Mix);Everything But The Girl;Temperamental
Lullaby Of Clubland (Matty Heilbronn II Deep Club Mix);Everything But The Girl;Temperamental
British Summertime (2013 Remaster);Everything But The Girl;Worldwide
Understanding (Home Demo);Everything But The Girl;Worldwide
Politics Aside (Instrumental);Everything But The Girl;Worldwide
You Lift Me Up (2013 Remaster);Everything But The Girl;Worldwide
Twin Cities (Wildwood Remix);Everything But The Girl;Worldwide
Frozen River (2013 Remaster);Everything But The Girl;Worldwide
Twin Cities (2013 Remaster);Everything But The Girl;Worldwide
Understanding (2013 Remaster);Everything But The Girl;Worldwide
Twin Cities (The Green Plains a Cappella Mix);Everything But The Girl;Worldwide
Frozen River (Home Demo);Everything But The Girl;Worldwide
Old Friends (2013 Remaster);Everything But The Girl;Worldwide
Politics Aside (2013 Remaster);Everything But The Girl;Worldwide
Boxing and Pop Music (2013 Remaster);Everything But The Girl;Worldwide
Feel Alright (2013 Remaster);Everything But The Girl;Worldwide
Talk to Me Like the Sea (2013 Remaster);Everything But The Girl;Worldwide
One Place (2013 Remaster);Everything But The Girl;Worldwide
British Summertime (Home Demo);Everything But The Girl;Worldwide
Talk to Me Like the Sea (Live);Everything But The Girl;Worldwide
A Piece of My Mind (2013 Remaster);Everything But The Girl;Worldwide
Fascination (Live);Everything But The Girl;Worldwide
Birds (2013 Remaster);Everything But The Girl;Worldwide
My Head Is My Only House Unless It Rains (2013 Remaster);Everything But The Girl;Worldwide
Political Science (2013 Remaster);Everything But The Girl;Worldwide
Time After Time (2013 Remaster);Everything But The Girl;Worldwide
Tougher Than the Rest (2013 Remaster);Everything But The Girl;Worldwide
Kotton Krown (Live);Everything But The Girl;Worldwide
Let It Be Me (Live);Everything But The Girl;Worldwide
I Didn't Know I Was Looking for Love (Home Demo);Everything But The Girl;Worldwide
I Didn't Know I Was Looking for Love (2013 Remaster);Everything But The Girl;Worldwide
Will You Still Love Me Tomorrow? (Live);Everything But The Girl;Worldwide
Back to the Old House (Live);Everything But The Girl;Worldwide
Apron Strings (Live);Everything But The Girl;Worldwide
Thirteen (Unreleased Studio Demo);Everything But The Girl;Worldwide
The Only Living Boy in New York (2013 Remaster);Everything But The Girl;Worldwide
Horses in the Room (2013 Remaster);Everything But The Girl;Worldwide
Love Is Strange (2013 Remaster);Everything But The Girl;Worldwide
Alison (2013 Remaster);Everything But The Girl;Worldwide
Gabriel (2013 Remaster);Everything But The Girl;Worldwide
Don't Let the Teardrops Rust Your Shining Heart (2012 Remaster);Everything But The Girl;Baby, the Stars Shine Bright
Fighting Talk (2012 Remaster);Everything But The Girl;Baby, the Stars Shine Bright
Cross My Heart (2012 Remaster);Everything But The Girl;Baby, the Stars Shine Bright
Little Hitler (2012 Remaster);Everything But The Girl;Baby, the Stars Shine Bright
A Country Mile (2012 Remaster);Everything But The Girl;Baby, the Stars Shine Bright
Come Hell or High Water (2012 Remaster);Everything But The Girl;Baby, the Stars Shine Bright
Sugar Finney (2012 Remaster);Everything But The Girl;Baby, the Stars Shine Bright
Come on Home (2012 Remaster);Everything But The Girl;Baby, the Stars Shine Bright
Careless (2012 Remaster);Everything But The Girl;Baby, the Stars Shine Bright
Don't Leave Me Behind (2012 Remaster);Everything But The Girl;Baby, the Stars Shine Bright
Come on Home (Acoustic);Everything But The Girl;Baby, the Stars Shine Bright
I Fall to Pieces (2012 Remaster);Everything But The Girl;Baby, the Stars Shine Bright
Alfie (2012 Remaster);Everything But The Girl;Baby, the Stars Shine Bright
Almost Blue (2012 Remaster);Everything But The Girl;Baby, the Stars Shine Bright
Where's the Playground, Susie? (2012 Remaster);Everything But The Girl;Baby, the Stars Shine Bright
Draining the Bar (2012 Remaster);Everything But The Girl;Baby, the Stars Shine Bright
Come on Home (Home Demo 1985);Everything But The Girl;Baby, the Stars Shine Bright
Careless (Home Demo 1985);Everything But The Girl;Baby, the Stars Shine Bright
Come on Home (Extended Mix);Everything But The Girl;Baby, the Stars Shine Bright
Little Hitler (Home Demo 1985);Everything But The Girl;Baby, the Stars Shine Bright
Cross My Heart (Home Demo 1985);Everything But The Girl;Baby, the Stars Shine Bright
Sugar Finney (Home Demo 1985);Everything But The Girl;Baby, the Stars Shine Bright
Ballad of the Times (2012 Remaster);Everything But The Girl;Love Not Money
When All's Well (2012 Remaster);Everything But The Girl;Love Not Money
This Love (Not for Sale) (2012 Remaster);Everything But The Girl;Love Not Money
Sean (2012 Remaster);Everything But The Girl;Love Not Money
Trouble and Strife (2012 Remaster);Everything But The Girl;Love Not Money
Ugly Little Dreams (2012 Remaster);Everything But The Girl;Love Not Money
Are You Trying to Be Funny? (2012 Remaster);Everything But The Girl;Love Not Money
Anytown (2012 Remaster);Everything But The Girl;Love Not Money
Shoot Me Down (2012 Remaster);Everything But The Girl;Love Not Money
Angel (2012 Remaster);Everything But The Girl;Love Not Money
Angel (Home Demo 1984);Everything But The Girl;Love Not Money
Heaven Help Me (2012 Remaster);Everything But The Girl;Love Not Money
Kid (2012 Remaster);Everything But The Girl;Love Not Money
Pigeons in the Attic Room (2012 Remaster);Everything But The Girl;Love Not Money
Easy as Sin (Version);Everything But The Girl;Love Not Money
Ugly Little Dreams (Home Demo 1984);Everything But The Girl;Love Not Money
Are You Trying to Be Funny? (Home Demo 1984);Everything But The Girl;Love Not Money
Charmless Callous Ways (2012 Remaster);Everything But The Girl;Love Not Money
Downtown Train;Everything But The Girl;Acoustic
Apron Strings (Live);Everything But The Girl;Acoustic
Time After Time;Everything But The Girl;Acoustic
Tougher Than the Rest;Everything But The Girl;Acoustic
Come on Home (Acoustic);Everything But The Girl;Acoustic
One Place (Acoustic);Everything But The Girl;Acoustic
Driving (Acoustic);Everything But The Girl;Acoustic
Love Is Strange;Everything But The Girl;Acoustic
Alison;Everything But The Girl;Acoustic
Me and Bobby D (Acoustic);Everything But The Girl;Acoustic
Fascination (Live);Everything But The Girl;Acoustic
Get Back Together (2013 Remaster);Everything But The Girl;The Language of Life
The Language of Life (2013 Remaster);Everything But The Girl;The Language of Life
My Baby Don't Love Me (2013 Remaster);Everything But The Girl;The Language of Life
The Road (2013 Remaster);Everything But The Girl;The Language of Life
Letting Love Go (2013 Remaster);Everything But The Girl;The Language of Life
Driving (2013 Remaster);Everything But The Girl;The Language of Life
Take Me (2013 Remaster);Everything But The Girl;The Language of Life
Meet Me in the Morning (2013 Remaster);Everything But The Girl;The Language of Life
Imagining America (2013 Remaster);Everything But The Girl;The Language of Life
Me and Bobby D (2013 Remaster);Everything But The Girl;The Language of Life
Driving (Michael Brecker Final Outro Solo Alternative, Rough Mixes);Michael Brecker;The Language of Life
Letting Love Go (Michael Brecker Final Solo and Alternatives, Rough Mixes);Michael Brecker;The Language of Life
Will the Roof Fall In? (Home Demo);Everything But The Girl;The Language of Life
Imagining America (Home Demo);Everything But The Girl;The Language of Life
The Language of Life (Live);Everything But The Girl;The Language of Life
Meet Me in the Morning (New York Live Demo);Everything But The Girl;The Language of Life
The Road (Live);Everything But The Girl;The Language of Life
Downtown Train;Everything But The Girl;The Language of Life
Me and Bobby D (Live);Everything But The Girl;The Language of Life
Driving (Masters At Work Racing Mix);Everything But The Girl;The Language of Life
The Road (New York Live Demo);Everything But The Girl;The Language of Life
Take Me (Lee Hamblin Love Mix);Everything But The Girl;The Language of Life
Take Me (Clifton Mix / Instrumental);Everything But The Girl;The Language of Life
Imagining America (Live);Everything But The Girl;The Language of Life
Driving (Live);Everything But The Girl;The Language of Life
Driving (Underdog Vocal Remix);Everything But The Girl;The Language of Life
Driving (Michael Brecker Final Main Solo Alternatives, Rough Mixes);Michael Brecker;The Language of Life
Driving (Home Demo);Everything But The Girl;The Language of Life
Take Me (Lee Hamblin Remix);Everything But The Girl;The Language of Life
Take Me (Clifton Mix);Everything But The Girl;The Language of Life
The Road (Stan Getz Alternate Whole Take, Rough Mix);Stan Getz;The Language of Life
Meet Me in the Morning (Live);Everything But The Girl;The Language of Life
Driving (Acoustic);Everything But The Girl;The Language of Life
Grid-Lock;Dave Grusin;Harlequin
Beyond The Storm (Depois Dos Temporais) (Album Version);Dave Grusin;Harlequin
Cats Of Rio;Dave Grusin;Harlequin
The Bird;Dave Grusin;Harlequin
Before It's Too Late (Antes Que Seja Tarde);Dave Grusin;Harlequin
Silent Message;Dave Grusin;Harlequin
Early A.M. Attitude;Dave Grusin;Harlequin
Harlequin (Arlequim Desconhecido);Dave Grusin;Harlequin
San Ysidro;Dave Grusin;Harlequin
The Boy Named If;Elvis Costello;The Boy Named If
Farewell, OK;Elvis Costello;The Boy Named If
Penelope Halfpenny;Elvis Costello;The Boy Named If
Paint The Red Rose Blue;Elvis Costello;The Boy Named If
Magnificent Hurt;Elvis Costello;The Boy Named If
The Death Of Magic Thinking;Elvis Costello;The Boy Named If
Mistook Me For A Friend;Elvis Costello;The Boy Named If
Trick Out The Truth;Elvis Costello;The Boy Named If
My Most Beautiful Mistake;Elvis Costello;The Boy Named If
What If I Can't Give You Anything But Love?;Elvis Costello;The Boy Named If
The Difference;Elvis Costello;The Boy Named If
The Man You Love To Hate;Elvis Costello;The Boy Named If
Mr. Crescent;Elvis Costello;The Boy Named If
Why Won't Heaven Help Me?;Elvis Costello;Look Now
Unwanted Number;Elvis Costello;Look Now
Mr. & Mrs. Hush;Elvis Costello;Look Now
Photographs Can Lie;Elvis Costello;Look Now
Stripping Paper;Elvis Costello;Look Now
I Let The Sun Go Down;Elvis Costello;Look Now
Under Lime;Elvis Costello;Look Now
Dishonor The Stars;Elvis Costello;Look Now
He's Given Me Things;Elvis Costello;Look Now
Suspect My Tears;Elvis Costello;Look Now
Burnt Sugar Is So Bitter;Elvis Costello;Look Now
Don't Look Now;Elvis Costello;Look Now
You Shouldn’t Look At Me That Way (From The Motion Picture “Film Stars Don’t Die In Liverpool”);Elvis Costello;Look Now
Adieu Paris (L'Envie Des Etoiles);Elvis Costello;Look Now
The Final Mrs. Curtain;Elvis Costello;Look Now
Isabelle In Tears;Elvis Costello;Look Now
This Town;Brooke Combe;Dancing at the Edge of the World
Lanewood Pines;Brooke Combe;Dancing at the Edge of the World
The Last Time;Brooke Combe;Dancing at the Edge of the World
L.M.T.F.A.;Brooke Combe;Dancing at the Edge of the World
Pieces;Brooke Combe;Dancing at the Edge of the World
Dancing at the Edge of the World;Brooke Combe;Dancing at the Edge of the World
Butterfly;Brooke Combe;Dancing at the Edge of the World
Shaken by the Wind;Brooke Combe;Dancing at the Edge of the World
If I Could Only Be Yours;Brooke Combe;Dancing at the Edge of the World
Guilt;Brooke Combe;Dancing at the Edge of the World
Prelude;Brooke Combe;Dancing at the Edge of the World
Dancing At The Edge Of The World (Acoustic);Brooke Combe;Dancing At The Edge Of The World
The Last Time (Acoustic);Brooke Combe;Dancing At The Edge Of The World
Seventeen Going Under (Acoustic);Brooke Combe;Dancing At The Edge Of The World
Pieces (Acoustic);Brooke Combe;Dancing At The Edge Of The World
This Town (Acoustic);Brooke Combe;Dancing At The Edge Of The World
Ex Factor (Acoustic);Brooke Combe;Dancing At The Edge Of The World
Black Is The New Gold;Brooke Combe;Black Is The New Gold
Why'd You Say You Love Me?;Brooke Combe;Black Is The New Gold
Are You With Me? (Alternative Version);Brooke Combe;Black Is The New Gold
Over You;Brooke Combe;Black Is The New Gold
Talkin' Bout Heartaches;Brooke Combe;Black Is The New Gold
Impress You;Brooke Combe;Black Is The New Gold
Miss Me Now;Brooke Combe;Black Is The New Gold
A-Game;Brooke Combe;Black Is The New Gold
On A Monday;Van Morrison;Somebody Tried To Sell Me A Bridge
You’re The One (feat. Elvin Bishop);Van Morrison;Somebody Tried To Sell Me A Bridge
Madame Butterfly Blues (feat. Elvin Bishop);Van Morrison;Somebody Tried To Sell Me A Bridge
I'm Ready (feat. Buddy Guy);Van Morrison;Somebody Tried To Sell Me A Bridge
Snatch It Back And Hold It;Van Morrison;Somebody Tried To Sell Me A Bridge
Play The Honky Tonks (feat. Elvin Bishop);Van Morrison;Somebody Tried To Sell Me A Bridge
Somebody Tried To Sell Me A Bridge;Van Morrison;Somebody Tried To Sell Me A Bridge
Ain’t That A Shame;Van Morrison;Somebody Tried To Sell Me A Bridge
Betty And Dupree (feat. Taj Mahal);Van Morrison;Somebody Tried To Sell Me A Bridge
Deep Blue Sea (feat. Elvin Bishop);Van Morrison;Somebody Tried To Sell Me A Bridge
Kidney Stew Blues;Van Morrison;Somebody Tried To Sell Me A Bridge
Monte Carlo Blues;Van Morrison;Somebody Tried To Sell Me A Bridge
Social Climbing Scene;Van Morrison;Somebody Tried To Sell Me A Bridge
Delia’s Gone;Van Morrison;Somebody Tried To Sell Me A Bridge
(Go To The) High Place In Your Mind (feat. John Allair);Van Morrison;Somebody Tried To Sell Me A Bridge
Rock Me Baby (feat. Buddy Guy);Van Morrison;Somebody Tried To Sell Me A Bridge
King For A Day Blues;Van Morrison;Somebody Tried To Sell Me A Bridge
Loving Memories (feat. Elvin Bishop);Van Morrison;Somebody Tried To Sell Me A Bridge
When It’s Love Time (feat. Elvin Bishop);Van Morrison;Somebody Tried To Sell Me A Bridge
Can’t Help Myself (feat. Taj Mahal);Van Morrison;Somebody Tried To Sell Me A Bridge
Stretching Out;Van Morrison;Remembering Now
Love, Lover and Beloved;Van Morrison;Remembering Now
Once In A Lifetime Feelings;Van Morrison;Remembering Now
Cutting Corners;Van Morrison;Remembering Now
The Only Love I Ever Need Is Yours;Van Morrison;Remembering Now
Memories And Visions;Van Morrison;Remembering Now
If It Wasn’t For Ray;Van Morrison;Remembering Now
When The Rains Came;Van Morrison;Remembering Now
Remembering Now;Van Morrison;Remembering Now
Colourblind;Van Morrison;Remembering Now
Down To Joy;Van Morrison;Remembering Now
Haven’t Lost My Sense Of Wonder;Van Morrison;Remembering Now
Stomping Ground;Van Morrison;Remembering Now
Back To Writing Love Songs;Van Morrison;Remembering Now
Close Enough for Jazz;Van Morrison;Too Long in Exile
Big Time Operators;Van Morrison;Too Long in Exile
Instrumental / Tell Me What You Want;Van Morrison;Too Long in Exile
Too Long in Exile;Van Morrison;Too Long in Exile
Moody's Mood for Love;Van Morrison;Too Long in Exile
Till We Get the Healing Done;Van Morrison;Too Long in Exile
Before the World Was Made;Van Morrison;Too Long in Exile
Ball & Chain;Van Morrison;Too Long in Exile
The Lonesome Road;Van Morrison;Too Long in Exile
In the Forest;Van Morrison;Too Long in Exile
Wasted Years;Van Morrison;Too Long in Exile
Good Morning Little Schoolgirl;Van Morrison;Too Long in Exile
Lonely Avenue;Van Morrison;Too Long in Exile
I'll Take Care of You;Van Morrison;Too Long in Exile
Gloria;Van Morrison;Too Long in Exile
In the Midnight  (Live);Van Morrison;Back on Top
Philosopher's Stone;Van Morrison;Back on Top
High Summer  (Remastered);Van Morrison;Back on Top
Precious Time  (Remastered);Van Morrison;Back on Top
When the Leaves Come Falling Down;Van Morrison;Back on Top
Valley of Tears;Van Morrison;Back on Top
Philosopher's Stone  (Remastered);Van Morrison;Back on Top
Goin' Down Geneva;Van Morrison;Back on Top
Golden Autumn Day;Van Morrison;Back on Top
Reminds Me of You  (Remastered);Van Morrison;Back on Top
New Biography  (Remastered);Van Morrison;Back on Top
Back On Top;Van Morrison;Back on Top
Madame George  (2015 Remaster);Van Morrison;Astral Weeks (Expanded Edition)
Beside You  (Take 1);Van Morrison;Astral Weeks (Expanded Edition)
Madame George  (Take 4);Van Morrison;Astral Weeks (Expanded Edition)
The Way Young Lovers Do  (2015 Remaster);Van Morrison;Astral Weeks (Expanded Edition)
Slim Slow Slider  (Long Version);Van Morrison;Astral Weeks (Expanded Edition)
Ballerina  (Long Version);Van Morrison;Astral Weeks (Expanded Edition)
Sweet Thing  (2015 Remaster);Van Morrison;Astral Weeks (Expanded Edition)
Ballerina  (2015 Remaster);Van Morrison;Astral Weeks (Expanded Edition)
Slim Slow Slider  (2015 Remaster);Van Morrison;Astral Weeks (Expanded Edition)
Beside You  (2015 Remaster);Van Morrison;Astral Weeks (Expanded Edition)
Cyprus Avenue  (2015 Remaster);Van Morrison;Astral Weeks (Expanded Edition)
Astral Weeks  (2015 Remaster);Van Morrison;Astral Weeks (Expanded Edition)
I Can't Stop Loving You;Van Morrison;Hymns to the Silence
Some Peace of Mind;Van Morrison;Hymns to the Silence
I'm Not Feeling It Anymore;Van Morrison;Hymns to the Silence
Ordinary Life;Van Morrison;Hymns to the Silence
Why Must I Always Explain?;Van Morrison;Hymns to the Silence
See Me Through, Pt. II / Just a Closer Walk with Thee;Van Morrison;Hymns to the Silence
So Complicated;Van Morrison;Hymns to the Silence
Village Idiot;Van Morrison;Hymns to the Silence
Professional Jealousy;Van Morrison;Hymns to the Silence
Take Me Back;Van Morrison;Hymns to the Silence
I Need Your Kind of Loving;Van Morrison;Hymns to the Silence
On Hyndford Street;Van Morrison;Hymns to the Silence
All Saints Day;Van Morrison;Hymns to the Silence
Pagan Streams;Van Morrison;Hymns to the Silence
It Must Be You;Van Morrison;Hymns to the Silence
By His Grace;Van Morrison;Hymns to the Silence
Carrying a Torch;Van Morrison;Hymns to the Silence
Hymns to the Silence;Van Morrison;Hymns to the Silence
Green Mansions;Van Morrison;Hymns to the Silence
Be Thou My Vision;Van Morrison;Hymns to the Silence
Quality Street;Van Morrison;Hymns to the Silence
In the Garden;Van Morrison;No Guru, No Method, No Teacher
Lonely at the Top;Van Morrison;No Guru, No Method, No Teacher
One Irish Rover;Van Morrison;No Guru, No Method, No Teacher
Oh the Warm Feeling;Van Morrison;No Guru, No Method, No Teacher
Foreign Window;Van Morrison;No Guru, No Method, No Teacher
Thanks for the Information;Van Morrison;No Guru, No Method, No Teacher
Here Comes the Knight;Van Morrison;No Guru, No Method, No Teacher
Got to Go Back;Van Morrison;No Guru, No Method, No Teacher
Tir Na Nog;Van Morrison;No Guru, No Method, No Teacher
Ivory Tower;Van Morrison;No Guru, No Method, No Teacher
Oh the Warm Feeling  (Alternative Take);Van Morrison;No Guru, No Method, No Teacher
A Town Called Paradise;Van Morrison;No Guru, No Method, No Teacher
See Me Through;Van Morrison;Enlightenment
Memories;Van Morrison;Enlightenment
Real Real Gone;Van Morrison;Enlightenment
Enlightenment;Van Morrison;Enlightenment
Youth of 1,000 Summers;Van Morrison;Enlightenment
So Quiet In Here  (alternative take);Van Morrison;Enlightenment
So Quiet In Here;Van Morrison;Enlightenment
Start All Over Again;Van Morrison;Enlightenment
Avalon of the Heart;Van Morrison;Enlightenment
She's My Baby;Van Morrison;Enlightenment
Enlightenment  (alternative take);Van Morrison;Enlightenment
In the Days Before Rock 'N' Roll;Van Morrison;Enlightenment
Give Me My Rapture;Van Morrison;Poetic Champions Compose
Spanish Steps;Van Morrison;Poetic Champions Compose
The Mystery;Van Morrison;Poetic Champions Compose
Someone Like You;Van Morrison;Poetic Champions Compose
Alan Watts Blues;Van Morrison;Poetic Champions Compose
I Forgot That Love Existed;Van Morrison;Poetic Champions Compose
Did Ye Get Healed;Van Morrison;Poetic Champions Compose
Celtic Excavation;Van Morrison;Poetic Champions Compose
Allow Me;Van Morrison;Poetic Champions Compose
Sometimes I Feel Like a Motherless Child;Van Morrison;Poetic Champions Compose
Queen of the Slipstream;Van Morrison;Poetic Champions Compose
I'm Tired Joey Boy;Van Morrison;Avalon Sunset
When the Saints Go Marching In;Van Morrison;Avalon Sunset
Whenever God Shines His Light  (alternative take);Van Morrison;Avalon Sunset
When Will I Ever Learn to Live In God;Van Morrison;Avalon Sunset
Whenever God Shines His Light;Van Morrison;Avalon Sunset
Orangefield;Van Morrison;Avalon Sunset
Coney Island;Van Morrison;Avalon Sunset
Have I Told You Lately;Van Morrison;Avalon Sunset
These Are the Days;Van Morrison;Avalon Sunset
Daring Night;Van Morrison;Avalon Sunset
Contacting My Angel;Van Morrison;Avalon Sunset
I'd Love to Write Another Song;Van Morrison;Avalon Sunset
 Eri con me;Franco Battiato;Apriti Sesamo
Aurora;Franco Battiato;Apriti Sesamo
Quand’ero giovane;Franco Battiato;Apriti Sesamo
Un irresistibile richiamo;Franco Battiato;Apriti Sesamo
Apriti sesamo;Franco Battiato;Apriti Sesamo
Il serpente;Franco Battiato;Apriti Sesamo
Testamento;Franco Battiato;Apriti Sesamo
La polvere del branco;Franco Battiato;Apriti Sesamo
Passacaglia;Franco Battiato;Apriti Sesamo
Caliti Jinku;Franco Battiato;Apriti Sesamo
Amore Che Vieni, Amore Che Val;Franco Battiato;Fleurs
La Canzone Dei Vecchi Amanti;Franco Battiato;Fleurs
Te Lo Leggo Negli Occhi;Franco Battiato;Fleurs
Aria Di Neve;Franco Battiato;Fleurs
Che Cosa Resta;Franco Battiato;Fleurs
Era De Maggio;Franco Battiato;Fleurs
J'Entends Siffler Le Train;Franco Battiato;Fleurs
Ed Io Tra Di Voi;Franco Battiato;Fleurs
Invito Al Viaggio;Franco Battiato;Fleurs
La Canzone Dell Amore Perduto;Franco Battiato;Fleurs
Medievale;Franco Battiato;Fleurs
Ruby Tuesday;Franco Battiato;Fleurs
Le tue radici;Franco Battiato;Fleurs 3
Perduto amore;Franco Battiato;Fleurs 3
Sigillata con un bacio (Sealed with a Kiss)  (Italian Version);Franco Battiato;Fleurs 3
Se mai;Franco Battiato;Fleurs 3
Impressioni di settembre;Franco Battiato;Fleurs 3
Ritornerai;Franco Battiato;Fleurs 3
Insieme a te non ci sto piu';Franco Battiato;Fleurs 3
Il cielo in una stanza;Franco Battiato;Fleurs 3
Se tu sapessi;Franco Battiato;Fleurs 3
Beim schlafengehen;Franco Battiato;Fleurs 3
Col tempo sai;Franco Battiato;Fleurs 3
Come un sigillo;Franco Battiato;Fleurs 3
Del Suo Veloce Volo (Frankestein) (Remastered);Franco Battiato;Fleurs 2
It's Five O'Clock (Remastered);Franco Battiato;Fleurs 2
Bridge Over Troubled Water (Remastered);Franco Battiato;Fleurs 2
Il Carmelo Di Echt (Remastered);Franco Battiato;Fleurs 2
Sitting On The Dock Of The Bay (Remastered);Franco Battiato;Fleurs 2
L'Addio (Remastered);Franco Battiato;Fleurs 2
La Musica Muore (Remastered);Franco Battiato;Fleurs 2
Era D'Estate (Remastered);Franco Battiato;Fleurs 2
Tibet (Remastered);Franco Battiato;Fleurs 2
E Piu' Ti Amo (plus je t'entend) (Remastered);Franco Battiato;Fleurs 2
Tutto L'Universo Obbedisce All'Amore (Remastered);Franco Battiato;Fleurs 2
Et maintenant (Remastered);Franco Battiato;Fleurs 2
Il venait d'avoir 18 ans (Remastered);Franco Battiato;Fleurs 2
Shock In My Town;Franco Battiato;Gommalacca
La Preda;Franco Battiato;Gommalacca
Il Ballo Del Potere;Franco Battiato;Gommalacca
Auto Da Fe';Franco Battiato;Gommalacca
Il Mantello E La Spiga;Franco Battiato;Gommalacca
E Stato Molto Bello;Franco Battiato;Gommalacca
E. Shakleton;Franco Battiato;Gommalacca
Quello Che Fu;Franco Battiato;Gommalacca
Vite Parallele;Franco Battiato;Gommalacca
Casta Diva;Franco Battiato;Gommalacca
Fogh In Nakhal (2008 Remaster);Franco Battiato;Caffé De La Paix
Delenda Carthago (2008 Remaster);Franco Battiato;Caffé De La Paix
Sui Giardini Della Preesistenza (2008 Remaster);Franco Battiato;Caffé De La Paix
Haiku (2008 Remaster);Franco Battiato;Caffé De La Paix
Caffè De La Paix (2008 Remaster);Franco Battiato;Caffé De La Paix
Lode All'Inviolato (2008 Remaster);Franco Battiato;Caffé De La Paix
Atlantide (2008 Remaster);Franco Battiato;Caffé De La Paix
Ricerca Sul Terzo (2008 Remaster);Franco Battiato;Caffé De La Paix
Breve Invito A Rinviare Il Suicidio (2008 Remaster);Franco Battiato;L'Ombrello E La Macchina Da Cucire
"Moto Browniano (2008 Remaster;)";Franco Battiato;L'Ombrello E La Macchina Da Cucire
Gesualdo Da Venosa (2008 Remaster);Franco Battiato;L'Ombrello E La Macchina Da Cucire
Fornicazione (2008 Remaster);Franco Battiato;L'Ombrello E La Macchina Da Cucire
Un Vecchio Cameriere (2008 Remaster);Franco Battiato;L'Ombrello E La Macchina Da Cucire
L'Ombrello E La Macchina Da Cucire (2008 Remaster);Franco Battiato;L'Ombrello E La Macchina Da Cucire
Tao (2008 Remaster);Franco Battiato;L'Ombrello E La Macchina Da Cucire
Piccolo Pub (2008 Remaster);Franco Battiato;L'Ombrello E La Macchina Da Cucire
L'Esistenza Di Dio (2008 Remaster);Franco Battiato;L'Ombrello E La Macchina Da Cucire
Veni L'Autunnu (2008 Remaster);Franco Battiato;Fisiognomica
Il Mito Dell'Amore (2008 Remaster);Franco Battiato;Fisiognomica
E Ti Vengo A Cercare (Remastered 2008);Franco Battiato;Fisiognomica
Fisiognomica (2008 Remaster);Franco Battiato;Fisiognomica
Zai Saman (2008 Remaster);Franco Battiato;Fisiognomica
Secondo Imbrunire (2008 Remaster);Franco Battiato;Fisiognomica
Nomadi (Remastered);Franco Battiato;Fisiognomica
L'Oceano Di Silenzio (2008 Remaster);Franco Battiato;Fisiognomica
Un'Altra Vita (Remastered);Franco Battiato;Orizzonti Perduti
Zone Depresse (2008 Remaster);Franco Battiato;Orizzonti Perduti
Mal D'Africa (2008 Remaster);Franco Battiato;Orizzonti Perduti
Tramonto Occidentale (2008 Remaster);Franco Battiato;Orizzonti Perduti
Gente In Progresso (2008 Remaster);Franco Battiato;Orizzonti Perduti
Campane Tibetane (2008 Remaster);Franco Battiato;Orizzonti Perduti
La Stagione Dell'Amore (Remastered);Franco Battiato;Orizzonti Perduti
La Musica È Stanca (2008 Remaster);Franco Battiato;Orizzonti Perduti
Il Re Del Mondo (Demo Version);Franco Battiato;L'Era Del Cinghiale Bianco
Stranizza D'Amuri (Remastered 2019 - Live Version);Franco Battiato;L'Era Del Cinghiale Bianco
Stranizza D'Amuri (Remastered 2019);Franco Battiato;L'Era Del Cinghiale Bianco
Magic Shop (Remastered 2019);Franco Battiato;L'Era Del Cinghiale Bianco
Il Re Del Mondo (Remastered 2019);Franco Battiato;L'Era Del Cinghiale Bianco
Il Re Del Mondo (Remastered 2019 - Live Version);Franco Battiato;L'Era Del Cinghiale Bianco
Strade Dell'Est (Demo Version);Franco Battiato;L'Era Del Cinghiale Bianco
Pasqua Etiope (Remastered 2019);Franco Battiato;L'Era Del Cinghiale Bianco
Stranizza D'Amuri (Demo Version);Franco Battiato;L'Era Del Cinghiale Bianco
La Era Del Jabali Blanco (Remastered 2019 - Spanish Version);Franco Battiato;L'Era Del Cinghiale Bianco
Strade Dell'Est (Remastered 2019 - Live Version);Franco Battiato;L'Era Del Cinghiale Bianco
L'Era Del Cinghiale Bianco (Remastered 2019);Franco Battiato;L'Era Del Cinghiale Bianco
Strade Dell'Est (Remastered 2019);Franco Battiato;L'Era Del Cinghiale Bianco
The King Of The World (Remastered 2019 - English Version);Franco Battiato;L'Era Del Cinghiale Bianco
L'Era Del Cinghiale Bianco (Remastered 2019 - Live Version);Franco Battiato;L'Era Del Cinghiale Bianco
Luna Indiana (Remastered 2019);Franco Battiato;L'Era Del Cinghiale Bianco
Gli Uccelli (Remastered);Franco Battiato;La Voce Del Padrone
Cuccurucucù (Remastered);Franco Battiato;La Voce Del Padrone
Segnali Di Vita (Remastered);Franco Battiato;La Voce Del Padrone
Summer On A Solitary Beach (Remastered);Franco Battiato;La Voce Del Padrone
Centro Di Gravità Permanente (Remastered);Franco Battiato;La Voce Del Padrone
Sentimiento Nuevo (Remastered);Franco Battiato;La Voce Del Padrone
Bandiera Bianca (Remastered);Franco Battiato;La Voce Del Padrone
Up Patriots To Arms (Spanish Version / Remastered);Franco Battiato;Patriots
Passaggi A Livello (Remastered);Franco Battiato;Patriots
Venezia-Istanbul (Remastered);Franco Battiato;Patriots
Perspectiva Nevski (Remastered);Franco Battiato;Patriots
Prospettiva Nevski (Remastered);Franco Battiato;Patriots
Arabian Song (Remastered);Franco Battiato;Patriots
Le Aquile (Remastered);Franco Battiato;Patriots
Frammenti (Remastered);Franco Battiato;Patriots
Up Patriots To Arms (Remastered);Franco Battiato;Patriots
Up Patriots To Arms (English Version / Remastered);Franco Battiato;Patriots
Clamori (Remastered 2022);Franco Battiato;L'Arca Di Noè
Voglio Vederti Danzare (Remastered 2022);Franco Battiato;L'Arca Di Noè
New Frontiers (Remastered 2022);Franco Battiato;L'Arca Di Noè
Radio Varsavia (Remastered 2022);Franco Battiato;L'Arca Di Noè
La Torre (Remastered 2022);Franco Battiato;L'Arca Di Noè
Scalo A Grado (Remastered 2022);Franco Battiato;L'Arca Di Noè
L'Esodo (Remastered 2022);Franco Battiato;L'Arca Di Noè
Schmerzen (2008 Remaster);Franco Battiato;Come Un Cammello In Una Grondaia
Povera Patria (Remastered);Franco Battiato;Come Un Cammello In Una Grondaia
Gestillte Sensucht (2008 Remaster);Franco Battiato;Come Un Cammello In Una Grondaia
Le Sacre Sinfonie Del Tempo (2008 Remaster);Franco Battiato;Come Un Cammello In Una Grondaia
L'Ombra Della Luce (Remastered);Franco Battiato;Come Un Cammello In Una Grondaia
Oh Sweet Were The Hours (2008 Remaster);Franco Battiato;Come Un Cammello In Una Grondaia
Plaisir D'Amour (2008 Remaster);Franco Battiato;Come Un Cammello In Una Grondaia
Come Un Cammello In Una Grondaia (2008 Remaster);Franco Battiato;Come Un Cammello In Una Grondaia
Assenza Di Gioia;Niccolò Fabi;Niccolò Fabi
Immobile;Niccolò Fabi;Niccolò Fabi
Perché Mi Odi;Niccolò Fabi;Niccolò Fabi
Sangue Del Mio Sangue;Niccolò Fabi;Niccolò Fabi
Il Male Minore;Niccolò Fabi;Niccolò Fabi
C'è Qualcosa In Te Che Mi Ero Perso;Niccolò Fabi;Niccolò Fabi
Monologhi Paralleli;Niccolò Fabi;Niccolò Fabi
Il Sole È Blu;Niccolò Fabi;Niccolò Fabi
Vento D'Estate;Niccolò Fabi;Niccolò Fabi
Lasciarsi Un Giorno A Roma;Niccolò Fabi;Niccolò Fabi
Sembravi;Niccolò Fabi;Sereno Ad Ovest
La Politica;Niccolò Fabi;Sereno Ad Ovest
Zerosei;Niccolò Fabi;Sereno Ad Ovest
10 Centimetri;Niccolò Fabi;Sereno Ad Ovest
Lunedi;Niccolò Fabi;Sereno Ad Ovest
Scherzo;Niccolò Fabi;Sereno Ad Ovest
Se Fossi Marco;Niccolò Fabi;Sereno Ad Ovest
Qualcosa Di Meglio;Niccolò Fabi;Sereno Ad Ovest
Il Mio Stato;Niccolò Fabi;Sereno Ad Ovest
Acqua;Niccolò Fabi;Sereno Ad Ovest
Mimosa;Niccolò Fabi;La Cura Del Tempo
Ora E Qui;Niccolò Fabi;La Cura Del Tempo
È Non È;Niccolò Fabi;La Cura Del Tempo
Nel Centro;Niccolò Fabi;La Cura Del Tempo
Essere Speciale;Niccolò Fabi;La Cura Del Tempo
Senza Prudenza;Niccolò Fabi;La Cura Del Tempo
Lentamente;Niccolò Fabi;La Cura Del Tempo
Offeso;Niccolò Fabi;La Cura Del Tempo
Risveglio;Niccolò Fabi;La Cura Del Tempo
Il Negozio Di Antiquariato;Niccolò Fabi;La Cura Del Tempo
Quello Che Volevo;Niccolò Fabi;La Cura Del Tempo
Facciamo Finta;Niccolò Fabi;Una Somma Di Piccole Cose
Una Somma Di Piccole Cose;Niccolò Fabi;Una Somma Di Piccole Cose
Le Cose Non Si Mettono Bene;Niccolò Fabi;Una Somma Di Piccole Cose
Vince Chi Molla;Niccolò Fabi;Una Somma Di Piccole Cose
Non Vale Più;Niccolò Fabi;Una Somma Di Piccole Cose
Una Mano Sugli Occhi;Niccolò Fabi;Una Somma Di Piccole Cose
Ha Perso La Città;Niccolò Fabi;Una Somma Di Piccole Cose
Le Chiavi Di Casa;Niccolò Fabi;Una Somma Di Piccole Cose
Filosofia Agricola;Niccolò Fabi;Una Somma Di Piccole Cose
Dentro;Niccolò Fabi;Novo Mesto
So Lonely (Contains Hidden Track 'Novo Mesto Ghost Track');Niccolò Fabi;Novo Mesto
Meraviglia;Niccolò Fabi;Novo Mesto
La Bellezza;Niccolò Fabi;Novo Mesto
Mettere Le Ali;Niccolò Fabi;Novo Mesto
Oriente;Niccolò Fabi;Novo Mesto
Rapporti;Niccolò Fabi;Novo Mesto
Novo Mesto (L'Aria Intorno);Niccolò Fabi;Novo Mesto
Costruire;Niccolò Fabi;Novo Mesto
Evaporare;Niccolò Fabi;Novo Mesto
Casa di Gemma;Niccolò Fabi;Libertà negli occhi
Custodi del fuoco;Niccolò Fabi;Libertà negli occhi
Al cuore gentile;Niccolò Fabi;Libertà negli occhi
Alba;Niccolò Fabi;Libertà negli occhi
Nessuna battaglia;Niccolò Fabi;Libertà negli occhi
Chi mi conosce meglio di te (with Roberto Angelini);Niccolò Fabi;Libertà negli occhi
Acqua che scorre;Niccolò Fabi;Libertà negli occhi
Libertà negli occhi;Niccolò Fabi;Libertà negli occhi
L'amore capita;Niccolò Fabi;Libertà negli occhi
Ostinatamente;Niccolò Fabi;Il Giardiniere
Parlami Sempre;Niccolò Fabi;Il Giardiniere
Vorrei Essere Come Te;Niccolò Fabi;Il Giardiniere
Capelli;Niccolò Fabi;Il Giardiniere
Il Vento;Niccolò Fabi;Il Giardiniere
Sudore;Niccolò Fabi;Il Giardiniere
La Cosa Che Gia C'è;Niccolò Fabi;Il Giardiniere
Dica;Niccolò Fabi;Il Giardiniere
Rosso;Niccolò Fabi;Il Giardiniere
Lalalla;Niccolò Fabi;Il Giardiniere
Il Giardiniere;Niccolò Fabi;Il Giardiniere
Non Ti Amo Più;Niccolò Fabi;Il Giardiniere
Senza Rabbia (Sempre Impassibile);Niccolò Fabi;Il Giardiniere
Parole Che Fanno Bene;Niccolò Fabi;Solo un uomo
Aliante;Niccolò Fabi;Solo un uomo
La Promessa;Niccolò Fabi;Solo un uomo
Successo;Niccolò Fabi;Solo un uomo
Solo Un Uomo;Niccolò Fabi;Solo un uomo
Parti Di Me;Niccolò Fabi;Solo un uomo
Attesa E Inaspettata;Niccolò Fabi;Solo un uomo
La Mia Fortuna;Niccolò Fabi;Solo un uomo
Questo Pianeta;Niccolò Fabi;Solo un uomo
Fuori O Dentro;Niccolò Fabi;Solo un uomo
I Giorni Dello Smarrimento;Niccolò Fabi;Tradizione E Tradimento
Scotta;Niccolò Fabi;Tradizione E Tradimento
Io Sono L'Altro;Niccolò Fabi;Tradizione E Tradimento
Amori Con Le Ali;Niccolò Fabi;Tradizione E Tradimento
Tradizione E Tradimento;Niccolò Fabi;Tradizione E Tradimento
Nel Blu;Niccolò Fabi;Tradizione E Tradimento
Migrazioni;Niccolò Fabi;Tradizione E Tradimento
A Prescindere Da Me;Niccolò Fabi;Tradizione E Tradimento
Prima Della Tempesta;Niccolò Fabi;Tradizione E Tradimento
Lontano Da Tutto;Niccolò Fabi;Ecco (Bonus Track Version)
Sedici Modi Di Dire Verde;Niccolò Fabi;Ecco (Bonus Track Version)
Verosimile;Niccolò Fabi;Ecco (Bonus Track Version)
Ecco;Niccolò Fabi;Ecco (Bonus Track Version)
I Cerchi Di Gesso;Niccolò Fabi;Ecco (Bonus Track Version)
Indipendente;Niccolò Fabi;Ecco (Bonus Track Version)
Una Buona Idea;Niccolò Fabi;Ecco (Bonus Track Version)
Elementare;Niccolò Fabi;Ecco (Bonus Track Version)
Io;Niccolò Fabi;Ecco (Bonus Track Version)
Lontano Da Me;Niccolò Fabi;Ecco (Bonus Track Version)
Indie;Niccolò Fabi;Ecco (Bonus Track Version)
Solo un uomo (Home Version);Niccolò Fabi;Solo un uomo
Le Cose Che Non Abbiamo Detto;Niccolò Fabi;Ecco (Bonus Track Version)
The Way You Make Me Feel (2012 Remaster);Michael Jackson;Bad
Liberian Girl (2012 Remaster);Michael Jackson;Bad
Bad (2012 Remaster);Michael Jackson;Bad
Just Good Friends (2012 Remaster);Michael Jackson;Bad
Smooth Criminal (2012 Remaster);Michael Jackson;Bad
Man in the Mirror (2012 Remaster);Michael Jackson;Bad
Another Part of Me (2012 Remaster);Michael Jackson;Bad
I Just Can't Stop Loving You (2012 Remaster);Michael Jackson;Bad
Speed Demon (2012 Remaster);Michael Jackson;Bad
Leave Me Alone (2012 Remaster);Michael Jackson;Bad
Dirty Diana (2012 Remaster);Michael Jackson;Bad
The Lost Children (Album Version);Michael Jackson;Invincible
Heaven Can Wait (Album Version);Michael Jackson;Invincible
Invincible (Album Version);Michael Jackson;Invincible
Privacy (Album Version);Michael Jackson;Invincible
Speechless (Album Version);Michael Jackson;Invincible
Unbreakable (Album Version);Michael Jackson;Invincible
Break of Dawn (Album Version);Michael Jackson;Invincible
2000 Watts (Album Version);Michael Jackson;Invincible
You Are My Life (Album Version);Michael Jackson;Invincible
Cry (Album Version);Michael Jackson;Invincible
Don't Walk Away (Album Version);Michael Jackson;Invincible
Threatened (Album Version);Michael Jackson;Invincible
You Rock My World (with intro);Michael Jackson;Invincible
Whatever Happens (Album Version);Michael Jackson;Invincible
Heartbreaker (Album Version);Michael Jackson;Invincible
Butterflies (Album Version);Michael Jackson;Invincible
Heal the World;Michael Jackson;Dangerous
Can't Let Her Get Away;Michael Jackson;Dangerous
Will You Be There;Michael Jackson;Dangerous
In the Closet;Michael Jackson;Dangerous
Keep the Faith;Michael Jackson;Dangerous
Why You Wanna Trip on Me;Michael Jackson;Dangerous
Black or White;Michael Jackson;Dangerous
Jam;Michael Jackson;Dangerous
Give In to Me;Michael Jackson;Dangerous
Dangerous;Michael Jackson;Dangerous
Gone Too Soon;Michael Jackson;Dangerous
Remember the Time;Michael Jackson;Dangerous
She Drives Me Wild;Michael Jackson;Dangerous
Who Is It;Michael Jackson;Dangerous
Off the Wall;Michael Jackson;Off The Wall
Get on the Floor (Album Version);Michael Jackson;Off The Wall
It's the Falling in Love (Album Version);Michael Jackson;Off The Wall
Workin' Day and Night (Album Version);Michael Jackson;Off The Wall
Burn This Disco Out (Album Version);Michael Jackson;Off The Wall
She's out of My Life (Single Version);Michael Jackson;Off The Wall
Don't Stop 'Til You Get Enough;Michael Jackson;Off The Wall
I Can't Help It (Album Version);Michael Jackson;Off The Wall
Girlfriend (Album Version);Michael Jackson;Off The Wall
Rock with You (Single Version);Michael Jackson;Off The Wall
The Way You Make Me Feel;Michael Jackson;HIStory: Past, Present and Future, Book I
She's Out Of My Life (Album Version);Michael Jackson;HIStory: Past, Present and Future, Book I
Rock With You;Michael Jackson;HIStory: Past, Present and Future, Book I
Thriller;Michael Jackson;HIStory: Past, Present and Future, Book I
Beat It;Michael Jackson;HIStory: Past, Present and Future, Book I
Black Or White;Michael Jackson;HIStory: Past, Present and Future, Book I
Heal the World;Michael Jackson;HIStory: Past, Present and Future, Book I
Remember the Time;Michael Jackson;HIStory: Past, Present and Future, Book I
Man in the Mirror;Michael Jackson;HIStory: Past, Present and Future, Book I
Bad;Michael Jackson;HIStory: Past, Present and Future, Book I
I Just Can't Stop Loving You;Michael Jackson;HIStory: Past, Present and Future, Book I
Wanna Be Startin' Somethin' (Album Version);Michael Jackson;HIStory: Past, Present and Future, Book I
The Girl Is Mine;Michael Jackson;HIStory: Past, Present and Future, Book I
Billie Jean;Michael Jackson;HIStory: Past, Present and Future, Book I
Don't Stop 'Til You Get Enough;Michael Jackson;HIStory: Past, Present and Future, Book I
Little Susie / Pie Jesu;Michael Jackson;HIStory: Past, Present and Future, Book I
Earth Song;Michael Jackson;HIStory: Past, Present and Future, Book I
"Childhood (Theme from ""Free Willy 2"")";Michael Jackson;HIStory: Past, Present and Future, Book I
History;Michael Jackson;HIStory: Past, Present and Future, Book I
This Time Around;Michael Jackson;HIStory: Past, Present and Future, Book I
Smile;Michael Jackson;HIStory: Past, Present and Future, Book I
Money;Michael Jackson;HIStory: Past, Present and Future, Book I
They Don't Care About Us;Michael Jackson;HIStory: Past, Present and Future, Book I
2 Bad;Michael Jackson;HIStory: Past, Present and Future, Book I
Tabloid Junkie;Michael Jackson;HIStory: Past, Present and Future, Book I
Come Together;Michael Jackson;HIStory: Past, Present and Future, Book I
Stranger in Moscow;Michael Jackson;HIStory: Past, Present and Future, Book I
D.S.;Michael Jackson;HIStory: Past, Present and Future, Book I
Scream;Michael Jackson;HIStory: Past, Present and Future, Book I
You Are Not Alone;Michael Jackson;HIStory: Past, Present and Future, Book I
The Girl Is Mine;Michael Jackson;Thriller 25 (Super Deluxe Edition)
Baby Be Mine;Michael Jackson;Thriller 25 (Super Deluxe Edition)
Billie Jean  (Underground Mix);Michael Jackson;Thriller 25 (Super Deluxe Edition)
Quincy Jones Interview #5;Quincy Jones;Thriller 25 (Super Deluxe Edition)
P.Y.T. (Pretty Young Thing) 2008 with will.i.am  (Thriller 25th Anniversary Remix feat. willi.i.am);Michael Jackson;Thriller 25 (Super Deluxe Edition)
Wanna Be Startin' Somethin';Michael Jackson;Thriller 25 (Super Deluxe Edition)
Carousel;Michael Jackson;Thriller 25 (Super Deluxe Edition)
Beat It;Michael Jackson;Thriller 25 (Super Deluxe Edition)
Quincy Jones Interview #3;Quincy Jones;Thriller 25 (Super Deluxe Edition)
Thriller;Michael Jackson;Thriller 25 (Super Deluxe Edition)
Voice-Over Intro / Voice-Over Session from Thriller;Michael Jackson;Thriller 25 (Super Deluxe Edition)
Billie Jean 2008 Kanye West Mix  (Thriller 25th Anniversary Remix);Michael Jackson;Thriller 25 (Super Deluxe Edition)
Human Nature;Michael Jackson;Thriller 25 (Super Deluxe Edition)
"Vincent Price Excerpt From ""Thriller"" Voice-Over Session  (Thriller 25th Anniversary Voice-Over Session)";Vincent Price;Thriller 25 (Super Deluxe Edition)
Voice-Over Intro Quincy Jones Interview #6 / Quincy Jones Interview #6;Quincy Jones;Thriller 25 (Super Deluxe Edition)
Billie Jean  (Long Version);Michael Jackson;Thriller 25 (Super Deluxe Edition)
Beat It 2008  (Thriller 25th Anniversary Remix feat. Fergie);Michael Jackson;Thriller 25 (Super Deluxe Edition)
P.Y.T. (Pretty Young Thing);Michael Jackson;Thriller 25 (Super Deluxe Edition)
Quincy Jones Interview #4;Quincy Jones;Thriller 25 (Super Deluxe Edition)
Billie Jean;Michael Jackson;Thriller 25 (Super Deluxe Edition)
Thriller  (Instrumental);Michael Jackson;Thriller 25 (Super Deluxe Edition)
Voice-Over Intro Rod Temperton Interview #1 / Rod Temperton Interview #1;Rod Temperton;Thriller 25 (Super Deluxe Edition)
Voice-Over Intro Rod Temperton Interview #2 / Rod Temperton Interview #2;Rod Temperton;Thriller 25 (Super Deluxe Edition)
Wanna Be Startin' Somethin' 2008 with Akon  (Thriller 25th Anniversary Remix);Michael Jackson;Thriller 25 (Super Deluxe Edition)
Someone in the Dark;Michael Jackson;Thriller 25 (Super Deluxe Edition)
The Girl Is Mine 2008 with will.i.am  (Thriller 25th Anniversary Remix);Michael Jackson;Thriller 25 (Super Deluxe Edition)
Voice-Over Intro Quincy Jones Interview #2/Quincy Jones Interview #2 / Voice-Over Intro Billie Jean (Demo);Quincy Jones;Thriller 25 (Super Deluxe Edition)
For All Time;Michael Jackson;Thriller 25 (Super Deluxe Edition)
Billie Jean (Home Demo from 1981);Michael Jackson;Thriller 25 (Super Deluxe Edition)
Voice-Over Intro Quincy Jones Interview #1 / Quincy Jones Interview #1;Quincy Jones;Thriller 25 (Super Deluxe Edition)
The Lady in My Life;Michael Jackson;Thriller 25 (Super Deluxe Edition)
Talkin Scarlet;Prefab Sprout;Protest Songs
'Til the Cows Come Home;Prefab Sprout;Protest Songs
Wicked Things;Prefab Sprout;Protest Songs
Tiffanys;Prefab Sprout;Protest Songs
Horsechimes;Prefab Sprout;Protest Songs
The World Awake;Prefab Sprout;Protest Songs
Life of Surprises;Prefab Sprout;Protest Songs
Pearly Gates;Prefab Sprout;Protest Songs
Dublin;Prefab Sprout;Protest Songs
Diana;Prefab Sprout;Protest Songs
When the Angels;Prefab Sprout;Steve McQueen
Hallelujah;Prefab Sprout;Steve McQueen
When Love Breaks Down;Prefab Sprout;Steve McQueen
Blueberry Pies;Prefab Sprout;Steve McQueen
Appetite;Prefab Sprout;Steve McQueen
Moving the River;Prefab Sprout;Steve McQueen
Desire As;Prefab Sprout;Steve McQueen
Faron Young;Prefab Sprout;Steve McQueen
Goodbye Lucille #1;Prefab Sprout;Steve McQueen
Bonny;Prefab Sprout;Steve McQueen
Horsin' Around;Prefab Sprout;Steve McQueen
Green Isaac (I);Prefab Sprout;Swoon
I Never Play Basketball Now;Prefab Sprout;Swoon
Cruel;Prefab Sprout;Swoon
Don't Sing;Prefab Sprout;Swoon
Ghost Town Blues;Prefab Sprout;Swoon
Elegance;Prefab Sprout;Swoon
Green Isaac (II);Prefab Sprout;Swoon
Couldn't Bear to Be Special;Prefab Sprout;Swoon
Cue Fanfare;Prefab Sprout;Swoon
Technique;Prefab Sprout;Swoon
Here On the Eerie;Prefab Sprout;Swoon
List of Impossible Things;Prefab Sprout;Crimson/Red
The Old Magician;Prefab Sprout;Crimson/Red
The Best Jewel Thief In the World;Prefab Sprout;Crimson/Red
Mysterious;Prefab Sprout;Crimson/Red
Billy;Prefab Sprout;Crimson/Red
Grief Built the Taj Mahal;Prefab Sprout;Crimson/Red
Devil Came a Calling;Prefab Sprout;Crimson/Red
The Dreamer;Prefab Sprout;Crimson/Red
The Songs of Danny Galway;Prefab Sprout;Crimson/Red
Adolescence;Prefab Sprout;Crimson/Red
Farmyard Cat;Prefab Sprout;The Gunman And Other Stories
Wild Card In The Pack;Prefab Sprout;The Gunman And Other Stories
The Gunman;Prefab Sprout;The Gunman And Other Stories
I'm A Troubled Man;Prefab Sprout;The Gunman And Other Stories
Blue Roses;Prefab Sprout;The Gunman And Other Stories
Cornfield Ablaze;Prefab Sprout;The Gunman And Other Stories
When You Get To Know Me Better;Prefab Sprout;The Gunman And Other Stories
Streets Of Laredo/Not Long For This World;Prefab Sprout;The Gunman And Other Stories
Cowboy Dreams;Prefab Sprout;The Gunman And Other Stories
Love Will Find Someone For You;Prefab Sprout;The Gunman And Other Stories
Scarlet Nights;Prefab Sprout;Jordan: The Comeback
Paris Smith;Prefab Sprout;Jordan: The Comeback
Jesse James Symphony;Prefab Sprout;Jordan: The Comeback
Machine Gun Ibiza;Prefab Sprout;Jordan: The Comeback
One of the Broken (Single Version);Prefab Sprout;Jordan: The Comeback
Looking for Atlantis;Prefab Sprout;Jordan: The Comeback
All the World Loves Lovers;Prefab Sprout;Jordan: The Comeback
Jordan: The Comeback (Single Version);Prefab Sprout;Jordan: The Comeback
We Let the Stars Go;Prefab Sprout;Jordan: The Comeback
Mercy;Prefab Sprout;Jordan: The Comeback
Jesse James Bolero;Prefab Sprout;Jordan: The Comeback
All Boys Believe Anything;Prefab Sprout;Jordan: The Comeback
Michael;Prefab Sprout;Jordan: The Comeback
Moon Dog;Prefab Sprout;Jordan: The Comeback
Doo-Wop In Harlem;Prefab Sprout;Jordan: The Comeback
The Wedding March;Prefab Sprout;Jordan: The Comeback
Wild Horses;Prefab Sprout;Jordan: The Comeback
Carnival 2000;Prefab Sprout;Jordan: The Comeback
The Ice Maiden;Prefab Sprout;Jordan: The Comeback
When Love Breaks Down  (Acoustic);Prefab Sprout;Steve McQueen 
When the Angels  (Acoustic);Prefab Sprout;Steve McQueen 
Appetite  (Acoustic);Prefab Sprout;Steve McQueen 
Desire As  (Acoustic);Prefab Sprout;Steve McQueen 
Moving the River  (Acoustic);Prefab Sprout;Steve McQueen 
Faron Young  (Acoustic);Prefab Sprout;Steve McQueen 
Goodbye Lucille #1  (Acoustic);Prefab Sprout;Steve McQueen 
Bonny  (Acoustic);Prefab Sprout;Steve McQueen 
Knock On Wood;Prefab Sprout;From Langley Park to Memphis
Hey Manhattan!;Prefab Sprout;From Langley Park to Memphis
Nancy (Let Your Hair Down for Me);Prefab Sprout;From Langley Park to Memphis
Nightingales;Prefab Sprout;From Langley Park to Memphis
The Golden Calf;Prefab Sprout;From Langley Park to Memphis
The King of Rock 'N' Roll;Prefab Sprout;From Langley Park to Memphis
Cars and Girls;Prefab Sprout;From Langley Park to Memphis
I Remember That;Prefab Sprout;From Langley Park to Memphis
The Venus of the Soup Kitchen;Prefab Sprout;From Langley Park to Memphis
Enchanted;Prefab Sprout;From Langley Park to Memphis
Angel of Love;Prefab Sprout;Let's Change the World With Music
God Watch Over You;Prefab Sprout;Let's Change the World With Music
Music Is a Princess;Prefab Sprout;Let's Change the World With Music
I Love Music;Prefab Sprout;Let's Change the World With Music
Let There Be Music;Prefab Sprout;Let's Change the World With Music
Last of the Great Romantics;Prefab Sprout;Let's Change the World With Music
Ride;Prefab Sprout;Let's Change the World With Music
Earth, the Story So Far;Prefab Sprout;Let's Change the World With Music
Meet the New Mozart;Prefab Sprout;Let's Change the World With Music
Falling In Love;Prefab Sprout;Let's Change the World With Music
Sweet Gospel Music;Prefab Sprout;Let's Change the World With Music
Whoever You Are;Prefab Sprout;Andromeda Heights
Electric Guitars;Prefab Sprout;Andromeda Heights
Andromeda Heights;Prefab Sprout;Andromeda Heights
A Prisoner of the Past;Prefab Sprout;Andromeda Heights
Steal Your Thunder;Prefab Sprout;Andromeda Heights
Weightless;Prefab Sprout;Andromeda Heights
Anne Marie;Prefab Sprout;Andromeda Heights
Life's a Miracle;Prefab Sprout;Andromeda Heights
The Mystery of Love;Prefab Sprout;Andromeda Heights
Avenue of Stars;Prefab Sprout;Andromeda Heights
The Fifth Horseman;Prefab Sprout;Andromeda Heights
Swans;Prefab Sprout;Andromeda Heights
I Trawl the Megahertz (Remastered);Prefab Sprout;I Trawl the Megahertz
...But We Were Happy (Remastered);Prefab Sprout;I Trawl the Megahertz
Fall from Grace (Remastered);Prefab Sprout;I Trawl the Megahertz
We Were Poor... (Remastered);Prefab Sprout;I Trawl the Megahertz
I'm 49 (Remastered);Prefab Sprout;I Trawl the Megahertz
Ineffable (Remastered);Prefab Sprout;I Trawl the Megahertz
Sleeping Rough (Remastered);Prefab Sprout;I Trawl the Megahertz
Esprit de Corps (Remastered);Prefab Sprout;I Trawl the Megahertz
Orchid 7 (Remastered);Prefab Sprout;I Trawl the Megahertz
Nuvem Cigana (Ao Vivo);Milton Nascimento;A Barca Dos Amantes
Amor De Indio (Ao Vivo);Milton Nascimento;A Barca Dos Amantes
Nos Dois (Ao Vivo);Milton Nascimento;A Barca Dos Amantes
Lagrimas Do Sul (Ao Vivo);Milton Nascimento;A Barca Dos Amantes
Louvação A Mariama (Ao Vivo);Milton Nascimento;A Barca Dos Amantes
Tarde (Ao Vivo);Milton Nascimento;A Barca Dos Amantes
Maria, Maria (Ao Vivo);Milton Nascimento;A Barca Dos Amantes
Pensamento (Ao Vivo);Milton Nascimento;A Barca Dos Amantes
A Barca Dos Amantes (Ao Vivo);Milton Nascimento;A Barca Dos Amantes
Cuerpo Y Alma  (Body And Soul   Album Version);Milton Nascimento;Nascimento
Rouxinol  (The Nightingale   Album Version);Milton Nascimento;Nascimento
Biromes Y Servilletas Papel  (Paper Napkins   Album Version);Milton Nascimento;Nascimento
Ana Maria (Album Version);Milton Nascimento;Nascimento
Janela Para O Mundo  (Window To The World   Album Version);Milton Nascimento;Nascimento
Louva-A-Deus  (The Praying Mantis   Album Version);Milton Nascimento;Nascimento
Ol' Man River (Album Version);Milton Nascimento;Nascimento
Guardanapos De Papel  (Paper Napkins   Album Version);Milton Nascimento;Nascimento
Os Tambores De Minas  (Minas Drums   Album Version);Milton Nascimento;Nascimento
Levantados Do Chao  (Ground Raised   Album Version);Milton Nascimento;Nascimento
E Agora, Rapaz?  (And What Now, Man?   Album Version);Milton Nascimento;Nascimento
O Cavaleiro  (The Rider   Album Version);Milton Nascimento;Nascimento
Only a Dream in Rio;Milton Nascimento;Angelus, Milton Nascimento
Qualquer Coisa a Haver Com O Paraiso;Milton Nascimento;Angelus, Milton Nascimento
Clube da Esquina Nº 2;Milton Nascimento;Angelus, Milton Nascimento
Hello Goodbye;Milton Nascimento;Angelus, Milton Nascimento
Sofro Calado, Pt. 2;Milton Nascimento;Angelus, Milton Nascimento
Angelus;Milton Nascimento;Angelus, Milton Nascimento
Novena;Milton Nascimento;Angelus, Milton Nascimento
Seis Horas da Tarde;Milton Nascimento;Angelus, Milton Nascimento
Coisas De Minas;Milton Nascimento;Angelus, Milton Nascimento
Amor Amigo;Milton Nascimento;Angelus, Milton Nascimento
Sofro Calado, Pt. 1;Milton Nascimento;Angelus, Milton Nascimento
Estrelada;Milton Nascimento;Angelus, Milton Nascimento
Meu Veneno;Milton Nascimento;Angelus, Milton Nascimento
Vera Cruz;Milton Nascimento;Angelus, Milton Nascimento
De Um Modo Geral;Milton Nascimento;Angelus, Milton Nascimento
Cidade Encantada;Milton Nascimento;Yauaretê
Morro Velho;Milton Nascimento;Yauaretê
Dança dos Meninos;Milton Nascimento;Yauaretê
Blue Planet (Planeta Blue);Milton Nascimento;Yauaretê
Yauaretê;Milton Nascimento;Yauaretê
Eldorado;Milton Nascimento;Yauaretê
O Vendedor de Sonhos;Milton Nascimento;Yauaretê
Carta à República;Milton Nascimento;Yauaretê
Canções e Momentos;Milton Nascimento;Yauaretê
Meu Mestre Coração;Milton Nascimento;Yauaretê
Mountain;Milton Nascimento;Yauaretê
Don Quixote;Milton Nascimento;Miltons
River Phoenix (Carta a um Jovem Ator);Milton Nascimento;Miltons
San Vicente;Milton Nascimento;Miltons
Sêmen;Milton Nascimento;Miltons
Fruta Boa;Milton Nascimento;Miltons
La Bamba;Milton Nascimento;Miltons
Sem Fim;Milton Nascimento;Miltons
Bola de Meia, Bola de Gude;Milton Nascimento;Miltons
Feito nós;Milton Nascimento;Miltons
Leila (Venha Ser Feliz);Milton Nascimento;Minas
Fé Cega, Faca Amolada;Beto Guedes;Minas
Simples;Milton Nascimento;Minas
Norwegian Wood (This Bird Has Flown);Milton Nascimento;Minas
Trastevere;Milton Nascimento;Minas
Beijo Partido;Milton Nascimento;Minas
Idolatrada / Paula E Bebeto (Medley);Milton Nascimento;Minas
Gran Circo;Milton Nascimento;Minas
Ponta De Areia;Milton Nascimento;Minas
Paula E Bebeto;Milton Nascimento;Minas
Minas / Paula E Bebeto (Medley);Milton Nascimento;Minas
Caso Você Queria Saber;Milton Nascimento;Minas
Saudade Dos Aviões Da Panair (Conversando No Bar) / Paula E Bebeto (Medley);Milton Nascimento;Minas
Canção do Sal;Milton Nascimento;Travessia
Outubro;Milton Nascimento;Travessia
Irmão de Fé;Milton Nascimento;Travessia
Morro Velho;Milton Nascimento;Travessia
Três Pontas;Milton Nascimento;Travessia
Gira, Girou;Milton Nascimento;Travessia
Crença;Milton Nascimento;Travessia
Travessia;Milton Nascimento;Travessia
Maria Minha Fé;Milton Nascimento;Travessia
Catavento;Milton Nascimento;Travessia
BaridJumokô;Povo Kayapó do A-Ukre;Txai
Que Virá Dessa Escuridão? (What Will Come Out Of This Darkness?);Milton Nascimento;Txai
Txai;Milton Nascimento;Txai
Coisas da Vida (That's Life);Milton Nascimento;Txai
Nozani Na;Marlui Miranda;Txai
A Terceira Margem do Rio (The Third Edge Of The River);Milton Nascimento;Txai
Baú Metoro;Milton Nascimento;Txai
Yanomami e Nós (Pacto de Vida) (Yanomami And US - Pact Of Life);Milton Nascimento;Txai
Overture;Milton Nascimento;Txai
Benke;Milton Nascimento;Txai
Hoeiepereiga;Milton Nascimento;Txai
Awasi;Milton Nascimento;Txai
Estórias da Floresta (Stories Of The Forest);Milton Nascimento;Txai
Sertão das Águas;Milton Nascimento;Txai
Curi Curi;Milton Nascimento;Txai
Soul On Board;Curt Smith;Soul on Board
Wonder Child;Curt Smith;Soul on Board
Come The Revolution;Curt Smith;Soul on Board
I Will Be There;Curt Smith;Soul on Board
Beautiful To Me;Curt Smith;Soul on Board
Rain;Curt Smith;Soul on Board
Calling Out;Curt Smith;Soul on Board
Words;Curt Smith;Soul on Board
No One Knows Your Name;Curt Smith;Soul on Board
Still In Love With You;Curt Smith;Soul on Board
É l'aurora;Ivano Fossati and Oscar Prudente;Poco prima dell'aurora
Gil (Voglia di terra);Ivano Fossati and Oscar Prudente;Poco prima dell'aurora
Ehi amico;Ivano Fossati and Oscar Prudente;Poco prima dell'aurora
L'Africa;Ivano Fossati and Oscar Prudente;Poco prima dell'aurora
Prendi fiato poi vai;Ivano Fossati and Oscar Prudente;Poco prima dell'aurora
Tema del lupo (Voglia di non aspettare);Ivano Fossati and Oscar Prudente;Poco prima dell'aurora
10 km dalla città;Ivano Fossati and Oscar Prudente;Poco prima dell'aurora
Apri le braccia (Voglia di amare);Ivano Fossati and Oscar Prudente;Poco prima dell'aurora
Lo stregone (Voglia di sapere);Ivano Fossati and Oscar Prudente;Poco prima dell'aurora
M.P.B.;Womack & Womack;Conscience
Life's Just A Ballgame;Womack & Womack;Conscience
Good Man Monologue (Album Version);Womack & Womack;Conscience
Teardrops;Womack & Womack;Conscience
Friends (So Called);Womack & Womack;Conscience
I Am Love;Womack & Womack;Conscience
Conscious Of My Conscience;Womack & Womack;Conscience
Celebrate The World;Womack & Womack;Conscience
Slave (Just For Love);Womack & Womack;Conscience
Silver Moon (Remastered 2003);David Sylvian;Gone To Earth
Taking The Veil (Remastered 2003);David Sylvian;Gone To Earth
Laughter And Forgetting (Remastered 2003);David Sylvian;Gone To Earth
Before The Bullfight (Remastered 2003);David Sylvian;Gone To Earth
River Man (Remastered 2003);David Sylvian;Gone To Earth
Gone To Earth (Remix);David Sylvian;Gone To Earth
Wave (Remastered 2003);David Sylvian;Gone To Earth
Camp Fire: Coyote Country (Remix);David Sylvian;Gone To Earth
River Man (Remix);David Sylvian;Gone To Earth
Gone To Earth (Remastered 2003);David Sylvian;Gone To Earth
Camp Fire: Coyote Country (Remastered 2003);David Sylvian;Gone To Earth
Where The Railroad Meets The Sea (Remastered 2003);David Sylvian;Gone To Earth
Home (Remastered 2003);David Sylvian;Gone To Earth
A Bird Of Prey Vanishes Into A Bright Blue Cloudless Sky (Remastered 2003);David Sylvian;Gone To Earth
Upon This Earth (Remastered 2003);David Sylvian;Gone To Earth
The Wooden Cross (Remastered 2003);David Sylvian;Gone To Earth
Answered Prayers (Remastered 2003);David Sylvian;Gone To Earth
The Healing Place (Remastered 2003);David Sylvian;Gone To Earth
Silver Moon Over Sleeping Steeples (Remastered 2003);David Sylvian;Gone To Earth
Sunlight Seen Through Towering Trees (Remastered 2003);David Sylvian;Gone To Earth
Plight (The Spiralling Of Winter Ghosts) Detail (Remix);David Sylvian;Camphor
Mother And Child (Remix);David Sylvian;Camphor
Big Wheels In Shanty Town;Rain Tree Crow;Camphor
Red Earth (As Summertime Ends) (Edit);Rain Tree Crow;Camphor
Answered Prayers;David Sylvian;Camphor
Camphor;David Sylvian;Camphor
All Of My Mother's Names (Summers With Amma);David Sylvian;Camphor
Upon This Earth (Remix);David Sylvian;Camphor
The Healing Place;David Sylvian;Camphor
Wave;David Sylvian;Camphor
New Moon At Red Deer Wallow;Rain Tree Crow;Camphor
The Song Which Gives The Key To Perfection;David Sylvian;Camphor
Praise (Pratah Smarami);David Sylvian;Camphor
A Brief Conversation Ending In Divorce;David Sylvian;Camphor
The Beekeeper's Apprentice;David Sylvian;Approaching Silence
Approaching Silence;David Sylvian;Approaching Silence
Epiphany;David Sylvian;Approaching Silence
The Heart Knows Better (Remixed By Sweet Billy Pilgrim);David Sylvian;The Good Son Vs. The Only Daughter - The Blemish Remixes
The Good Son (Remixed By Yoshihiro Hanno);David Sylvian;The Good Son Vs. The Only Daughter - The Blemish Remixes
A Fire In The Forest (Remixed By Readymade FC);David Sylvian;The Good Son Vs. The Only Daughter - The Blemish Remixes
The Only Daughter (Remixed By Jan Bang And Erik Honoré);David Sylvian;The Good Son Vs. The Only Daughter - The Blemish Remixes
The Only Daughter (Remixed by Ryoji Ikeda);David Sylvian;The Good Son Vs. The Only Daughter - The Blemish Remixes
How Little We Need To Be Happy (Remixed By Tatsuhiko Asano);David Sylvian;The Good Son Vs. The Only Daughter - The Blemish Remixes
Late Night Shopping (Remixed By Burnt Friedman);David Sylvian;The Good Son Vs. The Only Daughter - The Blemish Remixes
Blemish (Remixed By Akira Rabelais);David Sylvian;The Good Son Vs. The Only Daughter - The Blemish Remixes
Blemish (Remixed By Burnt Friedman);David Sylvian;The Good Son Vs. The Only Daughter - The Blemish Remixes
Red Guitar (Remastered 2003);David Sylvian;Brilliant Trees
Backwaters (Remastered 2003);David Sylvian;Brilliant Trees
Nostalgia (Remastered 2003);David Sylvian;Brilliant Trees
Brilliant Trees (Remastered 2003);David Sylvian;Brilliant Trees
Pulling Punches (Remastered 2003);David Sylvian;Brilliant Trees
Weathered Wall (Remastered 2003);David Sylvian;Brilliant Trees
The Ink In The Well (Remastered 2003);David Sylvian;Brilliant Trees
Died In The Wool;David Sylvian;Died In The Wool - Manafon Variations
I Should Not Dare (For N.O.);David Sylvian;Died In The Wool - Manafon Variations
A Certain Slant Of Light (For M. K.);David Sylvian;Died In The Wool - Manafon Variations
Anomaly At Taw Head (A Haunting);David Sylvian;Died In The Wool - Manafon Variations
Emily Dickinson;David Sylvian;Died In The Wool - Manafon Variations
Manafon;David Sylvian;Died In The Wool - Manafon Variations
The Greatest Living Englishman (Coda);David Sylvian;Died In The Wool - Manafon Variations
When We Return You Won't Recognise Us;David Sylvian;Died In The Wool - Manafon Variations
Small Metal Gods;David Sylvian;Died In The Wool - Manafon Variations
Snow White In Appalachia;David Sylvian;Died In The Wool - Manafon Variations
Random Acts Of Senseless Violence;David Sylvian;Died In The Wool - Manafon Variations
The Last Days Of December;David Sylvian;Died In The Wool - Manafon Variations
Anomaly At Taw Head;David Sylvian;Died In The Wool - Manafon Variations
All Of My Mother's Names (Summers With Amma);David Sylvian;Dead Bees On A Cake [Expanded Edition]
Midnight Sun;David Sylvian;Dead Bees On A Cake [Expanded Edition]
Cover Me With Flowers;David Sylvian;Dead Bees On A Cake [Expanded Edition]
Café Europa;David Sylvian;Dead Bees On A Cake [Expanded Edition]
I Surrender;David Sylvian;Dead Bees On A Cake [Expanded Edition]
Praise (Pratah Smarami);David Sylvian;Dead Bees On A Cake [Expanded Edition]
Krishna Blue;David Sylvian;Dead Bees On A Cake [Expanded Edition]
The Shining Of Things;David Sylvian;Dead Bees On A Cake [Expanded Edition]
Darkest Dreaming;David Sylvian;Dead Bees On A Cake [Expanded Edition]
Pollen Path;David Sylvian;Dead Bees On A Cake [Expanded Edition]
Aparna And Nimisha (Dobro #5);David Sylvian;Dead Bees On A Cake [Expanded Edition]
Albuquerque (Dobro #6);David Sylvian;Dead Bees On A Cake [Expanded Edition]
God Man;David Sylvian;Dead Bees On A Cake [Expanded Edition]
Alphabet Angel;David Sylvian;Dead Bees On A Cake [Expanded Edition]
The Scent Of Magnolia;David Sylvian;Dead Bees On A Cake [Expanded Edition]
Wanderlust;David Sylvian;Dead Bees On A Cake [Expanded Edition]
Dobro #1;David Sylvian;Dead Bees On A Cake [Expanded Edition]
Thalheim;David Sylvian;Dead Bees On A Cake [Expanded Edition]
Snow White In Appalachia;David Sylvian;Manafon
Manafon;David Sylvian;Manafon
The Rabbit Skinner;David Sylvian;Manafon
The Greatest Living Englishman;David Sylvian;Manafon
125 Spheres;David Sylvian;Manafon
Small Metal Gods;David Sylvian;Manafon
Emily Dickinson;David Sylvian;Manafon
The Department Of Dead Letters;David Sylvian;Manafon
Random Acts Of Senseless Violence;David Sylvian;Manafon
Preparations For A Journey (Remastered 2003);David Sylvian;Alchemy: An Index Of Possibilities
The Stigma Of Childhood (Kin) (Remastered 2003);David Sylvian;Alchemy: An Index Of Possibilities
A Brief Conversation Ending In Divorce (Remastered 2003);David Sylvian;Alchemy: An Index Of Possibilities
Words With The Shaman - Part 1 (Ancient Evening) (Remastered 2003);David Sylvian;Alchemy: An Index Of Possibilities
Words With The Shaman - Part 2 (Incantation) (Remastered 2003);David Sylvian;Alchemy: An Index Of Possibilities
Steel Cathedrals (Remastered 2003);David Sylvian;Alchemy: An Index Of Possibilities
Words With The Shaman - Part 3 (Awakening (Songs From The Treetops)) (Remastered 2003);David Sylvian;Alchemy: An Index Of Possibilities
She Is Not;David Sylvian;Blemish
Blemish;David Sylvian;Blemish
The Heart Knows Better;David Sylvian;Blemish
A Fire In The Forest;David Sylvian;Blemish
The Only Daughter;David Sylvian;Blemish
How Little We Need To Be Happy;David Sylvian;Blemish
Late Night Shopping;David Sylvian;Blemish
The Good Son;David Sylvian;Blemish
Albuquerque (Dobro #6);David Sylvian;Everything & Nothing
Ghosts (Remix);Japan;Everything & Nothing
Pop Song;David Sylvian;Everything & Nothing
The Golden Way (Remix);Nicola Alesini;Everything & Nothing
Let The Happiness In;David Sylvian;Everything & Nothing
Ride;David Sylvian;Everything & Nothing
Wanderlust;David Sylvian;Everything & Nothing
Heartbeat (Tainai Kaiki II) Returning To The Womb (Remix);Ryuichi Sakamoto;Everything & Nothing
Thoroughly Lost To Logic;David Sylvian;Everything & Nothing
Blackwater;Rain Tree Crow;Everything & Nothing
I Surrender;David Sylvian;Everything & Nothing
God's Monkey;David Sylvian;Everything & Nothing
Every Colour You Are;Rain Tree Crow;Everything & Nothing
The Scent Of Magnolia;David Sylvian;Everything & Nothing
Bamboo Houses (Remix);Ryuichi Sakamoto;Everything & Nothing
Cover Me With Flowers;David Sylvian;Everything & Nothing
Weathered Wall (Remix);David Sylvian;Everything & Nothing
Midnight Sun;David Sylvian;Everything & Nothing
Laughter And Forgetting;David Sylvian;Everything & Nothing
Jean The Birdman;David Sylvian;Everything & Nothing
Come Morning (Remix);Nicola Alesini;Everything & Nothing
The Boy With The Gun;David Sylvian;Everything & Nothing
Buoy (Remix);Mick Karn;Everything & Nothing
Cries And Whispers;Rain Tree Crow;Everything & Nothing
God Man;David Sylvian;Everything & Nothing
Orpheus;David Sylvian;Everything & Nothing
River Man;David Sylvian;Everything & Nothing
Aparna And Nimisha (Dobro #5);David Sylvian;Everything & Nothing
Some Kind Of Fool;Japan;Everything & Nothing
Orpheus (Remastered 2003);David Sylvian;Secrets Of The Beehive
Mother And Child (Remastered 2003);David Sylvian;Secrets Of The Beehive
Waterfront (Remastered 2003);David Sylvian;Secrets Of The Beehive
Let The Happiness In (Remastered 2003);David Sylvian;Secrets Of The Beehive
September (Remastered 2003);David Sylvian;Secrets Of The Beehive
The Boy With The Gun (Remastered 2003);David Sylvian;Secrets Of The Beehive
When Poets Dreamed Of Angels (Remastered 2003);David Sylvian;Secrets Of The Beehive
Maria (Remastered 2003);David Sylvian;Secrets Of The Beehive
Promise (The Cult Of Eurydice) (Remastered 2003);David Sylvian;Secrets Of The Beehive
The Devil's Own (Remastered 2003);David Sylvian;Secrets Of The Beehive
Sugarfuel;David Sylvian;Sleepwalkers
Ballad Of A Deadman;David Sylvian Feat. Joan Wasser;Sleepwalkers
World Citizen - I Won't Be Disappointed;David Sylvian;Sleepwalkers
Transit;David Sylvian;Sleepwalkers
Angels;David Sylvian;Sleepwalkers
Pure Genius;David Sylvian;Sleepwalkers
Thermal;David Sylvian;Sleepwalkers
The World Is Everything;David Sylvian;Sleepwalkers
Money For All;David Sylvian;Sleepwalkers
Exit/Delete;David Sylvian;Sleepwalkers
Trauma;David Sylvian;Sleepwalkers
The Day The Earth Stole Heaven;David Sylvian;Sleepwalkers
Wonderful World;David Sylvian;Sleepwalkers
Sleepwalkers;David Sylvian;Sleepwalkers
Five Lines;David Sylvian;Sleepwalkers
Playground Martyrs;David Sylvian;Sleepwalkers
One World (Album Version);John Martyn;One World
Dancing (Album Version);John Martyn;One World
Big Muff (Album Version);John Martyn;One World
Smiling Stranger (Album Version);John Martyn;One World
Couldn't Love You More (Album Version);John Martyn;One World
Dealer (Album Version);John Martyn;One World
Certain Surprise (Album Version);John Martyn;One World
Small Hours (Album Version);John Martyn;One World
Big Muff (Alternate Version With Drums);John Martyn;One World
Dealer (Second Alternate Version);John Martyn;One World
Dancing (Alternate Version);John Martyn;One World
One World (Alternate Version);John Martyn;One World
Smiling Stranger (Instrumental Version);John Martyn;One World
Couldn't Love You More (Live At Regents Park/1976);John Martyn;One World
Certain Surprise (Alternate Version);John Martyn;One World
Small Hours (Instrumental Version);John Martyn;One World
Small Hours (Live At Regents Park/1976);John Martyn;One World
Black Man At The Shoulder (Out Take);John Martyn;One World
One World (Live At Regents Park/1976);John Martyn;One World
Dealer (Live At Regents Park/1976);John Martyn;One World
Big Muff (Drum Machine Version);John Martyn;One World
Dealer (First Alternate Version);John Martyn;One World
Certain Surprise (Live At Regents Park/1976);John Martyn;One World
Baby, Please Come Home (Album Version);John Martyn;Grace & Danger
"Some People Are Crazy (BBC TV ""Rock Goes To College""/ Stirling University, Scotland / 1981)";John Martyn;Grace & Danger
Some People Are Crazy (Album Version);John Martyn;Grace & Danger
Lookin' On (Album Version);John Martyn;Grace & Danger
Grace And Danger (Album Version);John Martyn;Grace & Danger
"Lookin' On (BBC TV ""Old Grey Whistle Test"" live performance)";John Martyn;Grace & Danger
"Grace And Danger (BBC TV ""Rock Goes To College""/ Stirling University, Scotland / 1981)";John Martyn;Grace & Danger
"Sweet Little Mystery (BBC TV ""Old Grey Whistle Test"" / London / 1981)";John Martyn;Grace & Danger
Our Love (Album Version);John Martyn;Grace & Danger
Sweet Little Mystery (Album Version);John Martyn;Grace & Danger
Hurt In Your Heart (Album Version);John Martyn;Grace & Danger
"Save Some (For Me) (BBC TV ""Rock Goes To College""/ Stirling University, Scotland / 1981)";John Martyn;Grace & Danger
Save Some (For Me) (Album Version);John Martyn;Grace & Danger
Johnny Too Bad (Album Version);John Martyn;Grace & Danger
Lilo Blondino;John Martyn;Grace & Danger
Baby, Please Come Home (First Version);John Martyn;Grace & Danger
Grace And Danger (First Version);John Martyn;Grace & Danger
Johnny Too Bad (First Version);John Martyn;Grace & Danger
Our Love (First Version);John Martyn;Grace & Danger
Dead On Arrival;John Martyn;Grace & Danger
Sweet Little Mystery (First Version);John Martyn;Grace & Danger
After Tomorrow Night;John Martyn;Grace & Danger
Hurt In Your Heart (Instrumental);John Martyn;Grace & Danger
Small Hat;John Martyn;Grace & Danger
Johnny Too Bad (Dub Mix);John Martyn;Grace & Danger
Some People Are Crazy (First Version);John Martyn;Grace & Danger
Running Up The Harbour;John Martyn;Grace & Danger
I'd Rather Be The Devil (Devil Got My Woman) (Live At Leeds University, Leeds / 1976);John Martyn;Solid Air
Over The Hill (Album Version);John Martyn;Solid Air
Go Down Easy (Album Version);John Martyn;Solid Air
I'd Rather Be The Devil (Devil Got My Woman) (Album Version);John Martyn;Solid Air
Don't Want To Know (Album Version);John Martyn;Solid Air
Dreams By The Sea (Album Version);John Martyn;Solid Air
The Easy Blues;John Martyn;Solid Air
Solid Air (Album Version);John Martyn;Solid Air
The Man In The Station (Album Version);John Martyn;Solid Air
May You Never (Album Version);John Martyn;Solid Air
Strange Fruit;John Martyn;The Church With One Bell
How Fortunate The Man With None;John Martyn;The Church With One Bell
He's Got All The Whiskey;John Martyn;The Church With One Bell
Small Town Talk;John Martyn;The Church With One Bell
Glory Box;John Martyn;The Church With One Bell
God's Song;John Martyn;The Church With One Bell
Excuse Me Mister;John Martyn;The Church With One Bell
The Sky Is Crying;John Martyn;The Church With One Bell
Death Don't Have No Mercy;John Martyn;The Church With One Bell
Feel So Bad;John Martyn;The Church With One Bell
Look In (Album Version);John Martyn;Inside Out
The Glory Of Love (Album Version);John Martyn;Inside Out
Beverley (Album Version);John Martyn;Inside Out
Ain't No Saint (Album Version);John Martyn;Inside Out
Ways To Cry (Album Version);John Martyn;Inside Out
Outside In (Album Version);John Martyn;Inside Out
Eibhli Ghail Chiuin Ni Chearbhail (Album Version);John Martyn;Inside Out
Make No Mistake (Album Version);John Martyn;Inside Out
Eibhli Ghail Chiuin Ni Chearbhail (BBC Radio One 'Sounds Of The Seventies' Session);John Martyn;Inside Out
So Much In Love With You (Album Version);John Martyn;Inside Out
Fine Lines (Album Version);John Martyn;Inside Out
Go Easy (Take 1 - Previously Unreleased);John Martyn;Bless The Weather
Walk On The Water (Take 3 - Previously Unreleased);John Martyn;Bless The Weather
Let The Good Things Come (Album Version);John Martyn;Bless The Weather
May You Never (Single Version);John Martyn;Bless The Weather
Head And Heart (Album Version);John Martyn;Bless The Weather
Glistening Glyndebourne (Album Version);John Martyn;Bless The Weather
Bless The Weather (Take 4 - Previously Unreleased);John Martyn;Bless The Weather
Walk On The Water (Album Version);John Martyn;Bless The Weather
Sugar Lump (Album Version);John Martyn;Bless The Weather
Back Down The River (Album Version);John Martyn;Bless The Weather
Glistening Glyndebourne (Take 2 - Previously Unreleased);John Martyn;Bless The Weather
Back Down The River (Take 1 - Previously Unreleased);John Martyn;Bless The Weather
Singin' In The Rain (Album Version);John Martyn;Bless The Weather
Head And Heart (Band Version - Previously Unreleased);John Martyn;Bless The Weather
Just Now (Album Version);John Martyn;Bless The Weather
Bless The Weather (Album Version);John Martyn;Bless The Weather
Go Easy (Album Version);John Martyn;Bless The Weather
Carmine;John Martyn;And.
Suzanne;John Martyn;And.
Step It Up;John Martyn;And.
Who Are They?;John Martyn;And.
The Downward Pull Of Human Nature;John Martyn;And.
All In Your Favour;John Martyn;And.
Sunshine's Better;John Martyn;And.
She's A Lover;John Martyn;And.
A Little Strange;John Martyn;And.
Acid Rain;John Martyn;Sapphire
Coming In On Time (Album Version);John Martyn;Sapphire
Mad Dog Days;John Martyn;Sapphire
Over The Rainbow;John Martyn;Sapphire
Climb The Walls;John Martyn;Sapphire
Fisherman's Dream (Album Version);John Martyn;Sapphire
Sapphire (Album Version);John Martyn;Sapphire
Rope-Soul'd;John Martyn;Sapphire
You Know;John Martyn;Sapphire
Watching Her Eyes;John Martyn;Sapphire
Mad Dog Days (Live In Hamburg, Germany / 1986);John Martyn;Sapphire
Love In Your Life (Andy Lyden Mix);John Martyn;Sapphire
Acid Rain (Andy Lyden Mix);John Martyn;Sapphire
Coming In On Time (Andy Lyden Mix);John Martyn;Sapphire
Mad Dog Days (Andy Lyden Mix);John Martyn;Sapphire
Fisherman's Dream (Live In Hamburg, Germany / 1986);John Martyn;Sapphire
Over The Rainbow (Andy Lyden Mix);John Martyn;Sapphire
Over The Rainbow (Live In Hamburg, Germany / 1986);John Martyn;Sapphire
Climb The Walls (Andy Lyden Mix);John Martyn;Sapphire
Fisherman's Dream (Andy Lyden Mix);John Martyn;Sapphire
Sapphire (Andy Lyden Mix);John Martyn;Sapphire
Rope-Soul'd (Andy Lyden Mix);John Martyn;Sapphire
Fisherman's Dream (Straight Choir Version);John Martyn;Sapphire
You Know (Andy Lyden Mix);John Martyn;Sapphire
Watching Her Eyes (Andy Lyden Mix);John Martyn;Sapphire
Goodnight Irene;John Martyn;On The Cobbles
Cobbles;John Martyn;On The Cobbles
Baby Come Home;John Martyn;On The Cobbles
Back To Marseilles;John Martyn;On The Cobbles
Ghosts;John Martyn;On The Cobbles
Under My Wing;John Martyn;On The Cobbles
My Creator;John Martyn;On The Cobbles
Walking Home;John Martyn;On The Cobbles
One For The Road;John Martyn;On The Cobbles
Go Down Easy;John Martyn;On The Cobbles
John Wayne;John Martyn;Piece By Piece
Serendipity (Album Version);John Martyn;Piece By Piece
Piece By Piece;John Martyn;Piece By Piece
Nightline;John Martyn;Piece By Piece
One Step Too Far;John Martyn;Piece By Piece
Who Believes In Angels;John Martyn;Piece By Piece
Love Of Mine;John Martyn;Piece By Piece
Lonely Love;John Martyn;Piece By Piece
Angeline (Album Version);John Martyn;Piece By Piece
John Wayne (Alternate Take #1);John Martyn;Piece By Piece
Nightline (Live In Hamburg, Germany / 1986);John Martyn;Piece By Piece
Serendipity (Live In Hamburg, Germany / 1986);John Martyn;Piece By Piece
John Wayne (Live In Hamburg, Germany / 1986);John Martyn;Piece By Piece
Angeline (Alternate Take #1);John Martyn;Piece By Piece
Serendipity (Alternate Take);John Martyn;Piece By Piece
Tight Connection To My Heart (Has Anybody Seen My Love) (Live In Hamburg, Germany / 1986);John Martyn;Piece By Piece
Love Of Mine (Live In Hamburg, Germany / 1986);John Martyn;Piece By Piece
Lonely Love (Alternate Take #1);John Martyn;Piece By Piece
Tight Connection To My Heart (Has Anybody Seen My Love);John Martyn;Piece By Piece
Angeline (Live In Hamburg, Germany / 1986);John Martyn;Piece By Piece
Piece By Piece (Live In Hamburg, Germany / 1986);John Martyn;Piece By Piece
Who Believes In Angels (Alternate Take #1);John Martyn;Piece By Piece
Love Of Mine (Alternate Take);John Martyn;Piece By Piece
Piece By Piece (Alternate Take #1);John Martyn;Piece By Piece
Bad Company;John Martyn;Heaven and Earth
Colour;John Martyn;Heaven and Earth
Could've Told You Before I Met You;John Martyn;Heaven and Earth
Stand Amazed;John Martyn;Heaven and Earth
Willing to Work;John Martyn;Heaven and Earth
Heaven and Earth;John Martyn;Heaven and Earth
Heel of the Hunt;John Martyn;Heaven and Earth
Gambler;John Martyn;Heaven and Earth
Can't Turn Back the Years;John Martyn;Heaven and Earth
Feel So Good;John Martyn;Glasgow Walker
Cry Me A River;John Martyn;Glasgow Walker
Cool In This Life;John Martyn;Glasgow Walker
Mama T;John Martyn;Glasgow Walker
Wildflower;John Martyn;Glasgow Walker
The Field Of Play;John Martyn;Glasgow Walker
Can't Live Without;John Martyn;Glasgow Walker
You Don't Know What Love Is;John Martyn;Glasgow Walker
The Cat Won't Work Tonight;John Martyn;Glasgow Walker
So Sweet;John Martyn;Glasgow Walker
Win;Deacon Blue;A New House
An Ocean;Deacon Blue;A New House
I Remember Every Single Kiss;Deacon Blue;A New House
Wild;Deacon Blue;A New House
A New House;Deacon Blue;A New House
For John Muir;Deacon Blue;A New House
Bethlehem Begins;Deacon Blue;A New House
I Wish I Was a Girl Like You;Deacon Blue;A New House
The Living;Deacon Blue;A New House
March;Deacon Blue;A New House
Our New Land;Deacon Blue;A New House
He Looks Like Spencer Tracy Now  (Remastered 2005);Deacon Blue;Raintown
Born In A Storm  (Remastered 2005);Deacon Blue;Raintown
The Very Thing  (Remastered 2005);Deacon Blue;Raintown
Love's Great Fears  (Remastered 2005);Deacon Blue;Raintown
Chocolate Girl  (Remastered 2005);Deacon Blue;Raintown
Loaded  (Remastered 2005);Deacon Blue;Raintown
Ragman  (Remastered 2005);Deacon Blue;Raintown
Raintown  (Remastered 2005);Deacon Blue;Raintown
Town To Be Blamed  (Remastered 2005);Deacon Blue;Raintown
When Will You (Make My Telephone Ring)  (Remastered 2005);Deacon Blue;Raintown
Dignity  (Remastered 2005);Deacon Blue;Raintown
Kings Of The Western World  (Taken From CD version of LP);Deacon Blue;Raintown
Riches  (Taken From CD version of LP);Deacon Blue;Raintown
He Looks Like Spencer Tracy Now  (Live At The Marquee '86);Deacon Blue;Raintown
Love's Great Fears  (Live At The Marquee '86);Deacon Blue;Raintown
Suffering  (Demo);Deacon Blue;Raintown
Chocolate Girl  (Live At The Marquee '86);Deacon Blue;Raintown
Loaded  (Demo Version);Deacon Blue;Raintown
Ragman  (Demo Version);Deacon Blue;Raintown
Raintown  (Live At The Marquee '86);Deacon Blue;Raintown
When Will You (Make My Telephone Ring)  (Air Studios Vocal Mix);Deacon Blue;Raintown
Dignity  (Live at the Marquee '86);Deacon Blue;Raintown
Wait on Me;Deacon Blue;The Great Western Road
Up Hope;Deacon Blue;The Great Western Road
If I Lived on My Own;Deacon Blue;The Great Western Road
Turn Up Your Radio!;Deacon Blue;The Great Western Road
Mid Century Modern;Deacon Blue;The Great Western Road
Curve of the Line;Deacon Blue;The Great Western Road
People Come First;Deacon Blue;The Great Western Road
Ashore;Deacon Blue;The Great Western Road
Late '88;Deacon Blue;The Great Western Road
Underneath the Stars;Deacon Blue;The Great Western Road
How We Remember It;Deacon Blue;The Great Western Road
The Great Western Road;Deacon Blue;The Great Western Road
I Am Born;Deacon Blue;Homesick
Rae;Deacon Blue;Homesick
You Lie So Beautifully Still;Deacon Blue;Homesick
Out There;Deacon Blue;Homesick
Homesick;Deacon Blue;Homesick
A Is for Astronaut;Deacon Blue;Homesick
This Train Will Take You Anywhere;Deacon Blue;Homesick
Now That You're Here;Deacon Blue;Homesick
Everytime You Sleep;Deacon Blue;Homesick
Even Higher Ground;Deacon Blue;Homesick
Silverlake;Deacon Blue;Homesick
The Believers;Deacon Blue;Believers
This Is a Love Song;Deacon Blue;Believers
B Boy;Deacon Blue;Believers
Meteors;Deacon Blue;Believers
Delivery Man;Deacon Blue;Believers
Gone;Deacon Blue;Believers
You Can't Know Everything;Deacon Blue;Believers
I Will and I Won't;Deacon Blue;Believers
Birds;Deacon Blue;Believers
A Boy;Deacon Blue;Believers
What I Left Out;Deacon Blue;Believers
Come Awake;Deacon Blue;Believers
Silhouette (Album Version);Deacon Blue;When The World Knows Your Name
Wages Day (Album Version);Deacon Blue;When The World Knows Your Name
The World Is Lit By Lightning (Album Version);Deacon Blue;When The World Knows Your Name
Real Gone Kid (Album Version);Deacon Blue;When The World Knows Your Name
Sad Loved Girl (Album Version);Deacon Blue;When The World Knows Your Name
Circus Lights (Album Version);Deacon Blue;When The World Knows Your Name
Love And Regret (Album Version);Deacon Blue;When The World Knows Your Name
Orphans (Album Version);Deacon Blue;When The World Knows Your Name
Fergus Sings The Blues (Album Version);Deacon Blue;When The World Knows Your Name
Your Constant Heart (Album Version);Deacon Blue;When The World Knows Your Name
One Hundred Things (Album Version);Deacon Blue;When The World Knows Your Name
This Changing Light (Album Version);Deacon Blue;When The World Knows Your Name
Queen Of The New Year (Album Version);Deacon Blue;When The World Knows Your Name
Riding on the Tide of Love;Deacon Blue;Riding on the Tide of Love
Look Up;Deacon Blue;Riding on the Tide of Love
Send a Note Out;Deacon Blue;Riding on the Tide of Love
Time;Deacon Blue;Riding on the Tide of Love
It's Still Early;Deacon Blue;Riding on the Tide of Love
Not Gonna Be That Girl;Deacon Blue;Riding on the Tide of Love
Nothing's Changed;Deacon Blue;Riding on the Tide of Love
She Loved the Snow;Deacon Blue;Riding on the Tide of Love
Hang Your Head (Album Version);Deacon Blue;Whatever You Say, Say Nothing
All over the World (Album Version);Deacon Blue;Whatever You Say, Say Nothing
Fall so Freely Down (Album Version);Deacon Blue;Whatever You Say, Say Nothing
Last Night I Dreamed of Henry Thomas (Album Version);Deacon Blue;Whatever You Say, Say Nothing
Will We Be Lovers (Album Version);Deacon Blue;Whatever You Say, Say Nothing
Bethlehem's Gate (Album Version);Deacon Blue;Whatever You Say, Say Nothing
Only Tender Love (Album Version);Deacon Blue;Whatever You Say, Say Nothing
Your Town (Album Version);Deacon Blue;Whatever You Say, Say Nothing
Peace And Jobs And Freedom (Album Version);Deacon Blue;Whatever You Say, Say Nothing
Cut Lip (Album Version);Deacon Blue;Whatever You Say, Say Nothing
In Our Room;Deacon Blue;City of Love
A Walk in the Woods;Deacon Blue;City of Love
Wonderful;Deacon Blue;City of Love
Come on In;Deacon Blue;City of Love
Weight of the World;Deacon Blue;City of Love
Take Me;Deacon Blue;City of Love
City of Love;Deacon Blue;City of Love
Intervals;Deacon Blue;City of Love
On Love;Deacon Blue;City of Love
Hit Me Where It Hurts;Deacon Blue;City of Love
Keeping My Faith Alive;Deacon Blue;City of Love
Here I Am in London Town;Deacon Blue;The Hipsters
That's What We Can Do;Deacon Blue;The Hipsters
Is There No Way Back to You;Deacon Blue;The Hipsters
Laura (From Memory);Deacon Blue;The Hipsters
Turn;Deacon Blue;The Hipsters
The Outsiders;Deacon Blue;The Hipsters
The Rest;Deacon Blue;The Hipsters
The Hipsters;Deacon Blue;The Hipsters
She'll Understand;Deacon Blue;The Hipsters
It Will End in Tears;Deacon Blue;The Hipsters
Stars;Deacon Blue;The Hipsters
A Brighter Star Than You Will Shine (Album Version);Deacon Blue;Fellow Hoodlums
Fellow Hoodlums (Album Version);Deacon Blue;Fellow Hoodlums
The Day That Jackie Jumped the Jail (Album Version);Deacon Blue;Fellow Hoodlums
Cover from the Sky (Album Version);Deacon Blue;Fellow Hoodlums
Goodnight Jamsie (Album Version);Deacon Blue;Fellow Hoodlums
Twist and Shout (Album Version);Deacon Blue;Fellow Hoodlums
Your Swaying Arms (Album Version);Deacon Blue;Fellow Hoodlums
One Day I'll Go Walking (Album Version);Deacon Blue;Fellow Hoodlums
Closing Time;Deacon Blue;Fellow Hoodlums
The Wildness (Album Version);Deacon Blue;Fellow Hoodlums
I Will See You Tomorrow (Album Version);Deacon Blue;Fellow Hoodlums
James Joyce Soles (Album Version);Deacon Blue;Fellow Hoodlums
Bethlehem Begins  (Live);Deacon Blue;Live at the Glasgow Barrowlands
Town to Be Blamed  (Live);Deacon Blue;Live at the Glasgow Barrowlands
I Will and I Won't  (Live);Deacon Blue;Live at the Glasgow Barrowlands
Chocolate Girl  (Live);Deacon Blue;Live at the Glasgow Barrowlands
That's What We Can Do  (Live);Deacon Blue;Live at the Glasgow Barrowlands
Birds  (Live);Deacon Blue;Live at the Glasgow Barrowlands
Delivery Man  (Live);Deacon Blue;Live at the Glasgow Barrowlands
When Will You (Make My Telephone Ring)?  (Live);Deacon Blue;Live at the Glasgow Barrowlands
Real Gone Kid  (Live);Deacon Blue;Live at the Glasgow Barrowlands
The Believers  (Live);Deacon Blue;Live at the Glasgow Barrowlands
The Hipsters  (Live);Deacon Blue;Live at the Glasgow Barrowlands
Gone  (Live);Deacon Blue;Live at the Glasgow Barrowlands
This Is a Love Song  (Live);Deacon Blue;Live at the Glasgow Barrowlands
The Outsiders  (Live);Deacon Blue;Live at the Glasgow Barrowlands
Dignity  (Live);Deacon Blue;Live at the Glasgow Barrowlands
Forever Young  (Live);Deacon Blue;Live at the Glasgow Barrowlands
Fergus Sings the Blues  (Live);Deacon Blue;Live at the Glasgow Barrowlands
Loaded  (Live);Deacon Blue;Live at the Glasgow Barrowlands
Your Town  (Live);Deacon Blue;Live at the Glasgow Barrowlands
Twist and Shout  (Live);Deacon Blue;Live at the Glasgow Barrowlands
Cover from the Sky  (Live);Deacon Blue;Live at the Glasgow Barrowlands
Your Swaying Arms  (Live);Deacon Blue;Live at the Glasgow Barrowlands
Wages Day  (Live);Deacon Blue;Live at the Glasgow Barrowlands
Queen of the New Year  (Live);Deacon Blue;Live at the Glasgow Barrowlands
Come Awake  (Live);Deacon Blue;Live at the Glasgow Barrowlands
Raintown  (Live);Deacon Blue;Live at the Glasgow Barrowlands
I'll Never Fall in Love Again  (Live);Deacon Blue;Live at the Glasgow Barrowlands
When The Sky Crashes Down;Sproutless;Moveable Feast
Forever and Never (The Genesis of Eden);Sproutless;Moveable Feast
Turn Up The Music!;Sproutless;Moveable Feast
The Man You Fell in Love With;Sproutless;Moveable Feast
Signs of a Life Worth Living;Sproutless;Moveable Feast
The Night I Murdered Love;Sproutless;Moveable Feast
P.S. I Love You;Sproutless;Moveable Feast
Don't Tell Me Twice;Sproutless;Moveable Feast
High Shadow Skies;Sproutless;Moveable Feast
The Queen of Hope;Sproutless;Moveable Feast
Big Nostalgia;Sproutless;Moveable Feast
Give The Farm Away;Sproutless;Moveable Feast
Love Junkie;Sproutless;Insights from Retrospect
Love;Sproutless;Insights from Retrospect
Wanderlust;Sproutless;Insights from Retrospect
Fall;Sproutless;Insights from Retrospect
39 Steps;Sproutless;Insights from Retrospect
Spirit Us Away;Sproutless;Insights from Retrospect
Coming Home;Sproutless;Insights from Retrospect
Charm Offensive;Sproutless;Insights from Retrospect
Finally September;Sproutless;Insights from Retrospect
Hannah, Are You Out There?;Sproutless;Insights from Retrospect
God's Country;Sproutless;Insights from Retrospect
Bliss;Sproutless;Insights from Retrospect
Fast Ships and Supernovas;Sproutless;Insights from Retrospect
Bluesette;Toots Thielemans;The Brasil Project
Preciso Aprender A Só Ser;Toots Thielemans;The Brasil Project
Joana Francesa;Toots Thielemans;The Brasil Project
Comecar de Novo;Toots Thielemans;The Brasil Project
Fruta Boa;Toots Thielemans;The Brasil Project
O Cantador;Toots Thielemans;The Brasil Project
Manha de Carnaval;Toots Thielemans;The Brasil Project
Coisa Feita;Toots Thielemans;The Brasil Project
Casa Forte;Toots Thielemans;The Brasil Project
Coracao Vagabundo;Toots Thielemans;The Brasil Project
OBI;Toots Thielemans;The Brasil Project
Moments;Toots Thielemans;The Brasil Project
Felicia and Bianca;Toots Thielemans;The Brasil Project
Viecchie, Mugliere, Muorte E Criature (A);Napoli Centrale;Napoli Centrale
'A Gente 'E Bucciano (A);Napoli Centrale;Napoli Centrale
Pensione floridiana;Napoli Centrale;Napoli Centrale
'O Lupo S'Ha Mangiato 'A Pecurella (A);Napoli Centrale;Napoli Centrale
Campagna (B);Napoli Centrale;Napoli Centrale
Vico primo Parise n°8;Napoli Centrale;Napoli Centrale
'A Gente 'E Bucciano (B);Napoli Centrale;Napoli Centrale
'O Lupo S'Ha Mangiato 'A Pecurella (B);Napoli Centrale;Napoli Centrale
Viecchie, Mugliere, Muorte E Criature (B);Napoli Centrale;Napoli Centrale
'O Lupo S'Ha Mangiato 'A Pecurella (C);Napoli Centrale;Napoli Centrale
Campagna (A);Napoli Centrale;Napoli Centrale
Tomorrow Robins Will Sing (Album Version);Stevie Wonder;Conversation Peace
I'm New (Album Version);Stevie Wonder;Conversation Peace
Cold Chill (Album Version);Stevie Wonder;Conversation Peace
For Your Love (Album Version);Stevie Wonder;Conversation Peace
Conversation Peace (Album Version);Stevie Wonder;Conversation Peace
My Love Is With You (Album Version);Stevie Wonder;Conversation Peace
Sorry (Album Version);Stevie Wonder;Conversation Peace
Take The Time Out;Stevie Wonder;Conversation Peace
Treat Myself (Album Version);Stevie Wonder;Conversation Peace
Sensuous Whisper (Album Version);Stevie Wonder;Conversation Peace
Rain Your Love Down (Album Version);Stevie Wonder;Conversation Peace
Edge Of Eternity (Album Version);Stevie Wonder;Conversation Peace
Taboo To Love (Album Version);Stevie Wonder;Conversation Peace
Love's In Need Of Love Today;Stevie Wonder;Songs In The Key Of Life
Village Ghetto Land (Album Version);Stevie Wonder;Songs In The Key Of Life
I Wish;Stevie Wonder;Songs In The Key Of Life
Knocks Me Off My Feet;Stevie Wonder;Songs In The Key Of Life
Have A Talk With God (Album Version);Stevie Wonder;Songs In The Key Of Life
Contusion (Album Version);Stevie Wonder;Songs In The Key Of Life
Ordinary Pain (Album Version);Stevie Wonder;Songs In The Key Of Life
Summer Soft (Album Version);Stevie Wonder;Songs In The Key Of Life
Pastime Paradise;Stevie Wonder;Songs In The Key Of Life
Sir Duke;Stevie Wonder;Songs In The Key Of Life
Another Star (Album Version);Stevie Wonder;Songs In The Key Of Life
Isn't She Lovely;Stevie Wonder;Songs In The Key Of Life
Saturn (Album Version);Stevie Wonder;Songs In The Key Of Life
Easy Goin' Evening (My Mama's Call);Stevie Wonder;Songs In The Key Of Life
As;Stevie Wonder;Songs In The Key Of Life
Ebony Eyes (Album Version);Stevie Wonder;Songs In The Key Of Life
All Day Sucker (Album Version);Stevie Wonder;Songs In The Key Of Life
Joy Inside My Tears (Album Version);Stevie Wonder;Songs In The Key Of Life
If It's Magic;Stevie Wonder;Songs In The Key Of Life
Black Man;Stevie Wonder;Songs In The Key Of Life
Ngiculela-Es Una Historia-I Am Singing (Album Version);Stevie Wonder;Songs In The Key Of Life
Go Home (Album Version);Stevie Wonder;In Square Circle
Land Of La La (Album Version);Stevie Wonder;In Square Circle
Whereabouts (Album Version);Stevie Wonder;In Square Circle
Stranger On The Shore Of Love (Album Version);Stevie Wonder;In Square Circle
It's Wrong (Apartheid) (Edit);Stevie Wonder;In Square Circle
Never In Your Sun;Stevie Wonder;In Square Circle
Overjoyed (Album Version);Stevie Wonder;In Square Circle
Spiritual Walkers (Album Version);Stevie Wonder;In Square Circle
Part-Time Lover (Album Version);Stevie Wonder;In Square Circle
I Love You Too Much (Album Version);Stevie Wonder;In Square Circle
Get It (Album Version);Stevie Wonder;Characters
Skeletons;Stevie Wonder;Characters
My Eyes Don't Cry (Album Version);Stevie Wonder;Characters
Galaxy Paradise (Album Version);Stevie Wonder;Characters
Free (Album Version);Stevie Wonder;Characters
Come Let Me Make Your Love Come Down (Album Version);Stevie Wonder;Characters
You Will Know;Stevie Wonder;Characters
With Each Beat Of My Heart (Album Version);Stevie Wonder;Characters
One Of A Kind (Album Version);Stevie Wonder;Characters
Cryin' Through The Night (Album Version);Stevie Wonder;Characters
In Your Corner (Album Version);Stevie Wonder;Characters
Dark 'N' Lovely (Album Version);Stevie Wonder;Characters
Big Brother (Album Version);Stevie Wonder;Talking Book
I Believe (When I Fall In Love It Will Be Forever) (Album Version);Stevie Wonder;Talking Book
Superstition (Album Version);Stevie Wonder;Talking Book
You And I;Stevie Wonder;Talking Book
Lookin' For Another Pure Love (Album Version);Stevie Wonder;Talking Book
Blame It On The Sun (Album Version);Stevie Wonder;Talking Book
You Are The Sunshine Of My Life (Album Version);Stevie Wonder;Talking Book
Tuesday Heartbreak (Album Version);Stevie Wonder;Talking Book
You've Got It Bad Girl (Album Version);Stevie Wonder;Talking Book
Maybe Your Baby (Album Version);Stevie Wonder;Talking Book
Please Don't Hurt My Baby (Album Version);Stevie Wonder;A Time to Love
True Love (Album Version);Stevie Wonder;A Time to Love
So What The Fuss;Stevie Wonder;A Time to Love
Shelter In The Rain;Stevie Wonder;A Time to Love
From The Bottom Of My Heart;Stevie Wonder;A Time to Love
Positivity (Album Version);Stevie Wonder;A Time to Love
A Time To Love (Album Version);Stevie Wonder;A Time to Love
Tell Your Heart I Love You (Album Version);Stevie Wonder;A Time to Love
Passionate Raindrops (Album Version);Stevie Wonder;A Time to Love
Sweetest Somebody I Know (Album Version);Stevie Wonder;A Time to Love
Moon Blue (Album Version);Stevie Wonder;A Time to Love
How Will I Know (Album Version);Stevie Wonder;A Time to Love
If Your Love Cannot Be Moved (Album Version);Stevie Wonder;A Time to Love
My Love Is On Fire (Album Version);Stevie Wonder;A Time to Love
Can't Imagine Love Without You (Album Version);Stevie Wonder;A Time to Love
It's You (The Woman In Red/Soundtrack Version);Stevie Wonder;The Woman In Red
Don't Drive Drunk (The Woman In Red/Soundtrack Version);Stevie Wonder;The Woman In Red
Love Light In Flight (The Woman In Red/Soundtrack Version);Stevie Wonder;The Woman In Red
Moments Aren't Moments (The Woman In Red/Soundtrack Version);Dionne Warwick;The Woman In Red
The Woman In Red (The Woman In Red/Soundtrack Version);Stevie Wonder;The Woman In Red
I Just Called To Say I Love You (The Woman In Red/Soundtrack Version);Stevie Wonder;The Woman In Red
Weakness (The Woman In Red/Soundtrack Version);Stevie Wonder;The Woman In Red
It's More Than You (The Woman In Red/Soundtrack Version/ Instrumental Version);Stevie Wonder;The Woman In Red
Seems So Long (Album Version);Stevie Wonder;Music Of My Mind
Happier Than The Morning Sun;Stevie Wonder;Music Of My Mind
I Love Every Little Thing About You (Album Version);Stevie Wonder;Music Of My Mind
Evil (Album Version);Stevie Wonder;Music Of My Mind
Keep On Running (Album Version);Stevie Wonder;Music Of My Mind
Superwoman (Where Were You When I Needed You) (Album Version);Stevie Wonder;Music Of My Mind
Girl Blue (Album Version);Stevie Wonder;Music Of My Mind
Love Having You Around;Stevie Wonder;Music Of My Mind
Sweet Little Girl (Album Version);Stevie Wonder;Music Of My Mind
Make Sure You're Sure (Album Version);Stevie Wonder;"Music From The Movie ""Jungle Fever"""
Fun Day (Album Version);Stevie Wonder;"Music From The Movie ""Jungle Fever"""
Chemical Love (Album Version);Stevie Wonder;"Music From The Movie ""Jungle Fever"""
Lighting Up The Candles (Album Version);Stevie Wonder;"Music From The Movie ""Jungle Fever"""
I Go Sailing (Album Version);Stevie Wonder;"Music From The Movie ""Jungle Fever"""
If She Breaks Your Heart (Album Version);Stevie Wonder;"Music From The Movie ""Jungle Fever"""
Each Other's Throat (Album Version);Stevie Wonder;"Music From The Movie ""Jungle Fever"""
Jungle Fever (Album Version);Stevie Wonder;"Music From The Movie ""Jungle Fever"""
Gotta Have You (Album Version);Stevie Wonder;"Music From The Movie ""Jungle Fever"""
Queen In The Black (Album Version);Stevie Wonder;"Music From The Movie ""Jungle Fever"""
These Three Words (Album Version);Stevie Wonder;"Music From The Movie ""Jungle Fever"""
Kesse Ye Lolo De Ye;Stevie Wonder;Journey Through The Secret Life Of Plants
Race Babbling;Stevie Wonder;Journey Through The Secret Life Of Plants
Come Back As A Flower;Stevie Wonder;Journey Through The Secret Life Of Plants
The First Garden;Stevie Wonder;Journey Through The Secret Life Of Plants
Tree;Stevie Wonder;Journey Through The Secret Life Of Plants
Finale;Stevie Wonder;Journey Through The Secret Life Of Plants
Outside My Window;Stevie Wonder;Journey Through The Secret Life Of Plants
Ai No Sono;Stevie Wonder;Journey Through The Secret Life Of Plants
Voyage To India;Stevie Wonder;Journey Through The Secret Life Of Plants
Ecclesiastes;Stevie Wonder;Journey Through The Secret Life Of Plants
Same Old Story;Stevie Wonder;Journey Through The Secret Life Of Plants
The Secret Life Of Plants;Stevie Wonder;Journey Through The Secret Life Of Plants
Send One Your Love (Instrumental);Stevie Wonder;Journey Through The Secret Life Of Plants
Earth's Creation;Stevie Wonder;Journey Through The Secret Life Of Plants
Seasons;Stevie Wonder;Journey Through The Secret Life Of Plants
Power Flower;Stevie Wonder;Journey Through The Secret Life Of Plants
Send One Your Love;Stevie Wonder;Journey Through The Secret Life Of Plants
Black Orchid;Stevie Wonder;Journey Through The Secret Life Of Plants
A Seed's A Star/Tree Medley;Stevie Wonder;Journey Through The Secret Life Of Plants
Venus' Flytrap And The Bug;Stevie Wonder;Journey Through The Secret Life Of Plants
Living For The City (Album Version);Stevie Wonder;Innervisions
Visions (Album Version);Stevie Wonder;Innervisions
Higher Ground (Album Version);Stevie Wonder;Innervisions
All In Love Is Fair (Album Version);Stevie Wonder;Innervisions
Jesus Children Of America;Stevie Wonder;Innervisions
Golden Lady (Album Version);Stevie Wonder;Innervisions
He's Misstra Know-It-All (Album Version);Stevie Wonder;Innervisions
Too High (Album Version);Stevie Wonder;Innervisions
Don't You Worry 'Bout A Thing (Album Version);Stevie Wonder;Innervisions
Did I Hear You Say You Love Me;Stevie Wonder;Hotter Than July
I Ain't Gonna Stand For It;Stevie Wonder;Hotter Than July
Happy Birthday;Stevie Wonder;Hotter Than July
Do Like You;Stevie Wonder;Hotter Than July
As If You Read My Mind;Stevie Wonder;Hotter Than July
All I Do;Stevie Wonder;Hotter Than July
Cash In Your Face;Stevie Wonder;Hotter Than July
Master Blaster (Jammin');Stevie Wonder;Hotter Than July
Rocket Love;Stevie Wonder;Hotter Than July
Lately;Stevie Wonder;Hotter Than July
Love Is The Future;Andy Partridge;My Failed Songwriting Career Vol.2
Seesaw;Andy Partridge;My Failed Songwriting Career Vol.2
Come On Back;Andy Partridge;My Failed Songwriting Career Vol.2
Let's Make Everything Love;Andy Partridge;My Failed Songwriting Career Vol.2
Ghost Train;Andy Partridge;My Failed Songwriting Career Vol. 1
Great Day;Andy Partridge;My Failed Songwriting Career Vol. 1
The Mating Dance;Andy Partridge;My Failed Songwriting Career Vol. 1
Maid Of Stars;Andy Partridge;My Failed Songwriting Career Vol. 1
Little Bird;A Girl Called Eddy;A Girl Called Eddy
The Long Goodbye;A Girl Called Eddy;A Girl Called Eddy
Kathleen;A Girl Called Eddy;A Girl Called Eddy
Tears All Over Town;A Girl Called Eddy;A Girl Called Eddy
People Used to Dream About The Future;A Girl Called Eddy;A Girl Called Eddy
Somebody Hurt You;A Girl Called Eddy;A Girl Called Eddy
Girls Can Really Tear You Up Inside;A Girl Called Eddy;A Girl Called Eddy
Heartache;A Girl Called Eddy;A Girl Called Eddy
Did You See The Moon Tonight;A Girl Called Eddy;A Girl Called Eddy
Golden;A Girl Called Eddy;A Girl Called Eddy
Life Thru The Same Lens;A Girl Called Eddy;A Girl Called Eddy
Come To The Palisades!;A Girl Called Eddy;Been Around
Pale Blue Moon  (Bonus Track);A Girl Called Eddy;Been Around
Not That Sentimental Anymore;A Girl Called Eddy;Been Around
NY Man;A Girl Called Eddy;Been Around
Big Mouth;A Girl Called Eddy;Been Around
Jody;A Girl Called Eddy;Been Around
Been Around;A Girl Called Eddy;Been Around
Someone’s Gonna Break Your Heart;A Girl Called Eddy;Been Around
Finest Actor;A Girl Called Eddy;Been Around
Lucky Jack (20-1);A Girl Called Eddy;Been Around
Two Hearts;A Girl Called Eddy;Been Around
Charity Shop Window;A Girl Called Eddy;Been Around
Take My Hand;The Last Detail;The Last Detail
You're Not Mine;The Last Detail;The Last Detail
Places;The Last Detail;The Last Detail
Die Cast;The Last Detail;The Last Detail
Softly  (Part 2);The Last Detail;The Last Detail
Fun Fair;The Last Detail;The Last Detail
Talk To Me;The Last Detail;The Last Detail
Photographs;The Last Detail;The Last Detail
Tears;The Last Detail;The Last Detail
Fairweather Friend;The Last Detail;The Last Detail
Softly  (Part 1);The Last Detail;The Last Detail
Trust Your Buddy;The Last Detail;The Last Detail
Lazy;The Last Detail;The Last Detail
Mai più;Garbo;Nel vuoto
Nel vuoto;Garbo;Nel vuoto
Contatto;Garbo;Nel vuoto
To Mars;Garbo;Nel vuoto
Sembra;Garbo;Nel vuoto
Il mondo esplode;Garbo;Nel vuoto
Come pietre;Garbo;Nel vuoto
Coscienza;Garbo;Nel vuoto
C'est La Vie (Remastered 2017);Garbo;A Berlino... Va Bene
Lili Marlene (Remastered 2017);Garbo;A Berlino... Va Bene
In Questo Cielo A Novembre (Remastered 2017);Garbo;A Berlino... Va Bene
A Milano... Va Bene (Remastered 2017);Garbo;A Berlino... Va Bene
Anche Con Te... Va Bene (Remastered 2017);Garbo;A Berlino... Va Bene
On The Radio (Remastered 2017);Garbo;A Berlino... Va Bene
Dans Une Nuit Ainsi (Remastered 2017);Garbo;A Berlino... Va Bene
Mekong (Remastered 2017);Garbo;A Berlino... Va Bene
Futuro (Remastered 2017);Garbo;A Berlino... Va Bene
A Berlino... Va Bene (Remastered 2017);Garbo;A Berlino... Va Bene
On The Radio (Instrumental);Garbo;A Berlino... Va Bene
Futuro (Demo Version);Garbo;A Berlino... Va Bene
Intro Berlino;Garbo;A Berlino... Va Bene
C'est La Vie (Instrumental);Garbo;A Berlino... Va Bene
Intermezzo Berlino;Garbo;A Berlino... Va Bene
A Milano... Va Bene (Demo Version);Garbo;A Berlino... Va Bene
Mekong (Demo Version);Garbo;A Berlino... Va Bene
A Milano... Va Bene (Instrumental);Garbo;A Berlino... Va Bene
A Berlino Che Giorno È? (Demo Version);Garbo;A Berlino... Va Bene
La Mia Finestra;Garbo;Come Il Vetro
CHI SEI;Garbo;Come Il Vetro
voglio Morire Giovane;Garbo;Come Il Vetro
Ciao;Garbo;Come Il Vetro
NO;Garbo;Come Il Vetro
Piu' Avanti;Garbo;Come Il Vetro
LEI;Garbo;Come Il Vetro
Come Il Vetro;Garbo;Come Il Vetro
Anni;Garbo;Come Il Vetro
voglio Morire Giovane Radioedit;Garbo;Come Il Vetro
Voglio Tutto;Garbo;Come Il Vetro
Baby I Love You;Garbo;Come Il Vetro
Movimento notturno;Garbo;La moda
La moda;Garbo;La moda
Errori;Garbo;La moda
Sembra;Garbo;La moda
Quando cammino, Pt. 2;Garbo;La moda
Architettura MIG;Garbo;La moda
Metà cielo;Garbo;La moda
Gira in continuazione, Pt. 3;Garbo;La moda
Sexy;Garbo;La moda
Sparare;Garbo;La moda
Native Boy;Animal Nightlife;Shangri-la (Deluxe Edition)
Throw in the Towel (All Over Now);Animal Nightlife;Shangri-la (Deluxe Edition)
After Hours;Animal Nightlife;Shangri-la (Deluxe Edition)
Waiting for the Bait to Bite;Animal Nightlife;Shangri-la (Deluxe Edition)
Bittersweet;Animal Nightlife;Shangri-la (Deluxe Edition)
Perfect Match;Animal Nightlife;Shangri-la (Deluxe Edition)
Love is Just the Great Pretender '85;Animal Nightlife;Shangri-la (Deluxe Edition)
Between Lovers;Animal Nightlife;Shangri-la (Deluxe Edition)
Basic Ingredients;Animal Nightlife;Shangri-la (Deluxe Edition)
Insomniazz;Animal Nightlife;Shangri-la (Deluxe Edition)
Love is Just the Great Pretender '85 (12'' Version);Animal Nightlife;Shangri-la (Deluxe Edition)
Love is Just the Great Pretender '85 (Undressing Remix);Animal Nightlife;Shangri-la (Deluxe Edition)
Native Boy '83 (Dennis Bovell Remix);Animal Nightlife;Shangri-la (Deluxe Edition)
Preacher, Preacher (Take Me to Church) [A Remix];Animal Nightlife;Shangri-la (Deluxe Edition)
Lazy Afternoon;Animal Nightlife;Shangri-la (Deluxe Edition)
Mr Solitaire (7'' version);Animal Nightlife;Shangri-la (Deluxe Edition)
Preacher, Preacher (Altared);Animal Nightlife;Shangri-la (Deluxe Edition)
Basic Ingredients (12'' Version);Animal Nightlife;Shangri-la (Deluxe Edition)
Mr Solitaire (12'' Version);Animal Nightlife;Shangri-la (Deluxe Edition)
Preacher, Preacher;Animal Nightlife;Shangri-la (Deluxe Edition)
I Will Find You;Peter Hammill;Fireships
Fireships;Peter Hammill;Fireships
Curtains;Peter Hammill;Fireships
Gaia;Peter Hammill;Fireships
Given Time;Peter Hammill;Fireships
Reprise;Peter Hammill;Fireships
Incomplete Surrender;Peter Hammill;Fireships
Oasis;Peter Hammill;Fireships
His Best Girl;Peter Hammill;Fireships
Lost To The World;Peter Hammill;In Translation
Oblivion;Peter Hammill;In Translation
Hotel Supramonte;Peter Hammill;In Translation
Il Vino;Peter Hammill;In Translation
After A Dream;Peter Hammill;In Translation
I Who Have Nothing;Peter Hammill;In Translation
This Nearly Was Mine;Peter Hammill;In Translation
The Folks Who Live On The Hill;Peter Hammill;In Translation
Ballad For My Death;Peter Hammill;In Translation
Ciao Amore;Peter Hammill;In Translation
Ozark;Pat Metheny;As Falls Wichita, So Falls Wichita Falls
It's For You;Pat Metheny;As Falls Wichita, So Falls Wichita Falls
As Falls Wichita, So Falls Wichita Falls;Pat Metheny;As Falls Wichita, So Falls Wichita Falls
September Fifteenth;Pat Metheny;As Falls Wichita, So Falls Wichita Falls
Estupenda Graca;Pat Metheny;As Falls Wichita, So Falls Wichita Falls
Cherokee Morning Song;Robbie Robertson;Music For The Native Americans
Ancestor Song;Robbie Robertson;Music For The Native Americans
Skinwalker;Robbie Robertson;Music For The Native Americans
Akua Tuta;Robbie Robertson;Music For The Native Americans
The Vanishing Breed;Robbie Robertson;Music For The Native Americans
It Is A Good Day To Die;Robbie Robertson & The Red Road Ensemble;Music For The Native Americans
Coyote Dance;Robbie Robertson;Music For The Native Americans
Ghost Dance;Robbie Robertson;Music For The Native Americans
Mahk Jchi (Heartbeat Drum Song);Robbie Robertson;Music For The Native Americans
Twisted Hair;Robbie Robertson;Music For The Native Americans
Words Of Fire, Deeds Of Blood;Robbie Robertson;Music For The Native Americans
Golden Feather;Robbie Robertson;Music For The Native Americans
Amore Piccolino;Gianni Morandi;Dalla/Morandi
Il cielo;Gianni Morandi;Dalla/Morandi
Dimmi Dimmi;Lucio Dalla;Dalla/Morandi
Cuori Di Gesù;Lucio Dalla;Dalla/Morandi
Che Cosa Resterà Di Me;Gianni Morandi;Dalla/Morandi
Misterioso;Various Interprets;Dalla/Morandi
Felicità;Lucio Dalla;Dalla/Morandi
C'Era Un Ragazzo Che Come Me Amava I Beatles E I Rolling Stones;Lucio Dalla;Dalla/Morandi
Il Duemila, Un Gatto E Il Re;Lucio Dalla;Dalla/Morandi
Disperati Complici;Gianni Morandi;Dalla/Morandi
Vita;Various Interprets;Dalla/Morandi
Soli, Ma Splendenti;Gianni Morandi;Dalla/Morandi
Emilia;Lucio Dalla;Dalla/Morandi
Chiedi Chi Erano I Beatles;Gianni Morandi;Dalla/Morandi
Pomeriggio In Ufficio;Lucio Dalla;Dalla/Morandi
O Wow O Wow (How Wonderful She Is);Nick Cave & The Bad Seeds;Wild God
Long Dark Night;Nick Cave & The Bad Seeds;Wild God
As The Waters Cover The Sea;Nick Cave & The Bad Seeds;Wild God
Wild God;Nick Cave & The Bad Seeds;Wild God
Frogs;Nick Cave & The Bad Seeds;Wild God
Cinnamon Horses;Nick Cave & The Bad Seeds;Wild God
Conversion;Nick Cave & The Bad Seeds;Wild God
Final Rescue Attempt;Nick Cave & The Bad Seeds;Wild God
Song Of The Lake;Nick Cave & The Bad Seeds;Wild God
Joy;Nick Cave & The Bad Seeds;Wild God
Isn't It A Pity (Version 1 / 2020 Mix);George Harrison;All Things Must Pass
What Is Life (2020 Mix);George Harrison;All Things Must Pass
Let It Down (2020 Mix);George Harrison;All Things Must Pass
Behind That Locked Door (2020 Mix);George Harrison;All Things Must Pass
Run Of The Mill (2020 Mix);George Harrison;All Things Must Pass
Wah-Wah (2020 Mix);George Harrison;All Things Must Pass
My Sweet Lord (2020 Mix);George Harrison;All Things Must Pass
I'd Have You Anytime (2020 Mix);George Harrison;All Things Must Pass
If Not For You (2020 Mix);George Harrison;All Things Must Pass
I Dig Love (Day 1 Demo / Take 1);George Harrison;All Things Must Pass
Isn't It A Pity (Day 1 Demo / Take 2);George Harrison;All Things Must Pass
What Is Life (Day 1 Demo / Take 3);George Harrison;All Things Must Pass
Behind That Locked Door (Day 1 Demo / Take 2);George Harrison;All Things Must Pass
My Sweet Lord (Day 1 Demo / Take 1);George Harrison;All Things Must Pass
I'd Have You Anytime (Day 1 Demo / Take 1);George Harrison;All Things Must Pass
Ballad Of Sir Frankie Crisp (Let It Roll) (Day 1 Demo / Take 2);George Harrison;All Things Must Pass
Apple Scruffs (Day 1 Demo / Take 1);George Harrison;All Things Must Pass
I Live For You (Day 1 Demo / Take 1);George Harrison;All Things Must Pass
Dehra Dun (Day 1 Demo / Take 2);George Harrison;All Things Must Pass
Om Hare Om (Gopala Krishna) (Day 1 Demo / Take 1);George Harrison;All Things Must Pass
All Things Must Pass (Day 1 Demo / Take 1);George Harrison;All Things Must Pass
Going Down To Golders Green (Day 1 Demo / Take 1);George Harrison;All Things Must Pass
Awaiting On You All (Day 1 Demo / Take 1);George Harrison;All Things Must Pass
Sour Milk Sea (Day 1 Demo / Take 1);George Harrison;All Things Must Pass
Out Of The Blue (Remastered 2020);George Harrison;All Things Must Pass
I Remember Jeep (Remastered 2020);George Harrison;All Things Must Pass
Thanks For The Pepperoni (Remastered 2020);George Harrison;All Things Must Pass
Apple Scruffs (2020 Mix);George Harrison;All Things Must Pass
Isn't It A Pity (Version 2 / 2020 Mix);George Harrison;All Things Must Pass
All Things Must Pass (2020 Mix);George Harrison;All Things Must Pass
Ballad Of Sir Frankie Crisp (Let It Roll) (2020 Mix);George Harrison;All Things Must Pass
It's Johnny's Birthday (Remastered 2020);George Harrison;All Things Must Pass
Hear Me Lord (2020 Mix);George Harrison;All Things Must Pass
Art Of Dying (2020 Mix);George Harrison;All Things Must Pass
I Dig Love (2020 Mix);George Harrison;All Things Must Pass
Plug Me In (Remastered 2020);George Harrison;All Things Must Pass
Awaiting On You All (2020 Mix);George Harrison;All Things Must Pass
Beware Of Darkness (2020 Mix);George Harrison;All Things Must Pass
Hear Me Lord (Day 2 Demo / Take 1);George Harrison;All Things Must Pass
Wah-Wah (Day 2 Demo / Take 1);George Harrison;All Things Must Pass
Let It Down (Day 2 Demo / Take 1);George Harrison;All Things Must Pass
Everybody/Nobody (Day 2 Demo / Take 1);George Harrison;All Things Must Pass
If Not For You (Day 2 Demo / Take 1);George Harrison;All Things Must Pass
Window Window (Day 2 Demo / Take 1);George Harrison;All Things Must Pass
Run Of The Mill (Day 2 Demo / Take 1);George Harrison;All Things Must Pass
Cosmic Empire (Day 2 Demo / Take 1);George Harrison;All Things Must Pass
Tell Me What Has Happened To You (Day 2 Demo / Take 1);George Harrison;All Things Must Pass
Nowhere To Go (Day 2 Demo / Take 1);George Harrison;All Things Must Pass
Beware Of Darkness (Day 2 Demo / Take 1);George Harrison;All Things Must Pass
Mother Divine (Day 2 Demo / Take 1);George Harrison;All Things Must Pass
I Don't Want To Do It (Day 2 Demo / Take 1);George Harrison;All Things Must Pass
Beautiful Girl (Day 2 Demo / Take 1);George Harrison;All Things Must Pass
Art Of Dying (Day 2 Demo / Take 1);George Harrison;All Things Must Pass
Hear Me Lord (Session Outtakes And Jams / Take 5);George Harrison;All Things Must Pass
Art Of Dying (Session Outtakes And Jams / Take 1);George Harrison;All Things Must Pass
Isn't It A Pity (Session Outtakes And Jams / Take 27);George Harrison;All Things Must Pass
It's Johnny's Birthday (Session Outtakes And Jams / Take 1);George Harrison;All Things Must Pass
Wedding Bells (Are Breaking Up That Old Gang Of Mine) (Session Outtakes And Jams / Take 1);George Harrison;All Things Must Pass
Wah-Wah (Session Outtakes And Jams / Take 1);George Harrison;All Things Must Pass
Beware Of Darkness (Session Outtakes And Jams / Take 8);George Harrison;All Things Must Pass
Woman Don't You Cry For Me (Session Outtakes And Jams / Take 5);George Harrison;All Things Must Pass
Almost 12 Bar Honky Tonk (Session Outtakes And Jams / Take 1);George Harrison;All Things Must Pass
I'd Have You Anytime (Session Outtakes And Jams / Take 5);George Harrison;All Things Must Pass
What Is Life (Session Outtakes And Jams / Take 1);George Harrison;All Things Must Pass
Run Of The Mill (Session Outtakes And Jams / Take 36);George Harrison;All Things Must Pass
Let It Down (Session Outtakes And Jams / Take 1);George Harrison;All Things Must Pass
Down To The River (Rocking Chair Jam) (Session Outtakes And Jams / Take 1);George Harrison;All Things Must Pass
Isn't It A Pity (Session Outtakes And Jams / Take 14);George Harrison;All Things Must Pass
Get Back (Session Outtakes And Jams / Take 1);George Harrison;All Things Must Pass
If Not For You (Session Outtakes And Jams / Take 2);George Harrison;All Things Must Pass
Breath Away From Heaven;George Harrison;Cloud Nine
Wreck Of The Hesperus;George Harrison;Cloud Nine
Cloud Nine;George Harrison;Cloud Nine
Devil's Radio;George Harrison;Cloud Nine
That's What It Takes;George Harrison;Cloud Nine
Zig Zag;George Harrison;Cloud Nine
Got My Mind Set On You  (Extended Version);George Harrison;Cloud Nine
Got My Mind Set On You;George Harrison;Cloud Nine
Just For Today;George Harrison;Cloud Nine
Shanghai Surprise;George Harrison;Cloud Nine
Someplace Else;George Harrison;Cloud Nine
When We Was Fab;George Harrison;Cloud Nine
This Is Love;George Harrison;Cloud Nine
Fish On The Sand;George Harrison;Cloud Nine
Life Itself;George Harrison;Somewhere In England
That Which I Have Lost;George Harrison;Somewhere In England
Flying Hour;George Harrison;Somewhere In England
Teardrops;George Harrison;Somewhere In England
Save The World;George Harrison;Somewhere In England
Writing's On The Wall;George Harrison;Somewhere In England
Save The World  (Demo Version);George Harrison;Somewhere In England
All Those Years Ago;George Harrison;Somewhere In England
Hong Kong Blues;George Harrison;Somewhere In England
Unconsciousness Rules;George Harrison;Somewhere In England
Baltimore Oriole;George Harrison;Somewhere In England
Blood From A Clone;George Harrison;Somewhere In England
Be Here Now  (2024 Mix);George Harrison;Living in the Material World 
Give Me Love (Give Me Peace on Earth)  (2024 Mix);George Harrison;Living in the Material World 
Sue Me, Sue You Blues  (2024 Mix);George Harrison;Living in the Material World 
The Day the World Gets 'Round  (2024 Mix);George Harrison;Living in the Material World 
The Lord Loves the One (That Loves the Lord)  (2024 Mix);George Harrison;Living in the Material World 
Don't Let Me Wait Too Long  (2024 Mix);George Harrison;Living in the Material World 
Who Can See It  (2024 Mix);George Harrison;Living in the Material World 
Try Some Buy Some  (2024 Mix);George Harrison;Living in the Material World 
Living in the Material World  (2024 Mix);George Harrison;Living in the Material World 
That Is All  (2024 Mix);George Harrison;Living in the Material World 
The Light That Has Lighted the World  (2024 Mix);George Harrison;Living in the Material World 
Be Here Now  (Take 8);George Harrison;Living in the Material World 
Give Me Love (Give Me Peace on Earth)  (Take 18);George Harrison;Living in the Material World 
Sue Me, Sue You Blues  (Take 5);George Harrison;Living in the Material World 
The Day the World Gets 'Round  (Take 22);George Harrison;Living in the Material World 
The Lord Loves the One (That Loves the Lord)  (Take 3);George Harrison;Living in the Material World 
Don't Let Me Wait Too Long  (Take 49);George Harrison;Living in the Material World 
Sunshine Life For Me (Sail Away Raymond);George Harrison;Living in the Material World 
Miss O'Dell  (2024 Mix);George Harrison;Living in the Material World 
Who Can See It  (Take 93);George Harrison;Living in the Material World 
Try Some Buy Some  (Alternative Version);George Harrison;Living in the Material World 
Living in the Material World  (Take 31);George Harrison;Living in the Material World 
That Is All  (Take 24);George Harrison;Living in the Material World 
The Light That Has Lighted the World  (Take 13);George Harrison;Living in the Material World 
Weirdo;Emma-Jean Thackray;Weirdo
It’s Okay (feat. Kassa Overall);Emma-Jean Thackray;Weirdo
Thank You for the Day;Emma-Jean Thackray;Weirdo
I Don’t Recognise My Hands;Emma-Jean Thackray;Weirdo
What is the Point;Emma-Jean Thackray;Weirdo
Stay;Emma-Jean Thackray;Weirdo
Something Wrong With Your Mind;Emma-Jean Thackray;Weirdo
Let Me Sleep;Emma-Jean Thackray;Weirdo
Wanna Die;Emma-Jean Thackray;Weirdo
Please Leave Me Alone;Emma-Jean Thackray;Weirdo
Staring at the Wall;Emma-Jean Thackray;Weirdo
Remedy;Emma-Jean Thackray;Weirdo
Maybe Nowhere;Emma-Jean Thackray;Weirdo
Tofu;Emma-Jean Thackray;Weirdo
Where’d You Go;Emma-Jean Thackray;Weirdo
Fried Rice;Emma-Jean Thackray;Weirdo
In Your Mind;Emma-Jean Thackray;Weirdo
Save Me;Emma-Jean Thackray;Weirdo
Black Hole (feat. Reggie Watts);Emma-Jean Thackray;Weirdo
Our People;Emma-Jean Thackray;Yellow
Third Eye;Emma-Jean Thackray;Yellow
Rahu &  Ketu;Emma-Jean Thackray;Yellow
Golden Green;Emma-Jean Thackray;Yellow
Mercury;Emma-Jean Thackray;Yellow
Venus;Emma-Jean Thackray;Yellow
May There Be Peace;Emma-Jean Thackray;Yellow
Say Something;Emma-Jean Thackray;Yellow
About That;Emma-Jean Thackray;Yellow
Mercury (In Retrograde);Emma-Jean Thackray;Yellow
Green Funk;Emma-Jean Thackray;Yellow
Spectre;Emma-Jean Thackray;Yellow
Yellow;Emma-Jean Thackray;Yellow
Sun;Emma-Jean Thackray;Yellow
Yellow (Live At EartH);Emma-Jean Thackray;Yellow
Sun (Live At The Church Studios);Emma-Jean Thackray;Yellow
Sun (Jitwam &  EJT Remix);Emma-Jean Thackray;Yellow
Our People (Live At The Church Studios);Emma-Jean Thackray;Yellow
Golden Green feat Wiki;Emma-Jean Thackray;Yellow
The Rings Of Saturn;Emma-Jean Thackray;Yellow
Say Something (Instrumental);Emma-Jean Thackray;Yellow
The Road Trip To Saturn;Emma-Jean Thackray;Yellow
Venus (Black Science Orchestra Tough Love Vocal Mix);Emma-Jean Thackray;Yellow
Beehave Yourself;John Beasley;Cauldron
Cauldron;John Beasley;Cauldron
Catalina;John Beasley;Cauldron
I'm Outa' Here;John Beasley;Cauldron
Zulu King;John Beasley;Cauldron
Sierra;John Beasley;Cauldron
Run and Hide;John Beasley;Cauldron
11:11;John Beasley;Cauldron
Cado Bayou;John Beasley;Cauldron
Until Now;John Beasley;A Change Of Heart
What Beas Needs;John Beasley;A Change Of Heart
Tess, The Flake;John Beasley;A Change Of Heart
A Change Of Heart;John Beasley;A Change Of Heart
Skippy;John Beasley;A Change Of Heart
The Call;John Beasley;A Change Of Heart
Fix It;John Beasley;A Change Of Heart
Frasier St. Lament;John Beasley;A Change Of Heart
Steve-O;John Beasley;A Change Of Heart
Carnal Appetite;John Beasley;A Change Of Heart
Second Sight;The Dolphin Brothers;Catch The Fall
Love That You Need;The Dolphin Brothers;Catch The Fall
My Winter;The Dolphin Brothers;Catch The Fall
Real Life Real Answers;The Dolphin Brothers;Catch The Fall
Shining;The Dolphin Brothers;Catch The Fall
Pushing The River;The Dolphin Brothers;Catch The Fall
Catch The Fall;The Dolphin Brothers;Catch The Fall
Host To The Holy;The Dolphin Brothers;Catch The Fall
Finland;Penguin Cafe;A Matter of Life... 2021
Harry Piers 2021;Penguin Cafe;A Matter of Life... 2021
Coriolis;Penguin Cafe;A Matter of Life... 2021
Sundog;Penguin Cafe;A Matter of Life... 2021
Ghost in the Pond;Penguin Cafe;A Matter of Life... 2021
That, Not That;Penguin Cafe;A Matter of Life... 2021
From a Blue Temple;Penguin Cafe;A Matter of Life... 2021
The Fox and the Leopard;Penguin Cafe;A Matter of Life... 2021
Two Beans Shaker;Penguin Cafe;A Matter of Life... 2021
Pale Peach Jukebox;Penguin Cafe;A Matter of Life... 2021
Landau;Penguin Cafe;A Matter of Life... 2021
In Re Budd;Penguin Cafe;Rain Before Seven...
Temporary Shelter from the Storm;Penguin Cafe;Rain Before Seven...
No One Really Leaves…;Penguin Cafe;Rain Before Seven...
Find Your Feet;Penguin Cafe;Rain Before Seven...
Might Be Something;Penguin Cafe;Rain Before Seven...
Second Variety;Penguin Cafe;Rain Before Seven...
Welcome to London;Penguin Cafe;Rain Before Seven...
Lamborghini 754;Penguin Cafe;Rain Before Seven...
Goldfinch Yodel;Penguin Cafe;Rain Before Seven...
Galahad;Penguin Cafe;Rain Before Seven...
Sotto le stelle del Messico a trapanar;Francesco De Gregori;Scacchi E Tarocchi
La storia;Francesco De Gregori;Scacchi E Tarocchi
Poeti per l'estate;Francesco De Gregori;Scacchi E Tarocchi
Piccoli dolori;Francesco De Gregori;Scacchi E Tarocchi
I Cowboys;Francesco De Gregori;Scacchi E Tarocchi
Tutti salvi;Francesco De Gregori;Scacchi E Tarocchi
Miracolo a Venezia;Francesco De Gregori;Scacchi E Tarocchi
Ciao ciao;Francesco De Gregori;Scacchi E Tarocchi
A pà;Francesco De Gregori;Scacchi E Tarocchi
Scacchi e tarocchi;Francesco De Gregori;Scacchi E Tarocchi
Rimmel;Francesco De Gregori;Rimmel
Il Signor Hood;Francesco De Gregori;Rimmel
Buonanotte Fiorellino;Francesco De Gregori;Rimmel
Pezzi di vetro;Francesco De Gregori;Rimmel
Quattro cani;Francesco De Gregori;Rimmel
Piccola mela;Francesco De Gregori;Rimmel
Pablo;Francesco De Gregori;Rimmel
Le storie di ieri;Francesco De Gregori;Rimmel
Piano bar;Francesco De Gregori;Rimmel
San Lorenzo;Francesco De Gregori;Titanic
L'abbigliamento di un fuochista;Francesco De Gregori;Titanic
Belli capelli;Francesco De Gregori;Titanic
I muscoli del capitano;Francesco De Gregori;Titanic
Titanic;Francesco De Gregori;Titanic
La leva calcistica della classe '68;Francesco De Gregori;Titanic
Caterina;Francesco De Gregori;Titanic
Rollo & His Jets;Francesco De Gregori;Titanic
Centocinquanta stelle;Francesco De Gregori;Titanic
Falling of the Rain (Album Version);Billy Joel;Cold Spring Harbor
You Look so Good to Me (Album Version);Billy Joel;Cold Spring Harbor
Turn Around (Album Version);Billy Joel;Cold Spring Harbor
Nocturne (Album Version);Billy Joel;Cold Spring Harbor
Got to Begin Again (Album Version);Billy Joel;Cold Spring Harbor
Why Judy Why (Album Version);Billy Joel;Cold Spring Harbor
Tomorrow Is Today (Album Version);Billy Joel;Cold Spring Harbor
You Can Make Me Free (Album Version);Billy Joel;Cold Spring Harbor
Everybody Loves You Now;Billy Joel;Cold Spring Harbor
She's Got a Way;Billy Joel;Cold Spring Harbor
The Ballad of Billy the Kid (Album Version);Billy Joel;Piano Man
Somewhere Along the Line (Album Version);Billy Joel;Piano Man
If I Only Had the Words (To Tell You) (Album Version);Billy Joel;Piano Man
Ain't No Crime (Album Version);Billy Joel;Piano Man
Stop in Nevada (Album Version);Billy Joel;Piano Man
You're My Home (Album Version);Billy Joel;Piano Man
Captain Jack (Album Version);Billy Joel;Piano Man
Worse Comes to Worst (Album Version);Billy Joel;Piano Man
Piano Man (Album Version);Billy Joel;Piano Man
Travelin' Prayer (Album Version);Billy Joel;Piano Man
Leningrad (Album Version);Billy Joel;Storm Front
And So It Goes (Album Version);Billy Joel;Storm Front
That's Not Her Style (Album Version);Billy Joel;Storm Front
State of Grace (Album Version);Billy Joel;Storm Front
The Downeaster 'Alexa' (Album Version);Billy Joel;Storm Front
We Didn't Start the Fire (Album Version);Billy Joel;Storm Front
Storm Front (Album Version);Billy Joel;Storm Front
Shameless (Album Version);Billy Joel;Storm Front
I Go to Extremes (Album Version);Billy Joel;Storm Front
When In Rome (Album Version);Billy Joel;Storm Front
New York State of Mind (Album Version);Billy Joel;Turnstiles
James (Album Version);Billy Joel;Turnstiles
Summer, Highland Falls (Album Version);Billy Joel;Turnstiles
All You Wanna Do Is Dance (Album Version);Billy Joel;Turnstiles
I've Loved These Days (Album Version);Billy Joel;Turnstiles
Miami 2017 (I've Seen the Lights Go Out on Broadway) (Album Version);Billy Joel;Turnstiles
Say Goodbye to Hollywood (Album Version);Billy Joel;Turnstiles
Prelude / Angry Young Man (Album Version);Billy Joel;Turnstiles
Sometimes a Fantasy (Live);Billy Joel;Glass Houses
Don't Ask Me Why (Album Version);Billy Joel;Glass Houses
Close to the Borderline (Album Version);Billy Joel;Glass Houses
Sleeping With the Televison On (Album Version);Billy Joel;Glass Houses
You May Be Right (Album Version);Billy Joel;Glass Houses
Through the Long Night (Album Version);Billy Joel;Glass Houses
It's Still Rock and Roll to Me;Billy Joel;Glass Houses
C'etait toi (You Were the One) (Album Version);Billy Joel;Glass Houses
I Don't Want to Be Alone (Album Version);Billy Joel;Glass Houses
All For Leyna (Album Version);Billy Joel;Glass Houses
Uptown Girl (Album Version);Billy Joel;An Innocent Man
Keeping the Faith (Album Version);Billy Joel;An Innocent Man
The Longest Time (Album Version);Billy Joel;An Innocent Man
An Innocent Man (Album Version);Billy Joel;An Innocent Man
Careless Talk (Album Version);Billy Joel;An Innocent Man
Tell Her About It;Billy Joel;An Innocent Man
Christie Lee (Album Version);Billy Joel;An Innocent Man
Easy Money (Album Version);Billy Joel;An Innocent Man
Leave a Tender Moment Alone (Album Version);Billy Joel;An Innocent Man
This Night (Album Version);Billy Joel;An Innocent Man
Big Man On Mulberry Street (Album Version);Billy Joel;The Bridge
Getting Closer (Album Version);Billy Joel;The Bridge
Modern Woman;Billy Joel;The Bridge
Code of Silence (Album Version);Billy Joel featuring Cyndi Lauper;The Bridge
This Is the Time (Album Version);Billy Joel;The Bridge
Running On Ice (Album Version);Billy Joel;The Bridge
A Matter of Trust (Album Version);Billy Joel;The Bridge
Baby Grand (duet with Ray Charles);Billy Joel duet with Ray Charles;The Bridge
Temptation (Album Version);Billy Joel;The Bridge
Zanzibar (Album Version);Billy Joel;52nd Street
Honesty (Album Version);Billy Joel;52nd Street
Half a Mile Away (Album Version);Billy Joel;52nd Street
Big Shot (Album Version);Billy Joel;52nd Street
My Life (Album Version);Billy Joel;52nd Street
Stiletto (Album Version);Billy Joel;52nd Street
52nd Street (Album Version);Billy Joel;52nd Street
Until the Night (Album Version);Billy Joel;52nd Street
Rosalinda's Eyes (Album Version);Billy Joel;52nd Street
Allentown (Album Version);Billy Joel;The Nylon Curtain
She's Right On Time;Billy Joel;The Nylon Curtain
Laura (Album Version);Billy Joel;The Nylon Curtain
Pressure (Album Version);Billy Joel;The Nylon Curtain
A Room of Our Own (Album Version);Billy Joel;The Nylon Curtain
Surprises (Album Version);Billy Joel;The Nylon Curtain
Goodnight Saigon (Album Version);Billy Joel;The Nylon Curtain
Scandinavian Skies (Album Version);Billy Joel;The Nylon Curtain
Where's the Orchestra (Album Version);Billy Joel;The Nylon Curtain
Weekend Song;Billy Joel;Streetlife Serenade
Root Beer Rag;Billy Joel;Streetlife Serenade
Roberta;Billy Joel;Streetlife Serenade
The Mexican Connection;Billy Joel;Streetlife Serenade
The Great Suburban Showdown;Billy Joel;Streetlife Serenade
The Entertainer;Billy Joel;Streetlife Serenade
Los Angelenos;Billy Joel;Streetlife Serenade
Souvenir;Billy Joel;Streetlife Serenade
Last of the Big Time Spenders;Billy Joel;Streetlife Serenade
Streetlife Serenader;Billy Joel;Streetlife Serenade
The Great Wall of China (Album Version);Billy Joel;River Of Dreams
Blonde Over Blue (Album Version);Billy Joel;River Of Dreams
The River of Dreams (Album Version);Billy Joel;River Of Dreams
Famous Last Words (Album Version);Billy Joel;River Of Dreams
No Man's Land (Album Version);Billy Joel;River Of Dreams
Two Thousand Years (Album Version);Billy Joel;River Of Dreams
All About Soul (Album Version);Billy Joel;River Of Dreams
A Minor Variation (Album Version);Billy Joel;River Of Dreams
Shades of Grey (Album Version);Billy Joel;River Of Dreams
Lullabye (Goodnight, My Angel) (Album Version);Billy Joel;River Of Dreams
The Stranger;Billy Joel;The Stranger
Get It Right the First Time (Album Version);Billy Joel;The Stranger
She's Always a Woman (Album Version);Billy Joel;The Stranger
Only the Good Die Young (Single Version);Billy Joel;The Stranger
Movin' Out (Anthony's Song) (Album Version);Billy Joel;The Stranger
Everybody Has a Dream (Album Version);Billy Joel;The Stranger
Vienna (Album Version);Billy Joel;The Stranger
Scenes from an Italian Restaurant (Album Version);Billy Joel;The Stranger
Just the Way You Are (Album Version);Billy Joel;The Stranger
Last Chance Lost (LP Version);Joni Mitchell;Turbulent Indigo
Yvette in English (LP Version);Joni Mitchell;Turbulent Indigo
Sunny Sunday (LP Version);Joni Mitchell;Turbulent Indigo
The Magdalene Laundries (LP Version);Joni Mitchell;Turbulent Indigo
Not to Blame (LP Version);Joni Mitchell;Turbulent Indigo
Turbulent Indigo (LP Version);Joni Mitchell;Turbulent Indigo
How Do You Stop (LP Version);Joni Mitchell;Turbulent Indigo
Borderline (LP Version);Joni Mitchell;Turbulent Indigo
Sex Kills (LP Version);Joni Mitchell;Turbulent Indigo
The Sire of Sorrow (Job's Sad Song) (LP Version);Joni Mitchell;Turbulent Indigo
Lesson in Survival;Joni Mitchell;For the Roses
For the Roses;Joni Mitchell;For the Roses
Woman of Heart and Mind;Joni Mitchell;For the Roses
You Turn Me On, I'm a Radio;Joni Mitchell;For the Roses
Judgement of the Moon and Stars (Ludwig's Tune);Joni Mitchell;For the Roses
Cold Blue Steel and Sweet Fire;Joni Mitchell;For the Roses
Banquet;Joni Mitchell;For the Roses
Let the Wind Carry Me;Joni Mitchell;For the Roses
Blonde in the Bleachers;Joni Mitchell;For the Roses
Electricity;Joni Mitchell;For the Roses
Barangrill;Joni Mitchell;For the Roses
See You Sometime;Joni Mitchell;For the Roses
The Jungle Line  (2025 Remaster);Joni Mitchell;Joni's Jazz
Yvette in English  (2025 Remaster);Joni Mitchell;Joni's Jazz
Be Cool  (Demo);Joni Mitchell;Joni's Jazz
Sex Kills  (2025 Remaster);Joni Mitchell;Joni's Jazz
Harlem in Havana  (2025 Remaster);Joni Mitchell;Joni's Jazz
Blue  (2025 Remaster);Joni Mitchell;Joni's Jazz
Cold Blue Steel And Sweet Fire  (2025 Remaster);Joni Mitchell;Joni's Jazz
In France They Kiss On Main Street  (2025 Remaster);Joni Mitchell;Joni's Jazz
Moon at the Window  (Demo);Joni Mitchell;Joni's Jazz
Edith And The Kingpin  (2025 Remaster);Joni Mitchell;Joni's Jazz
Trouble Man (feat. Joni Mitchell);Kyle Eastwood;Joni's Jazz
Shades Of Scarlett Conquering  (2025 Remaster);Joni Mitchell;Joni's Jazz
Marcie  (2025 Remaster);Joni Mitchell;Joni's Jazz
Not to Blame  (2025 Remaster);Joni Mitchell;Joni's Jazz
Refuge of the Roads  (2025 Remaster);Joni Mitchell;Joni's Jazz
Black Crow  (2025 Remaster);Joni Mitchell;Joni's Jazz
Harry's House/Centerpiece  (2025 Remaster);Joni Mitchell;Joni's Jazz
Blue Motel Room  (2025 Remaster);Joni Mitchell;Joni's Jazz
No Apologies  (2025 Remaster);Joni Mitchell;Joni's Jazz
Off Night Backstreet  (2025 Remaster);Joni Mitchell;Joni's Jazz
Last Chance Lost  (2025 Remaster);Joni Mitchell;Joni's Jazz
Sunny Sunday  (2025 Remaster);Joni Mitchell;Joni's Jazz
The Magdalene Laundries  (2025 Remaster);Joni Mitchell;Joni's Jazz
Paprika Plains  (2025 Remaster);Joni Mitchell;Joni's Jazz
Hana;Joni Mitchell;Joni's Jazz
Just Like This Train  (2025 Remaster);Joni Mitchell;Joni's Jazz
Hejira (Live at the Santa Barbara County Bowl, September 9, 1979)  (2025 Remaster);Joni Mitchell;Joni's Jazz
Face Lift  (2025 Remaster);Joni Mitchell;Joni's Jazz
Both Sides Now  (2025 Remaster);Joni Mitchell;Joni's Jazz
The Crazy Cries of Love  (2025 Remaster);Joni Mitchell;Joni's Jazz
At Last  (2025 Remaster);Joni Mitchell;Joni's Jazz
Love Puts on a New Face  (2025 Remaster);Joni Mitchell;Joni's Jazz
Answer Me, My Love  (2025 Remaster);Joni Mitchell;Joni's Jazz
Stay in Touch  (2025 Remaster);Joni Mitchell;Joni's Jazz
Sometimes I'm Happy  (2025 Remaster);Joni Mitchell;Joni's Jazz
Comes Love  (2025 Remaster);Joni Mitchell;Joni's Jazz
Sweet Sucker Dance (Early Alternate Version)  (2025 Remaster);Joni Mitchell;Joni's Jazz
You're My Thrill  (2025 Remaster);Joni Mitchell;Joni's Jazz
The Dry Cleaner From Des Moines  (2025 Remaster);Joni Mitchell;Joni's Jazz
Summertime (Live at the Newport Folk Festival, Newport, RI, 7/24/2022)  (2025 Remaster);Joni Mitchell;Joni's Jazz
Two Grey Rooms (Demo)  (2025 Remaster);Joni Mitchell;Joni's Jazz
Goodbye Pork Pie Hat (Live at the Santa Barbara County Bowl, September 9, 1979)  (2025 Remaster);Joni Mitchell;Joni's Jazz
If;Joni Mitchell;Joni's Jazz
Stormy Weather  (2025 Remaster);Joni Mitchell;Joni's Jazz
If I Had A Heart;Joni Mitchell;Joni's Jazz
The Sire of Sorrow (Job's Sad Song)  (2025 Remaster);Joni Mitchell;Joni's Jazz
Twisted  (2025 Remaster);Joni Mitchell;Joni's Jazz
A Chair in the Sky  (2025 Remaster);Joni Mitchell;Joni's Jazz
Shine;Joni Mitchell;Joni's Jazz
God Must Be a Boogie Man  (2025 Remaster);Joni Mitchell;Joni's Jazz
One Week Last Summer;Joni Mitchell;Joni's Jazz
The Dry Cleaner From Des Moines;Herbie Hancock;Mingus
Sweet Sucka Dance;Herbie Hancock;Mingus
I's a Muggin';Charles Mingus;Mingus
Lucky;Joni Mitchell;Mingus
The Wolf That Lives in Lindsey;Joni Mitchell;Mingus
Coin in the Pocket;Joni Mitchell;Mingus
Happy Birthday 1975;Joni Mitchell;Mingus
A Chair in the Sky;Herbie Hancock;Mingus
Funeral;Joni Mitchell;Mingus
Goodbye Pork Pie Hat;Herbie Hancock;Mingus
God Must Be a Boogie Man;Joni Mitchell;Mingus
Face Lift (LP Version);Joni Mitchell;Taming the Tiger
My Best to You (LP Version);Joni Mitchell;Taming the Tiger
Man from Mars (LP Version);Joni Mitchell;Taming the Tiger
Tiger Bones (LP Version);Joni Mitchell;Taming the Tiger
Harlem in Havana (LP Version);Joni Mitchell;Taming the Tiger
Taming the Tiger (LP Version);Joni Mitchell;Taming the Tiger
Stay in Touch (LP Version);Joni Mitchell;Taming the Tiger
No Apologies (LP Version);Joni Mitchell;Taming the Tiger
Love Puts on a New Face (LP Version);Joni Mitchell;Taming the Tiger
The Crazy Cries of Love (LP Version);Joni Mitchell;Taming the Tiger
Lead Balloon (LP Version);Joni Mitchell;Taming the Tiger
God Must Be a Boogie Man;Joni Mitchell;Travelogue
Judgement of the Moon and Stars;Joni Mitchell;Travelogue
Love;Joni Mitchell;Travelogue
Slouching Towards Bethlehem;Joni Mitchell;Travelogue
Amelia;Joni Mitchell;Travelogue
You Dream Flat Tires;Joni Mitchell;Travelogue
Otis and Marlena;Joni Mitchell;Travelogue
The Sire of Sorrow;Joni Mitchell;Travelogue
Trouble Child;Joni Mitchell;Travelogue
Woodstock;Joni Mitchell;Travelogue
For the Roses;Joni Mitchell;Travelogue
Sex Kills;Joni Mitchell;Travelogue
The Last Time I Saw Richard;Joni Mitchell;Travelogue
Refuge of the Roads;Joni Mitchell;Travelogue
Hejira;Joni Mitchell;Travelogue
Just Like This Train;Joni Mitchell;Travelogue
The Circle Game;Joni Mitchell;Travelogue
Be Cool;Joni Mitchell;Travelogue
Cherokee Louise;Joni Mitchell;Travelogue
Chinese Cafe / Unchained Melody;Joni Mitchell;Travelogue
Borderline;Joni Mitchell;Travelogue
The Dawntreader;Joni Mitchell;Travelogue
Shadows and Light;Joni Mitchell;The Hissing of Summer Lawns
The Hissing of Summer Lawns;Joni Mitchell;The Hissing of Summer Lawns
Sweet Bird;Joni Mitchell;The Hissing of Summer Lawns
Edith and the Kingpin;Joni Mitchell;The Hissing of Summer Lawns
Don't Interrupt the Sorrow;Joni Mitchell;The Hissing of Summer Lawns
Harry's House / Centerpiece;Joni Mitchell;The Hissing of Summer Lawns
The Jungle Line;Joni Mitchell;The Hissing of Summer Lawns
Shades of Scarlett Conquering;Joni Mitchell;The Hissing of Summer Lawns
In France They Kiss on Main Street;Joni Mitchell;The Hissing of Summer Lawns
The Boho Dance;Joni Mitchell;The Hissing of Summer Lawns
The Beat Of Black Wings (Album Version);Joni Mitchell;Chalk Mark In A Rain Storm
Snakes And Ladders (Album Version);Joni Mitchell;Chalk Mark In A Rain Storm
A Bird That Whistles (Album Version);Joni Mitchell;Chalk Mark In A Rain Storm
Number One (Album Version);Joni Mitchell;Chalk Mark In A Rain Storm
My Secret Place (Album Version);Joni Mitchell;Chalk Mark In A Rain Storm
Dancin' Clown (Album Version);Joni Mitchell;Chalk Mark In A Rain Storm
Lakota (Album Version);Joni Mitchell;Chalk Mark In A Rain Storm
The Reoccurring Dream (Album Version);Joni Mitchell;Chalk Mark In A Rain Storm
The Tea Leaf Prophecy (Lay Down Your Arms) (Album Version);Joni Mitchell;Chalk Mark In A Rain Storm
Cool Water (Album Version);Joni Mitchell;Chalk Mark In A Rain Storm
Jericho;Joni Mitchell;Don Juan's Reckless Daughter
Overture - Cotton Avenue;Joni Mitchell;Don Juan's Reckless Daughter
Don Juan's Reckless Daughter;Joni Mitchell;Don Juan's Reckless Daughter
Off Night Backstreet;Joni Mitchell;Don Juan's Reckless Daughter
Talk to Me;Joni Mitchell;Don Juan's Reckless Daughter
Otis and Marlena;Joni Mitchell;Don Juan's Reckless Daughter
The Silky Veils of Ardor;Joni Mitchell;Don Juan's Reckless Daughter
Paprika Plains;Joni Mitchell;Don Juan's Reckless Daughter
Dreamland;Joni Mitchell;Don Juan's Reckless Daughter
The Tenth World;Joni Mitchell;Don Juan's Reckless Daughter
Marcie (LP Version);Joni Mitchell;Song to a Seagull
The Dawntreader (LP Version);Joni Mitchell;Song to a Seagull
Cactus Tree (LP Version);Joni Mitchell;Song to a Seagull
Song to a Seagull (LP Version);Joni Mitchell;Song to a Seagull
Michael from Mountains (LP Version);Joni Mitchell;Song to a Seagull
Night in the City (LP Version);Joni Mitchell;Song to a Seagull
The Pirate of Penance (LP Version);Joni Mitchell;Song to a Seagull
Nathan La Franeer (LP Version);Joni Mitchell;Song to a Seagull
Sisotowbell Lane (LP Version);Joni Mitchell;Song to a Seagull
I Had a King (LP Version);Joni Mitchell;Song to a Seagull
Big Yellow Taxi (feat. Lucius)  (Live at the Newport Folk Festival, Newport, RI, 7/24/2022);Joni Mitchell;Joni Mitchell at Newport 
Amelia (feat. Taylor Goldsmith)  (Live at the Newport Folk Festival, Newport, RI, 7/24/2022);Joni Mitchell;Joni Mitchell at Newport 
The Circle Game  (Live at the Newport Folk Festival, Newport, RI, 7/24/2022);Joni Mitchell;Joni Mitchell at Newport 
Carey (feat. Brandi Carlile)  (Live at the Newport Folk Festival, Newport, RI, 7/24/2022);Joni Mitchell;Joni Mitchell at Newport 
Help Me (feat. Celisse)  (Live at the Newport Folk Festival, Newport, RI, 7/24/2022);Joni Mitchell;Joni Mitchell at Newport 
Both Sides Now  (Live at the Newport Folk Festival, Newport, RI, 7/24/2022);Joni Mitchell;Joni Mitchell at Newport 
A Case of You (feat. Marcus Mumford)  (Live at the Newport Folk Festival, Newport, RI, 7/24/2022);Joni Mitchell;Joni Mitchell at Newport 
Shine (feat. Brandi Carlile)  (Live at the Newport Folk Festival, Newport, RI, 7/24/2022);Joni Mitchell;Joni Mitchell at Newport 
Introduction by Brandi Carlile;Joni Mitchell;Joni Mitchell at Newport 
Come in From the Cold (feat. Taylor Goldsmith)  (Live at the Newport Folk Festival, Newport, RI, 7/24/2022);Joni Mitchell;Joni Mitchell at Newport 
Summertime  (Live at the Newport Folk Festival, Newport, RI, 7/24/2022);Joni Mitchell;Joni Mitchell at Newport 
Just Like This Train  (Live at the Newport Folk Festival, Newport, RI, 7/24/2022);Joni Mitchell;Joni Mitchell at Newport 
Introduction  (Live at the Santa Barbara County Bowl, September 9, 1979);Joni Mitchell;Shadows and Light 
Amelia  (Live at the Santa Barbara County Bowl, September 9, 1979);Joni Mitchell;Shadows and Light 
Edith and the Kingpin  (Live at the Santa Barbara County Bowl, September 9, 1979);Joni Mitchell;Shadows and Light 
Coyote  (Live at the Santa Barbara County Bowl, September 9, 1979);Joni Mitchell;Shadows and Light 
Pat's Solo  (Live at the Santa Barbara County Bowl, September 9, 1979);Joni Mitchell;Shadows and Light 
Goodbye Pork Pie Hat  (Live at the Santa Barbara County Bowl, September 9, 1979);Michael Brecker;Shadows and Light 
Hejira  (Live at the Santa Barbara County Bowl, September 9, 1979);Joni Mitchell;Shadows and Light 
In France They Kiss on Main Street  (Live at the Santa Barbara County Bowl, September 9, 1979);Joni Mitchell;Shadows and Light 
The Dry Cleaner From Des Moines  (Live at the Santa Barbara County Bowl, September 9, 1979);Michael Brecker;Shadows and Light 
Band Introduction  (Live at the Santa Barbara County Bowl, September 9, 1979);Joni Mitchell;Shadows and Light 
Why Do Fools Fall in Love?  (Live at the Santa Barbara County Bowl, September 9, 1979);Joni Mitchell;Shadows and Light 
God Must Be a Boogie Man  (Live at the Santa Barbara County Bowl, September 9, 1979);Joni Mitchell;Shadows and Light 
Woodstock  (Live at the Santa Barbara County Bowl, September 9, 1979);Michael Brecker;Shadows and Light 
Don's Solo  (Live at the Santa Barbara County Bowl, September 9, 1979);Joni Mitchell;Shadows and Light 
Dreamland  (Live at the Santa Barbara County Bowl, September 9, 1979);Joni Mitchell;Shadows and Light 
Free Man in Paris  (Live at the Santa Barbara County Bowl, September 9, 1979);Joni Mitchell;Shadows and Light 
Black Crow  (Live at the Santa Barbara County Bowl, September 9, 1979);Joni Mitchell;Shadows and Light 
Shadows and Light  (Live at the Santa Barbara County Bowl, September 9, 1979);Joni Mitchell;Shadows and Light 
Furry Sings the Blues  (Live at the Santa Barbara County Bowl, September 9, 1979);Joni Mitchell;Shadows and Light 
Same Situation;Joni Mitchell;Court And Spark
Court and Spark;Joni Mitchell;Court And Spark
Car on a Hill;Joni Mitchell;Court And Spark
Free Man in Paris;Joni Mitchell;Court And Spark
Down to You;Joni Mitchell;Court And Spark
Just Like This Train;Joni Mitchell;Court And Spark
Help Me;Joni Mitchell;Court And Spark
Twisted;Cheech Marin;Court And Spark
Raised on Robbery;Joni Mitchell;Court And Spark
People's Parties;Joni Mitchell;Court And Spark
Troubled Child;Joni Mitchell;Court And Spark
Blue;Joni Mitchell;Blue
River;Joni Mitchell;Blue
Little Green;Joni Mitchell;Blue
California;Joni Mitchell;Blue
This Flight Tonight;Joni Mitchell;Blue
A Case of You;Joni Mitchell;Blue
All I Want;Joni Mitchell;Blue
Carey;Joni Mitchell;Blue
My Old Man;Joni Mitchell;Blue
The Last Time I Saw Richard;Joni Mitchell;Blue
Blue Motel Room;Joni Mitchell;Hejira
Refuge of the Roads;Joni Mitchell;Hejira
Hejira;Joni Mitchell;Hejira
Furry Sings the Blues;Joni Mitchell;Hejira
Amelia;Joni Mitchell;Hejira
A Strange Boy;Joni Mitchell;Hejira
Song for Sharon;Joni Mitchell;Hejira
Black Crow;Joni Mitchell;Hejira
Coyote;Joni Mitchell;Hejira
Sometimes I'm Happy;Various Interprets;Both Sides Now
A Case of You;Joni Mitchell;Both Sides Now
Answer Me, My Love;Various Interprets;Both Sides Now
You've Changed;Various Interprets;Both Sides Now
At Last;Various Interprets;Both Sides Now
Both Sides Now;Various Interprets;Both Sides Now
Don't Worry 'Bout Me;Various Interprets;Both Sides Now
Don't Go to Strangers;Various Interprets;Both Sides Now
You're My Thrill;Various Interprets;Both Sides Now
Comes Love;Various Interprets;Both Sides Now
Stormy Weather;Various Interprets;Both Sides Now
I Wish I Were in Love Again;Various Interprets;Both Sides Now
Big Yellow Taxi  (Live at Universal Amphitheatre, Los Angeles, CA, 8/14-17, 1974);Joni Mitchell;Miles of Aisles 
Rainy Night House  (Live at Universal Amphitheatre, Los Angeles, CA, 8/14-17, 1974);Joni Mitchell;Miles of Aisles 
Love or Money  (Live at Universal Amphitheatre, Los Angeles, CA, 8/14-17, 1974);Joni Mitchell;Miles of Aisles 
Cactus Tree  (Live at Los Angeles Music Center, Los Angeles, CA, 3/4/1974);Joni Mitchell;Miles of Aisles 
Both Sides Now  (Live at Universal Amphitheatre, Los Angeles, CA, 8/14-17, 1974);Joni Mitchell;Miles of Aisles 
All I Want  (Live at Universal Amphitheatre, Los Angeles, CA, 8/14-17, 1974);Joni Mitchell;Miles of Aisles 
People's Parties  (Live at Universal Amphitheatre, Los Angeles, CA, 8/14-17, 1974);Joni Mitchell;Miles of Aisles 
Blue  (Live at Universal Amphitheatre, Los Angeles, CA, 8/14-17, 1974);Joni Mitchell;Miles of Aisles 
Woodstock  (Live at Universal Amphitheatre, Los Angeles, CA, 8/14-17, 1974);Joni Mitchell;Miles of Aisles 
Cold Blue Steel and Sweet Fire  (Live at Universal Amphitheatre, Los Angeles, CA, 8/14-17, 1974);Joni Mitchell;Miles of Aisles 
You Turn Me On, I'm a Radio  (Live at Universal Amphitheatre, Los Angeles, CA, 8/14-17, 1974);Joni Mitchell;Miles of Aisles 
A Case of You  (Live at Universal Amphitheatre, Los Angeles, CA, 8/14-17, 1974);Joni Mitchell;Miles of Aisles 
Jericho  (Live at Universal Amphitheatre, Los Angeles, CA, 8/14-17, 1974);Joni Mitchell;Miles of Aisles 
Carey  (Live at Universal Amphitheatre, Los Angeles, CA, 8/14-17, 1974);Joni Mitchell;Miles of Aisles 
Woman of Heart and Mind  (Live at Universal Amphitheatre, Los Angeles, CA, 8/14-17, 1974);Joni Mitchell;Miles of Aisles 
Real Good for Free  (Live at Berkeley Community Theater, Berkeley, CA, 3/2/1974);Joni Mitchell;Miles of Aisles 
Circle Game  (Live at Universal Amphitheatre, Los Angeles, CA, 8/14-17, 1974);Joni Mitchell;Miles of Aisles 
The Last Time I Saw Richard  (Live at Universal Amphitheatre, Los Angeles, CA, 8/14-17, 1974);Joni Mitchell;Miles of Aisles 
Ladies' Man;Joni Mitchell;Wild Things Run Fast
Love;Joni Mitchell;Wild Things Run Fast
Moon At The Window;Joni Mitchell;Wild Things Run Fast
You Dream Flat Tires;Joni Mitchell;Wild Things Run Fast
Wild Things Run Fast;Joni Mitchell;Wild Things Run Fast
Be Cool;Joni Mitchell;Wild Things Run Fast
Underneath The Streetlight;Joni Mitchell;Wild Things Run Fast
(You're So Square) Baby, I Don't Care;Joni Mitchell;Wild Things Run Fast
Chinese Cafe/Unchained Melody;Joni Mitchell;Wild Things Run Fast
Man To Man;Joni Mitchell;Wild Things Run Fast
Solid Love;Joni Mitchell;Wild Things Run Fast
Conversation;Joni Mitchell;Ladies Of The Canyon
The Circle Game;Joni Mitchell;Ladies Of The Canyon
Willy;Joni Mitchell;Ladies Of The Canyon
Woodstock;Joni Mitchell;Ladies Of The Canyon
For Free;Joni Mitchell;Ladies Of The Canyon
The Arrangement;Joni Mitchell;Ladies Of The Canyon
The Priest;Joni Mitchell;Ladies Of The Canyon
Rainy Night House;Joni Mitchell;Ladies Of The Canyon
Ladies of the Canyon;Joni Mitchell;Ladies Of The Canyon
Big Yellow Taxi;Joni Mitchell;Ladies Of The Canyon
Blue Boy;Joni Mitchell;Ladies Of The Canyon
Morning Morgantown;Joni Mitchell;Ladies Of The Canyon
If I Had a Heart;Joni Mitchell;Shine
Big Yellow Taxi (2007);Joni Mitchell;Shine
Shine;Joni Mitchell;Shine
Hana;Joni Mitchell;Shine
Strong and Wrong;Joni Mitchell;Shine
If;Joni Mitchell;Shine
Bad Dreams;Joni Mitchell;Shine
This Place;Joni Mitchell;Shine
Night of the Iguana;Joni Mitchell;Shine
One Week Last Summer;Joni Mitchell;Shine
Cherokee Louise (Album Version);Joni Mitchell;Night Ride Home
Slouching Towards Bethlehem (Album Version);Joni Mitchell;Night Ride Home
Ray's Dad's Cadillac (Album Version);Joni Mitchell;Night Ride Home
The Only Joy In Town (Album Version);Joni Mitchell;Night Ride Home
Nothing Can Be Done (Album Version);Joni Mitchell;Night Ride Home
Night Ride Home (Album Version);Joni Mitchell;Night Ride Home
The Windfall (Everything For Nothing) (Album Version);Joni Mitchell;Night Ride Home
Two Grey Rooms (Album Version);Joni Mitchell;Night Ride Home
Come In From The Cold;Joni Mitchell;Night Ride Home
Passion Play (When All The Slaves Are Free) (Album Version);Joni Mitchell;Night Ride Home
Ethiopia (Album Version);Joni Mitchell;Dog Eat Dog
The Three Great Stimulants (Album Version);Joni Mitchell;Dog Eat Dog
Lucky Girl (Album Version);Joni Mitchell;Dog Eat Dog
Smokin' (Empty, Try Another) (Album Version);Joni Mitchell;Dog Eat Dog
Tax Free (Album Version);Joni Mitchell;Dog Eat Dog
Impossible Dreamer (Album Version);Joni Mitchell;Dog Eat Dog
Shiny Toys (Album Version);Joni Mitchell;Dog Eat Dog
Dog Eat Dog (Album Version);Joni Mitchell;Dog Eat Dog
Fiction (Album Version);Joni Mitchell;Dog Eat Dog
Good Friends (Album Version);Joni Mitchell;Dog Eat Dog
Songs to Aging Children Come (LP Version);Joni Mitchell;Clouds
The Gallery (LP Version);Joni Mitchell;Clouds
That Song About the Midway (LP Version);Joni Mitchell;Clouds
Roses Blue (LP Version);Joni Mitchell;Clouds
The Fiddle and the Drum (LP Version);Joni Mitchell;Clouds
I Think I Understand (LP Version);Joni Mitchell;Clouds
Tin Angel (LP Version);Joni Mitchell;Clouds
Chelsea Morning (LP Version);Joni Mitchell;Clouds
I Don't Know Where I Stand (LP Version);Joni Mitchell;Clouds
Both Sides Now (LP Version);Joni Mitchell;Clouds
Song Lines;Ryuichi Sakamoto;Heartbeat
Rap The World;Ryuichi Sakamoto;Heartbeat
Lulu;Ryuichi Sakamoto;Heartbeat
Cloud #9;Ryuichi Sakamoto;Heartbeat
Borom Gal;Ryuichi Sakamoto;Heartbeat
Heartbeat;Ryuichi Sakamoto;Heartbeat
Epilogue;Ryuichi Sakamoto;Heartbeat
Heartbeat (Tainai Kaiki II) -- Returning To The Womb;Ryuichi Sakamoto;Heartbeat
Sayonara;Ryuichi Sakamoto;Heartbeat
Nuages;Ryuichi Sakamoto;Heartbeat
High Tide;Ryuichi Sakamoto;Heartbeat
Triste;Ryuichi Sakamoto;Heartbeat
7 Seconds;Ryuichi Sakamoto;Sweet Revenge
Interruptions;Ryuichi Sakamoto;Sweet Revenge
Moving On;Ryuichi Sakamoto;Sweet Revenge
Water's Edge;Ryuichi Sakamoto;Sweet Revenge
Sweet Revenge;Ryuichi Sakamoto;Sweet Revenge
Tokyo Story;Ryuichi Sakamoto;Sweet Revenge
Love and Hate;Ryuichi Sakamoto;Sweet Revenge
Pounding At My Heart;Ryuichi Sakamoto;Sweet Revenge
Sentimental;Ryuichi Sakamoto;Sweet Revenge
Same Dream, Same Destination;Ryuichi Sakamoto;Sweet Revenge
Regret;Ryuichi Sakamoto;Sweet Revenge
Asadoya Yunta (Remastered 2021);Ryuichi Sakamoto;Beauty
A Pile Of Time (Remastered 2021);Ryuichi Sakamoto;Beauty
Futique (Remastered 2021);Ryuichi Sakamoto;Beauty
Chinsagu No Hana (Remastered 2021);Ryuichi Sakamoto;Beauty
Calling From Tokyo (Remastered 2021);Ryuichi Sakamoto;Beauty
Amore (Remastered 2021);Ryuichi Sakamoto;Beauty
Adagio (Remastered 2021);Ryuichi Sakamoto;Beauty
We Love You (Remastered 2021);Ryuichi Sakamoto;Beauty
Rose (Remastered 2021);Ryuichi Sakamoto;Beauty
Diabaram (Remastered 2021);Ryuichi Sakamoto;Beauty
Romance (Remastered 2021);Ryuichi Sakamoto;Beauty
Aishiteru, Aishitenai;Ryuichi Sakamoto;Smoochy
Bring Them Home;Ryuichi Sakamoto;Smoochy
Aoneko No Torso;Ryuichi Sakamoto;Smoochy
Bibo No Aozora;Ryuichi Sakamoto;Smoochy
Poesia;Ryuichi Sakamoto;Smoochy
A Day in the Park;Ryuichi Sakamoto;Smoochy
Tango;Ryuichi Sakamoto;Smoochy
Hemisphere;Ryuichi Sakamoto;Smoochy
Tango (Version Castellano);Ryuichi Sakamoto;Smoochy
Rio;Ryuichi Sakamoto;Smoochy
Insensatez;Ryuichi Sakamoto;Smoochy
Manatsu No Yo Ana;Ryuichi Sakamoto;Smoochy
Dennogiwa;Ryuichi Sakamoto;Smoochy
Take Me with You;Santana;Amigos
Tell Me Are You Tired;Santana;Amigos
Let Me;Santana;Amigos
Let It Shine;Santana;Amigos
Dance Sister Dance (Baila Mi Hermana);Santana;Amigos
Gitano;Santana;Amigos
Europa (Earth's Cry Heaven's Smile);Santana;Amigos
You Gotta Move (2009 Mix);The Rolling Stones;Sticky Fingers
Wild Horses (2009 Mix);The Rolling Stones;Sticky Fingers
I Got The Blues (2009 Mix);The Rolling Stones;Sticky Fingers
Sway (2009 Mix);The Rolling Stones;Sticky Fingers
Dead Flowers (2009 Mix);The Rolling Stones;Sticky Fingers
Sister Morphine (2009 Mix);The Rolling Stones;Sticky Fingers
Bitch (2009 Mix);The Rolling Stones;Sticky Fingers
Moonlight Mile (2009 Mix);The Rolling Stones;Sticky Fingers
Can't You Hear Me Knocking (2009 Mix);The Rolling Stones;Sticky Fingers
Brown Sugar (2009 Remaster);The Rolling Stones;Sticky Fingers
Doo Doo Doo Doo Doo (Heartbreaker) (2009 Re-Mastered Digital Version);The Rolling Stones;Goats Head Soup
Dancing With Mr. D (2009 Re-Mastered Digital Version);The Rolling Stones;Goats Head Soup
Hide Your Love (2009 Re-Mastered Digital Version);The Rolling Stones;Goats Head Soup
Can You Hear The Music (2009 Re-Mastered Digital Version);The Rolling Stones;Goats Head Soup
Coming Down Again (2009 Re-Mastered Digital Version);The Rolling Stones;Goats Head Soup
Winter (2009 Re-Mastered Digital Version);The Rolling Stones;Goats Head Soup
Star Star (2009 Re-Mastered Digital Version);The Rolling Stones;Goats Head Soup
Silver Train (2009 Re-Mastered Digital Version);The Rolling Stones;Goats Head Soup
100 Years Ago (2009 Re-Mastered Digital Version);The Rolling Stones;Goats Head Soup
Angie (Remastered 2009);The Rolling Stones;Goats Head Soup
Factory Girl (50th Anniversary Edition);The Rolling Stones;Beggars Banquet
Prodigal Son (50th Anniversary Edition);The Rolling Stones;Beggars Banquet
Stray Cat Blues (50th Anniversary Edition);The Rolling Stones;Beggars Banquet
Dear Doctor (50th Anniversary Edition);The Rolling Stones;Beggars Banquet
Street Fighting Man (50th Anniversary Edition);The Rolling Stones;Beggars Banquet
Sympathy For The Devil (50th Anniversary Edition);The Rolling Stones;Beggars Banquet
Jigsaw Puzzle (50th Anniversary Edition);The Rolling Stones;Beggars Banquet
Parachute Woman (50th Anniversary Edition);The Rolling Stones;Beggars Banquet
No Expectations (50th Anniversary Edition);The Rolling Stones;Beggars Banquet
Salt Of The Earth (50th Anniversary Edition);The Rolling Stones;Beggars Banquet
Mess It Up;The Rolling Stones;Hackney Diamonds
Depending On You;The Rolling Stones;Hackney Diamonds
Bite My Head Off;The Rolling Stones;Hackney Diamonds
Dreamy Skies;The Rolling Stones;Hackney Diamonds
Tell Me Straight;The Rolling Stones;Hackney Diamonds
Live By The Sword;The Rolling Stones;Hackney Diamonds
Driving Me Too Hard;The Rolling Stones;Hackney Diamonds
Whole Wide World;The Rolling Stones;Hackney Diamonds
Angry;The Rolling Stones;Hackney Diamonds
Rolling Stone Blues;The Rolling Stones;Hackney Diamonds
Get Close;The Rolling Stones;Hackney Diamonds
Sweet Sounds Of Heaven;The Rolling Stones;Hackney Diamonds
No Use In Crying (Remastered 2021);The Rolling Stones;Tattoo You
Waiting On A Friend (Remastered 2021);The Rolling Stones;Tattoo You
Black Limousine (Remastered 2021);The Rolling Stones;Tattoo You
Tops (Remastered 2021);The Rolling Stones;Tattoo You
Worried About You (Remastered 2021);The Rolling Stones;Tattoo You
Hang Fire (Remastered 2021);The Rolling Stones;Tattoo You
Neighbours (Remastered 2021);The Rolling Stones;Tattoo You
Slave (Remastered 2021);The Rolling Stones;Tattoo You
Little T&A (Remastered 2021);The Rolling Stones;Tattoo You
Heaven (Remastered 2021);The Rolling Stones;Tattoo You
Start Me Up (Remastered 2021);The Rolling Stones;Tattoo You
Let It Loose;The Rolling Stones;Exile On Main Street
Shine A Light;The Rolling Stones;Exile On Main Street
All Down The Line;The Rolling Stones;Exile On Main Street
Rip This Joint (2009 Mix);The Rolling Stones;Exile On Main Street
Sweet Virginia (2009 Mix);The Rolling Stones;Exile On Main Street
Soul Survivor;The Rolling Stones;Exile On Main Street
Loving Cup (2009 Mix);The Rolling Stones;Exile On Main Street
Turd On The Run (2009 Mix);The Rolling Stones;Exile On Main Street
I Just Want To See His Face;The Rolling Stones;Exile On Main Street
Sweet Black Angel (2009 Mix);The Rolling Stones;Exile On Main Street
Happy (2009 Mix);The Rolling Stones;Exile On Main Street
Casino Boogie (2009 Mix);The Rolling Stones;Exile On Main Street
Shake Your Hips (2009 Mix);The Rolling Stones;Exile On Main Street
Rocks Off (2009 Mix);The Rolling Stones;Exile On Main Street
Stop Breaking Down;The Rolling Stones;Exile On Main Street
Torn And Frayed (2009 Mix);The Rolling Stones;Exile On Main Street
Ventilator Blues;The Rolling Stones;Exile On Main Street
Tumbling Dice (2009 Mix);The Rolling Stones;Exile On Main Street
Monkey Man;The Rolling Stones;Let It Bleed (50th Anniversary Edition. Remastered 2019)
You Can't Always Get What You Want;The Rolling Stones;Let It Bleed (50th Anniversary Edition. Remastered 2019)
Let It Bleed;The Rolling Stones;Let It Bleed (50th Anniversary Edition. Remastered 2019)
Country Honk;The Rolling Stones;Let It Bleed (50th Anniversary Edition. Remastered 2019)
Love In Vain;The Rolling Stones;Let It Bleed (50th Anniversary Edition. Remastered 2019)
You Got The Silver;The Rolling Stones;Let It Bleed (50th Anniversary Edition. Remastered 2019)
Gimme Shelter;The Rolling Stones;Let It Bleed (50th Anniversary Edition. Remastered 2019)
Live With Me;The Rolling Stones;Let It Bleed (50th Anniversary Edition. Remastered 2019)
Midnight Rambler;The Rolling Stones;Let It Bleed (50th Anniversary Edition. Remastered 2019)
Rain, Rain, Rain (Remastered 1999);Roxy Music;Flesh And Blood
In The Midnight Hour (Remastered 1999);Roxy Music;Flesh And Blood
Running Wild (Remastered 1999);Roxy Music;Flesh And Blood
Oh Yeah! (Remastered 1999);Roxy Music;Flesh And Blood
Over You (Remastered 1999);Roxy Music;Flesh And Blood
My Only Love (Remastered 1999);Roxy Music;Flesh And Blood
Flesh And Blood (Remastered 1999);Roxy Music;Flesh And Blood
Eight Miles High (Remastered 1999);Roxy Music;Flesh And Blood
No Strange Delight (Remastered 1999);Roxy Music;Flesh And Blood
Same Old Scene (Remastered 1999);Roxy Music;Flesh And Blood
More Than This (Remastered/1999);Roxy Music;Avalon
The Main Thing (Remaster 1999);Roxy Music;Avalon
While My Heart Is Still Beating (Remaster 1999);Roxy Music;Avalon
India (Remaster 1999);Roxy Music;Avalon
Take A Chance With Me (Remastered 1999);Roxy Music;Avalon
Tara (Remaster 1999);Roxy Music;Avalon
To Turn You On (Remastered 1999);Roxy Music;Avalon
The Space Between (Remaster 1999);Roxy Music;Avalon
Avalon (Remastered 1999);Roxy Music;Avalon
True To Life (Remaster 1999);Roxy Music;Avalon
Setembro ( Brazilian Wedding Song);Quincy Jones;Back On The Block
Tomorrow (A Better You, Better Me) (Album Version);Quincy Jones;Back On The Block
Back On The Block;Quincy Jones;Back On The Block
Wee B. Dooinit (Acappella Party);Quincy Jones;Back On The Block
The Secret Garden (Sweet Seduction Suite) (Album Version);Quincy Jones;Back On The Block
Jazz Corner Of The Word;Quincy Jones;Back On The Block
One Man Woman;Quincy Jones;Back On The Block
The Verb To Be;Quincy Jones;Back On The Block
The Places You Find Love (Album Version);Quincy Jones;Back On The Block
I'll Be Good To You (Album Version);Quincy Jones;Back On The Block
Prelude To The Garden (Album Version);Quincy Jones;Back On The Block
Birdland;Quincy Jones;Back On The Block
I Don't Go For That;Quincy Jones;Back On The Block
Prologue (2 Q's Rap);Quincy Jones;Back On The Block
One Hundred Ways;Quincy Jones;The Dude
Ai No Corrida;Quincy Jones;The Dude
Just Once;Quincy Jones;The Dude
Velas;Quincy Jones;The Dude
The Dude;Quincy Jones;The Dude
Something Special;Quincy Jones;The Dude
Razzamatazz;Quincy Jones;The Dude
Turn On The Action;Quincy Jones;The Dude
Betcha Wouldn't Hurt Me (Extended Version);Quincy Jones;The Dude
Short Tales of the Black Forest (Live);Paco de Lucía;Friday Night in San Francisco
Fantasia Suite (Live);Paco de Lucía;Friday Night in San Francisco
Guardian Angel (Live);Paco de Lucía;Friday Night in San Francisco
Frevo Rasgado (Live);Paco de Lucía;Friday Night in San Francisco
Mediterranean Sundance / Rio Ancho (Live);Al Di Meola;Friday Night in San Francisco
Can't Lose My Soul;Annie and the Caldwells;Can't Lose My (Soul)
I'm Going To Rise;Annie and the Caldwells;Can't Lose My (Soul)
I Made It;Annie and the Caldwells;Can't Lose My (Soul)
Dear Lord;Annie and the Caldwells;Can't Lose My (Soul)
Wrong;Annie and the Caldwells;Can't Lose My (Soul)
Don't You Hear Me Calling;Annie and the Caldwells;Can't Lose My (Soul)
Thunder  (2023 Remaster);Prince & The New Power Generation;Diamonds and Pearls 
Diamonds and Pearls  (2023 Remaster);Prince & The New Power Generation;Diamonds and Pearls 
Push  (2023 Remaster);Prince & The New Power Generation;Diamonds and Pearls 
Willing and Able  (2023 Remaster);Prince & The New Power Generation;Diamonds and Pearls 
Insatiable  (2023 Remaster);Prince & The New Power Generation;Diamonds and Pearls 
Live 4 Love  (2023 Remaster);Prince & The New Power Generation;Diamonds and Pearls 
Strollin'  (2023 Remaster);Prince & The New Power Generation;Diamonds and Pearls 
Walk Don't Walk  (2023 Remaster);Prince & The New Power Generation;Diamonds and Pearls 
Jughead  (2023 Remaster);Prince & The New Power Generation;Diamonds and Pearls 
Gett Off  (2023 Remaster);Prince & The New Power Generation;Diamonds and Pearls 
Daddy Pop  (2023 Remaster);Prince & The New Power Generation;Diamonds and Pearls 
Money Don't Matter 2 Night  (2023 Remaster);Prince & The New Power Generation;Diamonds and Pearls 
Cream  (2023 Remaster);Prince & The New Power Generation;Diamonds and Pearls 
I'm Supposed to Love You;Ricky Ross;Short Stories, Vol. 1
I Thought I Saw You;Ricky Ross;Short Stories, Vol. 1
Siggi the Bully;Ricky Ross;Short Stories, Vol. 1
Goin' Back;Ricky Ross;Short Stories, Vol. 1
Wages Day;Ricky Ross;Short Stories, Vol. 1
I Was Right and You Were Wrong;Ricky Ross;Short Stories, Vol. 1
At My Weakest Point;Ricky Ross;Short Stories, Vol. 1
Raintown;Ricky Ross;Short Stories, Vol. 1
Only God and Dogs;Ricky Ross;Short Stories, Vol. 1
The Kid at the Airport;Ricky Ross;Short Stories, Vol. 1
A Gordon for Me;Ricky Ross;Short Stories, Vol. 1
The Germans Are out Today;Ricky Ross;Short Stories, Vol. 1
I Was the Beatles;Ricky Ross;Short Stories, Vol. 2
Spanish Shoes;Ricky Ross;Short Stories, Vol. 2
The New World;Ricky Ross;Short Stories, Vol. 2
The Foundations;Ricky Ross;Short Stories, Vol. 2
Still Walking;Ricky Ross;Short Stories, Vol. 2
The Unknown Warrior;Ricky Ross;Short Stories, Vol. 2
Bethlehem's Gate;Ricky Ross;Short Stories, Vol. 2
Your Swaying Arms;Ricky Ross;Short Stories, Vol. 2
The Unpath;Ricky Ross;Short Stories, Vol. 2
I Am Born;Ricky Ross;Short Stories, Vol. 2
All Dressed Up;Ricky Ross;Short Stories, Vol. 2
Maybe This Christmas;Tracey Thorn;Tinsel and Lights
Sister Winter;Tracey Thorn;Tinsel and Lights
Taking Down the Tree;Tracey Thorn;Tinsel and Lights
Have Yourself a Merry Little Christmas;Tracey Thorn;Tinsel and Lights
Tinsel and Lights;Tracey Thorn;Tinsel and Lights
Snow;Tracey Thorn;Tinsel and Lights
Like a Snowman;Tracey Thorn;Tinsel and Lights
River;Tracey Thorn;Tinsel and Lights
Joy;Tracey Thorn;Tinsel and Lights
Hard Candy Christmas;Tracey Thorn;Tinsel and Lights
Snow in Sun;Tracey Thorn;Tinsel and Lights
25th December;Tracey Thorn;Tinsel and Lights
In the Cold, Cold Night;Tracey Thorn;Tinsel and Lights
Hospital;Tracey Thorn;Songs from the Falling
Little Things;Tracey Thorn;Songs from the Falling
It Was Always Me;Tracey Thorn;Songs from the Falling
Are You There?;Tracey Thorn;Songs from the Falling
All the Seasons;Tracey Thorn;Songs from the Falling
Follow Me Down;Tracey Thorn;Songs from the Falling
They Only Do Harm;Tracey Thorn;Songs from the Falling
Let Me In;Tracey Thorn;Songs from the Falling
Plain Sailing;Tracey Thorn;A Distant Shore
Seascape;Tracey Thorn;A Distant Shore
Femme Fatale;Tracey Thorn;A Distant Shore
New Opened Eyes;Tracey Thorn;A Distant Shore
Dreamy;Tracey Thorn;A Distant Shore
Small Town Girl;Tracey Thorn;A Distant Shore
Simply Couldn't Care;Tracey Thorn;A Distant Shore
Too Happy;Tracey Thorn;A Distant Shore
Falling Off A Log;Tracey Thorn;Out Of The Woods
It's All True;Tracey Thorn;Out Of The Woods
A-Z;Tracey Thorn;Out Of The Woods
Here It Comes Again;Tracey Thorn;Out Of The Woods
Grand Canyon;Tracey Thorn;Out Of The Woods
King's Cross;Tracey Thorn;Out Of The Woods
Get Around To It;Tracey Thorn;Out Of The Woods
Hands Up To The Ceiling;Tracey Thorn;Out Of The Woods
Easy;Tracey Thorn;Out Of The Woods
Nowhere Near;Tracey Thorn;Out Of The Woods
Raise The Roof;Tracey Thorn;Out Of The Woods
By Piccadilly Station I Sat Down And Wept;Tracey Thorn;Out Of The Woods
Why Does the Wind?;Tracey Thorn;Love and Its Opposite
Singles Bar;Tracey Thorn;Love and Its Opposite
Late In The Afternoon;Tracey Thorn;Love and Its Opposite
Oh! the Divorces;Tracey Thorn;Love and Its Opposite
Hormones;Tracey Thorn;Love and Its Opposite
Long White Dress;Tracey Thorn;Love and Its Opposite
You Are a Lover;Tracey Thorn;Love and Its Opposite
Kentish Town;Tracey Thorn;Love and Its Opposite
Swimming;Tracey Thorn;Love and Its Opposite
Come on Home to Me;Tracey Thorn;Love and Its Opposite
Face;Tracey Thorn;Record
Smoke;Tracey Thorn;Record
Air;Tracey Thorn;Record
Queen;Tracey Thorn;Record
Babies;Tracey Thorn;Record
Dancefloor;Tracey Thorn;Record
Sister;Tracey Thorn;Record
Go;Tracey Thorn;Record
Guitar;Tracey Thorn;Record
How Shall I See You Through My Tears (Live Version);Bob Telson;The Gospel At Colonus (Original Cast Recording)
Numberless Are The World's Wonders (Live Version);Bob Telson;The Gospel At Colonus (Original Cast Recording)
Now Let the Weeping Cease (LP Version);Bob Telson;The Gospel At Colonus (Original Cast Recording)
Stop Do Not Go On (Live Version);Bob Telson;The Gospel At Colonus (Original Cast Recording)
Eternal Sleep (Live Version);Bob Telson;The Gospel At Colonus (Original Cast Recording)
Who Is This Man (Live Version);Bob Telson;The Gospel At Colonus (Original Cast Recording)
Live Where You Can (Live Version);Bob Telson;The Gospel At Colonus (Original Cast Recording)
A Voice Foretold (Live Version);Bob Telson;The Gospel At Colonus (Original Cast Recording)
Lift Me Up (Like a Dove) (LP Version);Bob Telson;The Gospel At Colonus (Original Cast Recording)
Fair Colonus  (Live Version);Bob Telson;The Gospel At Colonus (Original Cast Recording)
Lift Him Up (Live Version);Bob Telson;The Gospel At Colonus (Original Cast Recording)
Sunlight of No Light (LP Version);Bob Telson;The Gospel At Colonus (Original Cast Recording)
Never Drive You Away (Live Version);Bob Telson;The Gospel At Colonus (Original Cast Recording)
Anything;Dee C. Lee;Just Something
Be There In The Morning;Dee C. Lee;Just Something
Don't Forget About Love;Dee C. Lee;Just Something
I Love You;Dee C. Lee;Just Something
Walk Away;Dee C. Lee;Just Something
Trojan Horse;Dee C. Lee;Just Something
Mountains;Dee C. Lee;Just Something
How To Love;Dee C. Lee;Just Something
For Once In My Life;Dee C. Lee;Just Something
Back In Time;Dee C. Lee;Just Something
Every Day Summer;Dee C. Lee;Just Something
Hold On;Dee C. Lee;Shrine
Come Hell or Waters High;Dee C. Lee;Shrine
That's When Something Special Starts;Dee C. Lee;Shrine
Still the Children Cry;Dee C. Lee;Shrine
Hey What'D Ya Say?;Dee C. Lee;Shrine
He's Gone;Dee C. Lee;Shrine
Just My Type;Dee C. Lee;Shrine
What About Me;Dee C. Lee;Shrine
Shrine;Dee C. Lee;Shrine
See the Day;Dee C. Lee;Shrine
Walk Away (Extended Version);Dee C. Lee;Extended Versions
Anything (Extended Version);Dee C. Lee;Extended Versions
Everyday Summer (Extended Version);Dee C. Lee;Extended Versions
Don't Forget About Love (Extended Version);Dee C. Lee;Extended Versions
Cat & the Dog Trap ;Cat Stevens;Tell 'Em I'm Gone
Editing Floor Blues;Cat Stevens;Tell 'Em I'm Gone
Doors;Cat Stevens;Tell 'Em I'm Gone
Tell 'Em I'm Gone ;Cat Stevens;Tell 'Em I'm Gone
I Was Raised in Babylon;Cat Stevens;Tell 'Em I'm Gone
You Are My Sunshine ;Cat Stevens;Tell 'Em I'm Gone
The Devil Came from Kansas;Cat Stevens;Tell 'Em I'm Gone
Dying to Live;Cat Stevens;Tell 'Em I'm Gone
Gold Digger;Cat Stevens;Tell 'Em I'm Gone
Big Boss Man;Cat Stevens;Tell 'Em I'm Gone
Whispers from a Spiritual Garden;Cat Stevens;An Other Cup
When Butterflies Leave;Cat Stevens;An Other Cup
The Beloved;Cat Stevens;An Other Cup
One Day at a Time;Cat Stevens;An Other Cup
I Think I See the Light;Cat Stevens;An Other Cup
Heaven/ Where True Love Goes;Cat Stevens;An Other Cup
In the End;Cat Stevens;An Other Cup
Midday (Avoid City After Dark);Cat Stevens;An Other Cup
Greenfields, Golden Sands;Cat Stevens;An Other Cup
Maybe There's a World;Cat Stevens;An Other Cup
Don't Let Me Be Misunderstood;Cat Stevens;An Other Cup
If I Laugh (Remastered 2021);Cat Stevens;Teaser And The Firecat
Changes IV (Remastered 2021);Cat Stevens;Teaser And The Firecat
Moonshadow (Remastered 2021);Cat Stevens;Teaser And The Firecat
Bitterblue (Remastered 2021);Cat Stevens;Teaser And The Firecat
The Wind (Remastered 2021);Cat Stevens;Teaser And The Firecat
Morning Has Broken (Remastered 2021);Cat Stevens;Teaser And The Firecat
Peace Train (Remastered 2021);Cat Stevens;Teaser And The Firecat
How Can I Tell You (Remastered 2021);Cat Stevens;Teaser And The Firecat
Tuesday's Dead (Remastered 2021);Cat Stevens;Teaser And The Firecat
Rubylove (Remastered 2021);Cat Stevens;Teaser And The Firecat
On The Road To Find Out;Cat Stevens;Tea For The Tillerman
Wild World;Cat Stevens;Tea For The Tillerman
Sad Lisa;Cat Stevens;Tea For The Tillerman
Father And Son;Cat Stevens;Tea For The Tillerman
Miles From Nowhere;Cat Stevens;Tea For The Tillerman
Tea For The Tillerman;Cat Stevens;Tea For The Tillerman
Hard Headed Woman;Cat Stevens;Tea For The Tillerman
Longer Boats;Cat Stevens;Tea For The Tillerman
Into White;Cat Stevens;Tea For The Tillerman
Where Do The Children Play?;Cat Stevens;Tea For The Tillerman
But I Might Die Tonight;Cat Stevens;Tea For The Tillerman
Things;Cat Stevens;King of a Land
Son of Mary;Cat Stevens;King of a Land
He is True;Cat Stevens;King of a Land
Train on a Hill;Cat Stevens;King of a Land
The Boy Who Knew How to Climb Walls;Cat Stevens;King of a Land
Pagan Run;Cat Stevens;King of a Land
King of a Land;Cat Stevens;King of a Land
Highness;Cat Stevens;King of a Land
Another Night in the Rain;Cat Stevens;King of a Land
Take the World Apart;Cat Stevens;King of a Land
All Nights, All Days;Cat Stevens;King of a Land
How Good It Feels;Cat Stevens;King of a Land
Exchange (Remastered 2019);Massive Attack;Mezzanine (20th Anniversary Deluxe Edition)
Group Four (Remastered 2019);Massive Attack;Mezzanine (20th Anniversary Deluxe Edition)
Risingson (Remastered 2019);Massive Attack;Mezzanine (20th Anniversary Deluxe Edition)
Mezzanine (Remastered 2019);Massive Attack;Mezzanine (20th Anniversary Deluxe Edition)
Black Milk (Remastered 2019);Massive Attack;Mezzanine (20th Anniversary Deluxe Edition)
Man Next Door (Remastered 2019);Massive Attack;Mezzanine (20th Anniversary Deluxe Edition)
Dissolved Girl (Remastered 2019);Massive Attack;Mezzanine (20th Anniversary Deluxe Edition)
(Exchange) (Remastered 2019);Massive Attack;Mezzanine (20th Anniversary Deluxe Edition)
Angel (Remastered 2019);Massive Attack;Mezzanine (20th Anniversary Deluxe Edition)
Teardrop (Remastered 2019);Massive Attack;Mezzanine (20th Anniversary Deluxe Edition)
Inertia Creeps (Remastered 2019);Massive Attack;Mezzanine (20th Anniversary Deluxe Edition)
Metal Banshee (Mad Prof Mix);Massive Attack;Mezzanine (20th Anniversary Deluxe Edition)
Angel (Angel Dust);Massive Attack;Mezzanine (20th Anniversary Deluxe Edition)
Group Four (Security Forces Dub);Massive Attack;Mezzanine (20th Anniversary Deluxe Edition)
Wire (Leaping Dub);Massive Attack;Mezzanine (20th Anniversary Deluxe Edition)
Risingson (Setting Sun Dub Two);Massive Attack;Mezzanine (20th Anniversary Deluxe Edition)
Teardrop (Mazaruni Dub One);Massive Attack;Mezzanine (20th Anniversary Deluxe Edition)
Exchange (Mountain Steppers Dub);Massive Attack;Mezzanine (20th Anniversary Deluxe Edition)
Inertia Creeps (Floating On Dubwise);Massive Attack;Mezzanine (20th Anniversary Deluxe Edition)
Future Proof;Massive Attack;100th Window
What Your Soul Sings;Massive Attack;100th Window
Everywhen;Massive Attack;100th Window
A Prayer For England;Massive Attack;100th Window
Small Time Shot Away;Massive Attack;100th Window
Antistar (Includes Hidden Track 'LP4');Massive Attack;100th Window
Special Cases;Massive Attack;100th Window
Name Taken;Massive Attack;100th Window
Butterfly Caught;Massive Attack;100th Window
Paradise Circus;Massive Attack;Heligoland (Bonus Edition)
Girl I Love You;Massive Attack;Heligoland (Bonus Edition)
Fatalism;Massive Attack;Heligoland (Bonus Edition)
Psyche;Massive Attack;Heligoland (Bonus Edition)
Paradise Circus;Massive Attack;Heligoland (Bonus Edition)
Saturday Come Slow;Massive Attack;Heligoland (Bonus Edition)
Girl I Love You;Massive Attack;Heligoland (Bonus Edition)
Rush Minute;Massive Attack;Heligoland (Bonus Edition)
Splitting The Atom;Massive Attack;Heligoland (Bonus Edition)
Atlas Air;Massive Attack;Heligoland (Bonus Edition)
Pray For Rain;Massive Attack;Heligoland (Bonus Edition)
Babel;Massive Attack;Heligoland (Bonus Edition)
Paradise Circus;Massive Attack;Heligoland (Bonus Edition)
Flat Of The Blade;Massive Attack;Heligoland (Bonus Edition)
Five Man Army (2012 Mix/Master);Massive Attack;Blue Lines
Unfinished Sympathy (2012 Mix/Master);Massive Attack;Blue Lines
Hymn Of The Big Wheel (2012 Mix/Master);Massive Attack;Blue Lines
Safe From Harm (2012 Mix/Master);Massive Attack;Blue Lines
Lately (2012 Mix/Master);Massive Attack;Blue Lines
One Love (2012 Mix/Master);Massive Attack;Blue Lines
Blue Lines (2012 Mix/Master);Massive Attack;Blue Lines
Daydreaming (2012 Mix/Master);Massive Attack;Blue Lines
Be Thankful For What You've Got (2012 Mix/Master);Massive Attack;Blue Lines
Three;Massive Attack;Protection
Spying Glass;Massive Attack;Protection
Weather Storm;Massive Attack;Protection
Sly;Massive Attack;Protection
Light My Fire (Live From United Kingdom/1994);Massive Attack;Protection
Karmacoma;Massive Attack;Protection
Euro Child;Massive Attack;Protection
Heat Miser;Massive Attack;Protection
Better Things;Massive Attack;Protection
Protection;Massive Attack;Protection
Madison Reprise (Album Version);Various Interprets;Live At The Beacon
Groovin' (Album Version);Various Interprets;Live At The Beacon
Drowning in the Sea of Love (Album Version);Boz Scaggs;Live At The Beacon
Shakey Ground (Album Version);Phoebe Snow;Live At The Beacon
Lonely Teardrops (Album Version);Michael McDonald;Live At The Beacon
Driftin' Blues (Album Version);Charles Brown;Live At The Beacon
Green Flower Street (Album Version);Donald Fagen;Live At The Beacon
Pretzel Logic (Album Version);Various Interprets;Live At The Beacon
At Last (Album Version);Phoebe Snow;Live At The Beacon
Madison Time (Album Version);Various Interprets;Live At The Beacon
Chain Lightning (Album Version);Donald Fagen;Live At The Beacon
Knock on Wood (Album Version);Various Interprets;Live At The Beacon
Intro (Album Version);Phoebe Snow;Live At The Beacon
Minute By Minute (Live At The Beacon);Various Interprets;Live At The Beacon
People Got to Be Free (Album Version);Donald Fagen;Live At The Beacon
As It Is (Album Version);Pat Metheny Group;Speaking of Now
Wherever You Go (Album Version);Pat Metheny Group;Speaking of Now
The Gathering Sky (Album Version);Pat Metheny Group;Speaking of Now
On Her Way (Album Version);Pat Metheny Group;Speaking of Now
Afternoon (Album Version);Pat Metheny Group;Speaking of Now
A Place in the World (Album Version);Pat Metheny Group;Speaking of Now
Another Life (Album Version);Pat Metheny Group;Speaking of Now
Proof (Album Version);Pat Metheny Group;Speaking of Now
You (Album Version);Pat Metheny Group;Speaking of Now
Stranger in Town;Pat Metheny Group;We Live Here
The Girls Next Door;Pat Metheny Group;We Live Here
And Then I Knew;Pat Metheny Group;We Live Here
Here to Stay;Pat Metheny Group;We Live Here
Red Sky;Pat Metheny Group;We Live Here
Something to Remind You;Pat Metheny Group;We Live Here
We Live Here;Pat Metheny Group;We Live Here
To the End of the World;Pat Metheny Group;We Live Here
Episode D'Azur;Pat Metheny Group;We Live Here
Letter From Home;Pat Metheny Group;Letter From Home
45/8;Pat Metheny Group;Letter From Home
Every Summer Night;Pat Metheny Group;Letter From Home
Spring Ain't Here;Pat Metheny Group;Letter From Home
Have You Heard;Pat Metheny Group;Letter From Home
Dream of the Return;Pat Metheny Group;Letter From Home
Beat 70;Pat Metheny Group;Letter From Home
Better Days Ahead;Pat Metheny Group;Letter From Home
Are We There Yet;Pat Metheny Group;Letter From Home
Slip Away;Pat Metheny Group;Letter From Home
5-5-7;Pat Metheny Group;Letter From Home
Vidala;Pat Metheny Group;Letter From Home
Are You Going With Me? (Live);Pat Metheny Group;Travels
Goodbye (Live);Pat Metheny Group;Travels
Straight On Red (Live);Pat Metheny Group;Travels
Extradition (Live);Pat Metheny Group;Travels
Phase Dance (Live);Pat Metheny Group;Travels
San Lorenzo (Live);Pat Metheny Group;Travels
Travels (Live);Pat Metheny Group;Travels
Goin' Ahead / As Falls Wichita, So Falls Wichita Falls (Live);Pat Metheny Group;Travels
The Fields, The Sky (Live);Pat Metheny Group;Travels
Farmer's Trust (Live);Pat Metheny Group;Travels
Song For Bilbao (Live);Pat Metheny Group;Travels
Last Train Home;Pat Metheny Group;Still Life (Talking)
In Her Family;Pat Metheny Group;Still Life (Talking)
So May It Secretly Begin;Pat Metheny Group;Still Life (Talking)
Minuano (Six Eight);Pat Metheny Group;Still Life (Talking)
(It's Just) Talk;Pat Metheny Group;Still Life (Talking)
Distance;Pat Metheny Group;Still Life (Talking)
Third Wind;Pat Metheny Group;Still Life (Talking)
Love Me (Remastered Album Version);Warne Marsh;Apogee
I'm Old Fashioned (Remastered Album Version);Pete Christlieb / Warne Marsh Quintet;Apogee
Magna-Tism (Remastered Album Version);Warne Marsh;Apogee
317 E. 32nd St. (Remastered Album Version);Pete Christlieb / Warne Marsh Quintet;Apogee
Lunarcy (Remastered Album Version);Warne Marsh;Apogee
Donna Lee (Remastered Album Version);Pete Christlieb / Warne Marsh Quintet;Apogee
How About You? (Remastered Version) (?  Remastered Album Version);Pete Christlieb / Warne Marsh Quintet;Apogee
Tenors of the Time;Warne Marsh;Apogee
Rapunzel (Remastered Album Version);Warne Marsh;Apogee
Always;China Crisis;Warped By Success
Wishing Time;China Crisis;Warped By Success
One Wish Too Many;China Crisis;Warped By Success
Hard To Be Around;China Crisis;Warped By Success
The Way We Are Made;China Crisis;Warped By Success
Everyday The Same;China Crisis;Warped By Success
Real Tears;China Crisis;Warped By Success
Without The Love;China Crisis;Warped By Success
Good Again;China Crisis;Warped By Success
Does It Pay;China Crisis;Warped By Success
Thank You;China Crisis;Warped By Success
Hands On The Wheel;China Crisis;Warped By Success
Wonderful New World;China Crisis;Autumn in the Neighbourhood
Because My Heart;China Crisis;Autumn in the Neighbourhood
Smile;China Crisis;Autumn in the Neighbourhood
Autumn in the Neighbourhood;China Crisis;Autumn in the Neighbourhood
Down Here on Earth;China Crisis;Autumn in the Neighbourhood
Tell Tale Signs;China Crisis;Autumn in the Neighbourhood
Bernard;China Crisis;Autumn in the Neighbourhood
My Sweet Delight;China Crisis;Autumn in the Neighbourhood
Fool;China Crisis;Autumn in the Neighbourhood
Being in Love;China Crisis;Autumn in the Neighbourhood
Joy and the Spark;China Crisis;Autumn in the Neighbourhood
Singing The Praises Of Finer Things;China Crisis;Diary Of A Hollow Horse
All My Prayers;China Crisis;Diary Of A Hollow Horse
In Northern Skies;China Crisis;Diary Of A Hollow Horse
Back Home;China Crisis;Diary Of A Hollow Horse
Sweet Charity And Adoration;China Crisis;Diary Of A Hollow Horse
Red Letter Day;China Crisis;Diary Of A Hollow Horse
Saint Saviour Square;China Crisis;Diary Of A Hollow Horse
Diary Of A Hollow Horse;China Crisis;Diary Of A Hollow Horse
Stranger By Nature;China Crisis;Diary Of A Hollow Horse
Day After Day;China Crisis;Diary Of A Hollow Horse
Age Old Need;China Crisis;Diary Of A Hollow Horse
When The Piper Calls;China Crisis;Working With Fire And Steel
Papua;China Crisis;Working With Fire And Steel
Working With Fire And Steel;China Crisis;Working With Fire And Steel
Wishful Thinking;China Crisis;Working With Fire And Steel
Hanna Hanna;China Crisis;Working With Fire And Steel
Tragedy And Mystery;China Crisis;Working With Fire And Steel
The Soul Awakening;China Crisis;Working With Fire And Steel
Here Comes A Raincloud;China Crisis;Working With Fire And Steel
Animals In Jungles;China Crisis;Working With Fire And Steel
The Gates Of Door To Door;China Crisis;Working With Fire And Steel
We Do The Same;China Crisis;What Price Paradise
June Bride;China Crisis;What Price Paradise
Hampton Beach;China Crisis;What Price Paradise
Arizona Sky;China Crisis;What Price Paradise
The Understudy;China Crisis;What Price Paradise
Best Kept Secret;China Crisis;What Price Paradise
Trading In Gold;China Crisis;What Price Paradise
Worlds Apart;China Crisis;What Price Paradise
A Day's Work For The Dayo's Done;China Crisis;What Price Paradise
Safe As Houses;China Crisis;What Price Paradise
It's Everything;China Crisis;What Price Paradise
Are We A Worker;China Crisis;Difficult Shapes And Passive Rhythms Some People Think It's Fun To Entertain
No More Blue Horizons;China Crisis;Difficult Shapes And Passive Rhythms Some People Think It's Fun To Entertain
Temptation's Big Blue Eyes;China Crisis;Difficult Shapes And Passive Rhythms Some People Think It's Fun To Entertain
Feel To Be Driven Away;China Crisis;Difficult Shapes And Passive Rhythms Some People Think It's Fun To Entertain
Some People I Know To Lead Fantastic Lives;China Crisis;Difficult Shapes And Passive Rhythms Some People Think It's Fun To Entertain
Christian (Extended Mix);China Crisis;Difficult Shapes And Passive Rhythms Some People Think It's Fun To Entertain
Seven Sports For All;China Crisis;Difficult Shapes And Passive Rhythms Some People Think It's Fun To Entertain
African And White;China Crisis;Difficult Shapes And Passive Rhythms Some People Think It's Fun To Entertain
You Never See It;China Crisis;Difficult Shapes And Passive Rhythms Some People Think It's Fun To Entertain
Jean Walks In Fresh Fields;China Crisis;Difficult Shapes And Passive Rhythms Some People Think It's Fun To Entertain
Red Sails;China Crisis;Difficult Shapes And Passive Rhythms Some People Think It's Fun To Entertain
Bigger The Punch I'm Feeling;China Crisis;Flaunt The Imperfection
The Highest High;China Crisis;Flaunt The Imperfection
Wall Of God;China Crisis;Flaunt The Imperfection
Gift Of Freedom;China Crisis;Flaunt The Imperfection
Strength Of Character;China Crisis;Flaunt The Imperfection
Black Man Ray;China Crisis;Flaunt The Imperfection
King In A Catholic Style (Wake Up);China Crisis;Flaunt The Imperfection
You Did Cut Me;China Crisis;Flaunt The Imperfection
The World Spins, I'm Part Of It;China Crisis;Flaunt The Imperfection
Blue Sea;China Crisis;Flaunt The Imperfection
In A Life;U2;Easter Lily EP
COEXIST (I Will Bless The Lord At All Times?);U2;Easter Lily EP
Resurrection Song;U2;Easter Lily EP
Easter Parade;U2;Easter Lily EP
Song For Hal;U2;Easter Lily EP
Scars;U2;Easter Lily EP
Pride (In The Name Of Love) (Remastered 2009);U2;The Unforgettable Fire
Wire (Remastered 2009);U2;The Unforgettable Fire
MLK (Remastered 2009);U2;The Unforgettable Fire
Promenade (Remastered 2009);U2;The Unforgettable Fire
The Unforgettable Fire (Remastered 2009);U2;The Unforgettable Fire
4th Of July (Remastered 2009);U2;The Unforgettable Fire
Elvis Presley And America (Remastered 2009);U2;The Unforgettable Fire
Bad (Remastered 2009);U2;The Unforgettable Fire
A Sort Of Homecoming (Remastered 2009);U2;The Unforgettable Fire
Indian Summer Sky (Remastered 2009);U2;The Unforgettable Fire
Pride (In The Name Of Love) (Remastered Single version);U2;The Unforgettable Fire
11 O'Clock Tick Tock (Long Version);U2;The Unforgettable Fire
A Sort Of Homecoming (Live);U2;The Unforgettable Fire
Bass Trap;U2;The Unforgettable Fire
Boomerang 1;U2;The Unforgettable Fire
Love Comes Tumbling (Remastered 2009);U2;The Unforgettable Fire
Sixty Seconds in Kingdom Come;U2;The Unforgettable Fire
"Wire (Kevorkian 12"" Vocal Remix)";U2;The Unforgettable Fire
The Three Sunrises (Remastered 2009);U2;The Unforgettable Fire
Boomerang II (Remastered);U2;The Unforgettable Fire
4th Of July (Single Version);U2;The Unforgettable Fire
A Sort Of Homecoming (Danny Lanois Remix);U2;The Unforgettable Fire
Bad (Live);U2;The Unforgettable Fire
Wire (Celtic Dub Mix);U2;The Unforgettable Fire
Zooropa;U2;Zooropa
The First Time (Album Version);U2;Zooropa
Stay (Faraway, So Close!);U2;Zooropa
Lemon;U2;Zooropa
Babyface;U2;Zooropa
The Wanderer;U2;Zooropa
Daddy's Gonna Pay For Your Crashed Car;U2;Zooropa
Numb;U2;Zooropa
Dirty Day;U2;Zooropa
Some Days Are Better Than Others;U2;Zooropa
Rejoice (Remastered 2008);U2;October
With A Shout (Jerusalem) (Remastered 2008);U2;October
Is That All? (Remastered 2008);U2;October
October (Remastered 2008);U2;October
I Threw A Brick Through A Window (Remastered 2008);U2;October
Fire (Remastered 2008);U2;October
Scarlet (Remastered 2008);U2;October
Stranger In A Strange Land (Remastered 2008);U2;October
I Fall Down (Remastered 2008);U2;October
Tomorrow (Remastered 2008);U2;October
Gloria (Remastered 2008);U2;October
Trash, Trampoline And The Party Girl (Remastered);U2;October
J.Swallow (Remastered);U2;October
October (Live, Hammersmith Palais - December 1982);U2;October
The Ocean (Live, Paradise Theatre - March 1981);U2;October
11 O'Clock Tick Tock (Live At The Paradise Theater, Boston);U2;October
Scarlet (Richard Skinner BBC Session - September 1981);U2;October
A Celebration (Remastered);U2;October
I Threw A Brick Through A Window (Live, Hammersmith Palais - December 1982);U2;October
With A Shout (Jerusalem) (Richard Skinner BBC Session - September 1981);U2;October
I Threw A Brick Through A Window (Richard Skinner BBC Session - September 1981);U2;October
Fire (Live, Hammersmith Palais - December 1982);U2;October
I Fall Down (Live, Hammersmith Palais - December 1982);U2;October
I Will Follow (Live, Paradise Theatre - March 1981);U2;October
I Will Follow (Live from Hattem - May 1982);U2;October
Gloria (Live - Hammersmith Palais - December 1982));U2;October
Cry/The Electric Co. (Live, Paradise Theatre - March 1981);U2;October
Like A Song... (Remastered 2008);U2;War
"""40"" (Remastered 2008)";U2;War
Sunday Bloody Sunday (Remastered 2008);U2;War
The Refugee (Remastered 2008);U2;War
Surrender (Remastered 2008);U2;War
Red Light (Remastered 2008);U2;War
Two Hearts Beat As One (Remastered 2008);U2;War
Drowning Man (Remastered 2008);U2;War
New Year's Day (Remastered 2008);U2;War
Seconds (Remastered 2008);U2;War
New Year's Day (USA Remix / Kevorkian Remix / Remastered);U2;War
Two Hearts Beat As One (USA Remix by Kevorkian / Remastered);U2;War
New Year's Day (Vocal Extended Mix / Ferry Corsten Remix);U2;War
Treasure (Whatever Happened To Pete The Chop) (Remastered);U2;War
I Threw A Brick Through A Window/A Day Without Me (Live from Werchter, Belgium July 1982 - Remastered);U2;War
Two Hearts Beat As One (Club Version - Steve Lillywhite Re-mix - Remastered);U2;War
Two Hearts Beat As One (Long Mix By Kevorkian / Remastered);U2;War
New Year's Day (Single Edit - Remastered);U2;War
Angels Too Tied To The Ground;U2;War
Fire (Live from Werchter, Belgium, July 1982 - Remastered);U2;War
New Year's Day (Ferry Corsten  - Vocal Radio mix);U2;War
Endless Deep (Remastered);U2;War
Last Night On Earth;U2;Pop
Discotheque;U2;Pop
Mofo;U2;Pop
Gone;U2;Pop
Please;U2;Pop
Do You Feel Loved;U2;Pop
Wake Up Dead Man;U2;Pop
Miami;U2;Pop
Staring At The Sun;U2;Pop
If God Will Send His Angels;U2;Pop
If You Wear That Velvet Dress;U2;Pop
The Playboy Mansion;U2;Pop
In God's Country (Remastered 2007);U2;The Joshua Tree
Running To Stand Still (Remastered 2007);U2;The Joshua Tree
With Or Without You (Remastered 2007);U2;The Joshua Tree
Where The Streets Have No Name (Remastered 2007);U2;The Joshua Tree
Mothers Of The Disappeared (Remastered 2007);U2;The Joshua Tree
Exit (Remastered 2007);U2;The Joshua Tree
One Tree Hill (Remastered 2007);U2;The Joshua Tree
Bullet The Blue Sky (Remastered 2007);U2;The Joshua Tree
Trip Through Your Wires (Remastered 2007);U2;The Joshua Tree
Red Hill Mining Town (Remastered 2007);U2;The Joshua Tree
I Still Haven't Found What I'm Looking For (Remastered 2007);U2;The Joshua Tree
Walk To The Water (Remastered 2007);U2;The Joshua Tree
Deep In The Heart (Remastered 2007);U2;The Joshua Tree
Wave Of Sorrow (Birdland);U2;The Joshua Tree
Silver And Gold (Remastered 2007);U2;The Joshua Tree
Drunk Chicken / America;U2;The Joshua Tree
Race Against Time (Remastered 2007);U2;The Joshua Tree
Beautiful Ghost / Introduction To Songs Of Experience;U2;The Joshua Tree
Sweetest Thing (Remastered 2007);U2;The Joshua Tree
Where The Streets Have No Name (Single Edit / Remastered 2007);U2;The Joshua Tree
Spanish Eyes (Remastered 2007);U2;The Joshua Tree
Rise Up;U2;The Joshua Tree
Luminous Times (Hold On To Love) (Remastered 2007);U2;The Joshua Tree
Desert Of Our Love;U2;The Joshua Tree
Out Of Control (Remastered 2008);U2;Boy
Another Time Another Place (Remastered 2008);U2;Boy
A Day Without Me (Remastered 2008);U2;Boy
The Electric Co. (Remastered 2008);U2;Boy
The Ocean (Remastered 2008);U2;Boy
Shadows And Tall Trees / Saturday Matinee (Remastered 2008);U2;Boy
Into The Heart (Remastered 2008);U2;Boy
I Will Follow (Remastered 2008);U2;Boy
An Cat Dubh (Remastered 2008);U2;Boy
Stories For Boys (Remastered 2008);U2;Boy
Twilight (Remastered 2008);U2;Boy
11 O'Clock Tick Tock (Live At The Marquee, London);U2;Boy
Out Of Control (Single Version  - Remastered);U2;Boy
Speed Of Life;U2;Boy
Touch (Remastered);U2;Boy
I Will Follow (Previously unreleased mix);U2;Boy
Boy/Girl (Remastered);U2;Boy
Twilight (Single Version - Remastered);U2;Boy
Things To Make And Do (Remastered);U2;Boy
Boy/Girl (Live at The Marquee, London - Remastered);U2;Boy
Saturday Night;U2;Boy
11 O'Clock Tick Tock (Remastered);U2;Boy
Another Day (Remastered);U2;Boy
Stories For Boys (Single Version - Remastered);U2;Boy
Pride (In The Name Of Love) (Live - Rattle & Hum Version);U2;Rattle And Hum
Angel Of Harlem;U2;Rattle And Hum
Helter Skelter (Live);U2;Rattle And Hum
All I Want Is You;U2;Rattle And Hum
Bullet The Blue Sky (Live - Rattle & Hum Version);U2;Rattle And Hum
All Along The Watchtower (Live - Rattle & Hum Version);U2;Rattle And Hum
The Star Spangled Banner (Woodstock Festival Excerpt);Jimi Hendrix;Rattle And Hum
When Love Comes To Town (Album Version);U2;Rattle And Hum
Hawkmoon 269;U2;Rattle And Hum
God Part II;U2;Rattle And Hum
I Still Haven't Found What I'm Looking For (Live - Rattle & Hum Version);U2;Rattle And Hum
Silver And Gold (Live - Rattle & Hum Version);U2;Rattle And Hum
Love Rescue Me;U2;Rattle And Hum
Freedom For My People (Excerpt);Adam Gussow;Rattle And Hum
Heartland;U2;Rattle And Hum
Desire;U2;Rattle And Hum
Van Diemen's Land (Live - Rattle & Hum Version);U2;Rattle And Hum
Party Girl (Live);U2;Under A Blood Red Sky
New Year's Day (Live);U2;Under A Blood Red Sky
The Electric Co. (Live);U2;Under A Blood Red Sky
"""40"" (Live)";U2;Under A Blood Red Sky
I Will Follow (Live);U2;Under A Blood Red Sky
11 O'Clock Tick Tock (Live);U2;Under A Blood Red Sky
Sunday Bloody Sunday (Live);U2;Under A Blood Red Sky
Gloria (Live);U2;Under A Blood Red Sky
Acrobat (Remastered 2011);U2;Achtung Baby  (Deluxe Version)
Tryin' To Throw Your Arms Around The World (Remastered 2011);U2;Achtung Baby  (Deluxe Version)
Love Is Blindness (Remastered 2011);U2;Achtung Baby  (Deluxe Version)
So Cruel (Remastered 2011);U2;Achtung Baby  (Deluxe Version)
The Fly (Remastered 2011);U2;Achtung Baby  (Deluxe Version)
Who's Gonna Ride Your Wild Horses (Remastered 2011);U2;Achtung Baby  (Deluxe Version)
One (Remastered 2011);U2;Achtung Baby  (Deluxe Version)
Ultra Violet (Light My Way) (Remastered 2011);U2;Achtung Baby  (Deluxe Version)
Zoo Station (Remastered 2011);U2;Achtung Baby  (Deluxe Version)
Until The End Of The World (Remastered 2011);U2;Achtung Baby  (Deluxe Version)
Mysterious Ways (Remastered 2011);U2;Achtung Baby  (Deluxe Version)
Even Better Than The Real Thing (Remastered 2011);U2;Achtung Baby  (Deluxe Version)
Salomé;U2;Achtung Baby  (Deluxe Version)
Who's Gonna Ride Your Wild Horses (Temple Bar Remix);U2;Achtung Baby  (Deluxe Version)
Blow Your House Down;U2;Achtung Baby  (Deluxe Version)
Where Did It All Go Wrong?;U2;Achtung Baby  (Deluxe Version)
Satellite Of Love;U2;Achtung Baby  (Deluxe Version)
Mysterious Ways (The Perfecto Mix);U2;Achtung Baby  (Deluxe Version)
Fortunate Son;U2;Achtung Baby  (Deluxe Version)
Even Better Than The Real Thing (Single Version);U2;Achtung Baby  (Deluxe Version)
Paint It Black;U2;Achtung Baby  (Deluxe Version)
Even Better Than The Real Thing (Fish Out Of Water Remix);U2;Achtung Baby  (Deluxe Version)
Alex Descends Into Hell For A Bottle Of Milk / Korova 1;U2;Achtung Baby  (Deluxe Version)
Lady With The Spinning Head (UV1);U2;Achtung Baby  (Deluxe Version)
Night And Day (Steel String Remix);U2;Achtung Baby  (Deluxe Version)
The Lounge Fly Mix;U2;Achtung Baby  (Deluxe Version)
Peace On Earth (Remastered 2020);U2;All That You Can't Leave Behind
Walk On (Remastered 2020);U2;All That You Can't Leave Behind
New York (Remastered 2020);U2;All That You Can't Leave Behind
Grace (Remastered 2020);U2;All That You Can't Leave Behind
Beautiful Day (Remastered 2020);U2;All That You Can't Leave Behind
The Ground Beneath Her Feet (Remastered 2020);U2;All That You Can't Leave Behind
Elevation (Remastered 2020);U2;All That You Can't Leave Behind
Wild Honey (Remastered 2020);U2;All That You Can't Leave Behind
Stuck In A Moment You Can't Get Out Of (Remastered 2020);U2;All That You Can't Leave Behind
When I Look At The World (Remastered 2020);U2;All That You Can't Leave Behind
Kite (Remastered 2020);U2;All That You Can't Leave Behind
In A Little While (Remastered 2020);U2;All That You Can't Leave Behind
Préludes / Book 1, L. 117: IV. Les sons et les parfums tournent dans l'air du soir;Arturo Benedetti Michelangeli;Debussy: Préludes I
Préludes / Book 1, L. 117: XII. Minstrels;Arturo Benedetti Michelangeli;Debussy: Préludes I
Préludes / Book 1, L. 117: III. Le vent dans la plaine;Arturo Benedetti Michelangeli;Debussy: Préludes I
Préludes / Book 1, L. 117: I. Danseuses de Delphes;Arturo Benedetti Michelangeli;Debussy: Préludes I
Préludes / Book 1, L. 117: XI. La danse de Puck;Arturo Benedetti Michelangeli;Debussy: Préludes I
Préludes / Book 1, L. 117: X. La cathédrale engloutie;Arturo Benedetti Michelangeli;Debussy: Préludes I
Préludes / Book 1, L. 117: IX. La sérénade interrompue;Arturo Benedetti Michelangeli;Debussy: Préludes I
Préludes / Book 1, L. 117: VIII. La fille aux cheveux de lin;Arturo Benedetti Michelangeli;Debussy: Préludes I
Préludes / Book 1, L. 117: II. Voiles;Arturo Benedetti Michelangeli;Debussy: Préludes I
Préludes / Book 1, L. 117: VII. Ce qu'a vu le vent d'ouest;Arturo Benedetti Michelangeli;Debussy: Préludes I
Préludes / Book 1, L. 117: V. Les collines d'Anacapri;Arturo Benedetti Michelangeli;Debussy: Préludes I
Préludes / Book 1, L. 117: VI. Des pas sur la neige;Arturo Benedetti Michelangeli;Debussy: Préludes I
Lato Proibito;Samuele Bersani;Manifesto Abusivo Special Edition
Ferragosto;Samuele Bersani;Manifesto Abusivo Special Edition
Ragno;Samuele Bersani;Manifesto Abusivo Special Edition
Un Periodo Pieno Di Sorprese;Samuele Bersani;Manifesto Abusivo Special Edition
Manifesto Abusivo;Samuele Bersani;Manifesto Abusivo Special Edition
A Bologna;Samuele Bersani;Manifesto Abusivo Special Edition
Anche Robinson Crusoe;Samuele Bersani;Manifesto Abusivo Special Edition
16:9;Samuele Bersani;Manifesto Abusivo Special Edition
Valzer Nello Spazio;Samuele Bersani;Manifesto Abusivo Special Edition
Il Bombarolo;Samuele Bersani;Manifesto Abusivo Special Edition
Fuori Dal Tuo Riparo;Samuele Bersani;Manifesto Abusivo Special Edition
Pesce D'Aprile;Samuele Bersani;Manifesto Abusivo Special Edition
Desirée;Samuele Bersani;Nuvola Numero Nove
Settimo cielo;Samuele Bersani;Nuvola Numero Nove
Il re muore;Samuele Bersani;Nuvola Numero Nove
En e Xanax;Samuele Bersani;Nuvola Numero Nove
Complimenti!;Samuele Bersani;Nuvola Numero Nove
Ultima chance;Samuele Bersani;Nuvola Numero Nove
Chiamami Napoleone;Samuele Bersani;Nuvola Numero Nove
Spia polacca;Samuele Bersani;Nuvola Numero Nove
D.A.M.S.;Samuele Bersani;Nuvola Numero Nove
Reazione umana;Samuele Bersani;Nuvola Numero Nove
Distopici (Ti sto vicino);Samuele Bersani;Cinema Samuele
Pixel;Samuele Bersani;Cinema Samuele
L'intervista;Samuele Bersani;Cinema Samuele
Le Abbagnale;Samuele Bersani;Cinema Samuele
Mezza bugia;Samuele Bersani;Cinema Samuele
Con te;Samuele Bersani;Cinema Samuele
Harakiri;Samuele Bersani;Cinema Samuele
Scorrimento verticale;Samuele Bersani;Cinema Samuele
Il tuo ricordo;Samuele Bersani;Cinema Samuele
Il tiranno;Samuele Bersani;Cinema Samuele
Replay;Samuele Bersani;l'Oroscopo Speciale
L'Oroscopo Speciale;Samuele Bersani;l'Oroscopo Speciale
Il pescatore di asterischi;Samuele Bersani;l'Oroscopo Speciale
Morelli Mirko;Samuele Bersani;l'Oroscopo Speciale
Senza titoli;Samuele Bersani;l'Oroscopo Speciale
Slavia;Samuele Bersani;l'Oroscopo Speciale
Isola;Samuele Bersani;l'Oroscopo Speciale
Chiedimi se sono felice;Samuele Bersani;l'Oroscopo Speciale
Non Portarmi Via Il Nome;Samuele Bersani;l'Oroscopo Speciale
Lunedì;Samuele Bersani;l'Oroscopo Speciale
Il Fossile;Samuele Bersani;l'Oroscopo Speciale
Coccodrilli  (Live con Orchestra);Samuele Bersani;Samuele Bersani & Orchestra 
Come due somari  (Live con Orchestra);Samuele Bersani;Samuele Bersani & Orchestra 
Il pescatore di asterischi  (Live con Orchestra);Samuele Bersani;Samuele Bersani & Orchestra 
Chicco e Spillo  (Live con Orchestra);Samuele Bersani;Samuele Bersani & Orchestra 
Il mostro  (Live con Orchestra);Samuele Bersani;Samuele Bersani & Orchestra 
Lo scrutatore non votante  (Live con Orchestra);Samuele Bersani;Samuele Bersani & Orchestra 
Barcarola Albanese  (Live con Orchestra);Samuele Bersani;Samuele Bersani & Orchestra 
En e Xanax  (Live con Orchestra);Samuele Bersani;Samuele Bersani & Orchestra 
Il tuo ricordo  (Live con Orchestra);Samuele Bersani;Samuele Bersani & Orchestra 
Harakiri  (Live con Orchestra);Samuele Bersani;Samuele Bersani & Orchestra 
Tu non mi basti mai  (Live con Orchestra);Samuele Bersani;Samuele Bersani & Orchestra 
Giudizi Universali  (Live con Orchestra);Samuele Bersani;Samuele Bersani & Orchestra 
Replay  (Live con Orchestra);Samuele Bersani;Samuele Bersani & Orchestra 
Braccio di Ferro  (Live con Orchestra);Samuele Bersani;Samuele Bersani & Orchestra 
Occhiali rotti  (Live con Orchestra);Samuele Bersani;Samuele Bersani & Orchestra 
Freak  (Live con Orchestra);Samuele Bersani;Samuele Bersani & Orchestra 
Spaccacuore  (Live con Orchestra);Samuele Bersani;Samuele Bersani & Orchestra 
Cattiva  (Live con Orchestra);Samuele Bersani;Samuele Bersani & Orchestra 
Francis Delacroix;Lucio Corsi;Volevo essere un duro
Il Re del rave;Lucio Corsi;Volevo essere un duro
Nel cuore della notte;Lucio Corsi;Volevo essere un duro
Volevo essere un duro (Sanremo 2025);Lucio Corsi;Volevo essere un duro
Situazione complicata;Lucio Corsi;Volevo essere un duro
Tu sei il mattino;Lucio Corsi;Volevo essere un duro
Sigarette;Lucio Corsi;Volevo essere un duro
Let There Be Rocko;Lucio Corsi;Volevo essere un duro
Questa vita;Lucio Corsi;Volevo essere un duro
The Man (Shafiq Husayn Remix);Omar;The Man
Fuck War Make Love;Omar;The Man
Theres Nothing Like This;Omar;The Man
Come on Speak to Me;Omar;The Man
I Can Listen;Omar;The Man
The Man (Maddslinky Remix);Omar;The Man
Treat You;Omar;The Man
The Man (Emanative Space Man Remix);Omar;The Man
Bully;Omar;The Man
Ordinary Day;Omar;The Man
Fuck War Make Love (Sunlight Square Remix);Omar;The Man
The Man (Scratch Professer Retwist);Omar;The Man
High Heels;Omar;The Man
I Love Being with You;Omar;The Man
When You Touch We Touch;Omar;The Man
Simplify;Omar;The Man
The Man;Omar;The Man
Eeni Meeni Myni Mo;Omar;The Man
Can't Get Nowhere;Omar;For Pleasure
Need You Bad;Omar;For Pleasure
Magical Mystery Interlude;Omar;For Pleasure
Little Boy;Omar;For Pleasure
Saturday;Omar;For Pleasure
Keep Steppin';Omar;For Pleasure
Outside (Omar's LP Mix);Omar;For Pleasure
Magical Mystical Way;Omar;For Pleasure
For Pleasure;Omar;For Pleasure
Confection;Omar;For Pleasure
I'm Still Standing;Omar;For Pleasure
My Baby Says;Omar;For Pleasure
Making Sense of It;Omar;For Pleasure
Brighter The Days;Omar;Brighter The Days
This Thing Called Life;Omar;Brighter The Days
It's Gonna Be Alright;Omar;Brighter The Days
Research;Omar;Brighter The Days
1234;Omar;Brighter The Days
We Can Go Anywhere;Omar;Brighter The Days
Out of Sight (Interlude);Omar;Brighter The Days
Holding On To Life;Omar;Brighter The Days
Won't Let You Down;Omar;Brighter The Days
Latin Salsa;Omar;Brighter The Days
On My Own;Omar;Brighter The Days
There's Much Love In The World;Omar;Brighter The Days
I've Been Waiting;Omar;Brighter The Days
Love Is Like;Omar;Brighter The Days
Much 2 Much;Omar;Brighter The Days
Intro;Omar;Brighter The Days
Can We Go Out?;Omar;Brighter The Days
Lovey Dovey;Omar;Brighter The Days
Destiny;Omar;Love In Beats
Gave My Heart (DJ Jazzy Jeff Remix);Omar;Love In Beats
Gave My Heart (Rob Hardt Remix);Omar;Love In Beats
Doobie Doobie Doo;Omar;Love In Beats
Gave My Heart / It's so (Interlood);Omar;Love In Beats
Grey Clouds;Omar;Love In Beats
Insatiable;Omar;Love In Beats
Hold Me Closer;Omar;Love In Beats
Girl Talk;Omar;Love In Beats
That's Why;Omar;Love In Beats
Feeds My Mind;Omar;Love In Beats
Vicky's Tune (The Reflex Don't Stop Remix);Omar;Love In Beats
This Way, That Way;Omar;Love In Beats
Doobie Doobie Doo (The Scratch Professer Retwist);Omar;Love In Beats
Vicky's Tune;Omar;Love In Beats
Brainstorm;Omar;Love In Beats
I Want It to Be;Omar;Love In Beats
Doobie Doobie Doo (Tall Black Guy Remix);Omar;Love In Beats
Gave My Heart (SMBD Edit);Omar;Love In Beats
Déjà Vu;Omar;Love In Beats
Feeling You;Omar;Sing (If You Want It)
There's Nothing Like This (Live Version);Omar;Sing (If You Want It)
Your Mess;Omar;Sing (If You Want It)
Ghana Emotion;Omar;Sing (If You Want It)
Gimme Sum;Omar;Sing (If You Want It)
Stylin;Angie Stone;Sing (If You Want It)
Be a Man;Omar;Sing (If You Want It)
Get It Together;Omar;Sing (If You Want It)
I Want It;Omar;Sing (If You Want It)
Lay It Down;Omar;Sing (If You Want It)
All for Me;Omar;Sing (If You Want It)
Kiss It Right;Omar;Sing (If You Want It)
It's So;Omar;Sing (If You Want It)
Lift Off;Omar;Sing (If You Want It)
Gimme Sum (Vocal Version);Omar;Sing (If You Want It)
Stylin (Cool Million Rephunked);Omar;Sing (If You Want It)
Sing (If You Want It);Omar;Sing (If You Want It)
Stylin (VD3's Retro Funk Remix);Omar;Sing (If You Want It)
Say Nothin' (Original Version);Omar;This Is Not A Love Song
Lullaby;Omar;This Is Not A Love Song
Spring Step;Omar;This Is Not A Love Song
This Is Not A Love Song;Omar;This Is Not A Love Song
Say Nothin';Omar;This Is Not A Love Song
Waiting Game;Omar;This Is Not A Love Song
Fallin;Omar;This Is Not A Love Song
Music for the Pipe;Omar;This Is Not A Love Song
Golden Brown;Omar;This Is Not A Love Song
This is Not a Love Song (Intro);Omar;This Is Not A Love Song
Never Too Late (Long Version);Omar;This Is Not A Love Song
World Of You;Omar;This Is Not A Love Song
Wherever;Omar;This Is Not A Love Song
I'm In Love;Omar;There's Nothing Like This
There's Nothing Like This;Omar;There's Nothing Like This
Serious Style;Omar;There's Nothing Like This
Positive;Omar;There's Nothing Like This
You And Me;Omar;There's Nothing Like This
Stop Messing Around;Omar;There's Nothing Like This
Meaning Of Life;Omar;There's Nothing Like This
There's Nothing Like This (Remix);Omar;There's Nothing Like This
Fine (Acapella);Omar;There's Nothing Like This
It Don't Mean A Thing;Omar;There's Nothing Like This
I Don't Mind The Waiting;Omar;There's Nothing Like This
